node_id,jaccard
n2795,0.05263157894736842
n13011,0.05263157894736842
n4489,0.05263157894736842
n8925,0.17647058823529413
n22898,0.0
n4552,0.1111111111111111
n4352,0.05263157894736842
n15830,0.17647058823529413
n11339,0.1111111111111111
n19954,0.17647058823529413
n10083,0.05263157894736842
n1139,0.1111111111111111
n11677,0.0
n13508,0.25
n9362,0.0
n20429,0.25
n9704,0.0
n21345,0.42857142857142855
n7985,0.0
n19627,0.1111111111111111
n18810,0.1111111111111111
n21598,0.1111111111111111
n1683,0.1111111111111111
n11851,0.1111111111111111
n17357,0.05263157894736842
n5036,0.25
n10336,0.17647058823529413
n14515,0.05263157894736842
n21115,0.05263157894736842
n16014,0.17647058823529413
n9322,0.1111111111111111
n21594,0.0
n22362,0.05263157894736842
n11154,0.05263157894736842
n11460,0.1111111111111111
n5306,0.0
n13295,0.05263157894736842
n18706,0.0
n10185,0.0
n2576,0.3333333333333333
n15686,0.1111111111111111
n9204,0.1111111111111111
n6460,0.3333333333333333
n22740,0.17647058823529413
n9930,0.05263157894736842
n15336,0.17647058823529413
n5256,0.05263157894736842
n16119,0.17647058823529413
n220,0.05263157894736842
n1867,0.0
n20399,0.05263157894736842
n21782,0.0
n3770,0.05263157894736842
n19753,0.1111111111111111
n17462,0.1111111111111111
n5072,0.0
n2193,0.05263157894736842
n22643,0.1111111111111111
n9350,0.05263157894736842
n493,0.17647058823529413
n14970,0.05263157894736842
n14116,0.05263157894736842
n15898,0.05263157894736842
n12255,0.0
n17980,0.0
n6917,0.1111111111111111
n11690,0.25
n19050,0.1111111111111111
n20009,0.0
n21214,0.25
n7419,0.3333333333333333
n9495,0.3333333333333333
n12935,0.1111111111111111
n12426,0.0
n6968,0.05263157894736842
n13257,0.1111111111111111
n5997,0.05263157894736842
n6859,0.1111111111111111
n2445,0.1111111111111111
n4589,0.0
n4990,0.1111111111111111
n10590,0.17647058823529413
n3078,0.17647058823529413
n4554,0.25
n13743,0.0
n21750,0.3333333333333333
n10225,0.0
n18736,0.0
n20206,0.1111111111111111
n612,0.05263157894736842
n8980,0.05263157894736842
n20669,0.0
n8083,0.05263157894736842
n9271,0.1111111111111111
n9532,0.1111111111111111
n10262,0.05263157894736842
n11023,0.05263157894736842
n17665,0.3333333333333333
n20446,0.25
n274,0.17647058823529413
n17963,0.17647058823529413
n20883,0.1111111111111111
n6879,0.05263157894736842
n1754,0.05263157894736842
n6901,0.05263157894736842
n1513,0.17647058823529413
n591,0.1111111111111111
n9689,0.1111111111111111
n2832,0.1111111111111111
n13611,0.0
n17015,0.0
n8079,0.1111111111111111
n10686,0.05263157894736842
n12034,0.17647058823529413
n13620,0.25
n4158,0.05263157894736842
n12151,0.05263157894736842
n11605,0.05263157894736842
n6674,0.0
n18942,0.25
n14084,0.1111111111111111
n12461,0.05263157894736842
n4239,0.05263157894736842
n11803,0.1111111111111111
n3215,0.05263157894736842
n6769,0.0
n14509,0.1111111111111111
n8895,0.0
n1547,0.1111111111111111
n834,0.25
n13944,0.0
n5780,0.0
n17978,0.0
n19098,0.17647058823529413
n14781,0.25
n17151,0.17647058823529413
n22306,0.05263157894736842
n15011,0.17647058823529413
n5021,0.1111111111111111
n5073,0.17647058823529413
n20544,0.17647058823529413
n22052,0.05263157894736842
n21831,0.1111111111111111
n2686,0.05263157894736842
n763,0.0
n8217,0.0
n511,0.17647058823529413
n19092,0.17647058823529413
n7532,0.1111111111111111
n20653,0.0
n17396,0.0
n16997,0.0
n2343,0.05263157894736842
n178,0.05263157894736842
n9414,0.17647058823529413
n6558,0.05263157894736842
n6747,0.0
n20089,0.1111111111111111
n16871,0.3333333333333333
n4590,0.05263157894736842
n18038,0.17647058823529413
n11838,0.0
n11729,0.1111111111111111
n17966,0.05263157894736842
n19066,0.0
n1716,0.1111111111111111
n21331,0.17647058823529413
n15597,0.0
n13502,0.1111111111111111
n14719,0.5384615384615384
n13214,0.05263157894736842
n21735,0.0
n6266,0.17647058823529413
n4558,0.1111111111111111
n16966,0.25
n5335,0.0
n2015,0.0
n19731,0.05263157894736842
n12413,0.05263157894736842
n11158,0.0
n9773,0.0
n19052,0.0
n4520,0.0
n22365,0.25
n3279,0.0
n15921,0.0
n16276,0.0
n4584,0.05263157894736842
n348,0.1111111111111111
n6050,0.0
n1290,0.05263157894736842
n2054,0.17647058823529413
n18708,0.3333333333333333
n19386,0.05263157894736842
n19958,0.42857142857142855
n14610,0.05263157894736842
n15473,0.1111111111111111
n2305,0.05263157894736842
n7517,0.25
n21890,0.0
n6164,0.05263157894736842
n18652,0.0
n14489,0.05263157894736842
n20126,0.0
n15056,0.0
n15551,0.05263157894736842
n1183,0.25
n9030,0.05263157894736842
n9979,0.05263157894736842
n14099,0.05263157894736842
n22707,0.05263157894736842
n5172,0.05263157894736842
n12344,0.0
n1365,0.05263157894736842
n938,0.0
n1853,0.17647058823529413
n7536,0.1111111111111111
n12375,0.17647058823529413
n17175,0.25
n18346,0.0
n20171,0.17647058823529413
n20433,0.1111111111111111
n14034,0.1111111111111111
n16848,0.0
n15990,0.0
n1309,0.42857142857142855
n16058,0.0
n18359,0.05263157894736842
n22637,0.0
n647,0.17647058823529413
n10319,0.0
n10398,0.1111111111111111
n8005,0.05263157894736842
n13541,0.0
n13935,0.05263157894736842
n9014,0.17647058823529413
n17866,0.0
n19574,0.1111111111111111
n8295,0.1111111111111111
n6993,0.05263157894736842
n828,0.0
n21233,0.17647058823529413
n18518,0.0
n4041,0.3333333333333333
n4377,0.0
n8144,0.05263157894736842
n16417,0.05263157894736842
n14077,0.0
n15726,0.17647058823529413
n6530,0.1111111111111111
n4078,0.3333333333333333
n9703,0.17647058823529413
n16034,0.0
n20025,0.05263157894736842
n20608,0.1111111111111111
n3852,0.05263157894736842
n3003,0.0
n17395,0.0
n6405,0.25
n15436,0.05263157894736842
n15291,0.0
n8391,0.3333333333333333
n20620,0.1111111111111111
n7412,0.17647058823529413
n7627,0.0
n8330,0.3333333333333333
n19881,0.1111111111111111
n19185,0.1111111111111111
n7792,0.25
n17706,0.0
n14299,0.05263157894736842
n15846,0.25
n16261,0.1111111111111111
n1344,0.0
n11681,0.05263157894736842
n4403,0.05263157894736842
n216,0.05263157894736842
n22861,0.17647058823529413
n18875,0.1111111111111111
n13532,0.05263157894736842
n2334,0.3333333333333333
n3650,0.05263157894736842
n2781,0.05263157894736842
n3640,0.17647058823529413
n3750,0.05263157894736842
n4833,0.1111111111111111
n8365,0.05263157894736842
n12294,0.0
n1319,0.25
n3027,0.3333333333333333
n7068,0.0
n7424,0.25
n15863,0.25
n18,0.42857142857142855
n6535,0.17647058823529413
n17141,0.25
n15674,0.0
n18943,0.0
n19172,0.0
n6786,0.25
n18999,0.0
n1691,0.25
n1945,0.17647058823529413
n11356,0.05263157894736842
n18684,0.0
n1696,0.05263157894736842
n18958,0.5384615384615384
n1851,0.05263157894736842
n11308,0.05263157894736842
n11456,0.0
n2,0.05263157894736842
n8497,0.1111111111111111
n5033,0.0
n5030,0.5384615384615384
n16998,0.0
n4803,0.05263157894736842
n10574,0.0
n5291,0.05263157894736842
n3321,0.0
n19713,0.05263157894736842
n20045,0.17647058823529413
n20261,0.05263157894736842
n12674,0.1111111111111111
n21596,0.05263157894736842
n10217,0.0
n6559,0.1111111111111111
n11427,0.1111111111111111
n20329,0.25
n15724,0.0
n18747,0.3333333333333333
n11443,0.0
n17767,0.17647058823529413
n14290,0.0
n5516,0.17647058823529413
n12916,0.5384615384615384
n6311,0.05263157894736842
n4568,0.0
n16388,0.0
n18984,0.05263157894736842
n15277,0.0
n19307,0.0
n12586,0.0
n10310,0.05263157894736842
n1321,0.05263157894736842
n2066,0.17647058823529413
n6466,0.05263157894736842
n9330,0.05263157894736842
n7773,0.1111111111111111
n15716,0.1111111111111111
n18907,0.17647058823529413
n18759,0.42857142857142855
n21573,0.0
n15658,0.05263157894736842
n9769,0.05263157894736842
n15363,0.0
n12232,0.05263157894736842
n21244,0.05263157894736842
n1320,0.1111111111111111
n17017,0.05263157894736842
n1101,0.05263157894736842
n21130,0.0
n5672,0.0
n4853,0.0
n3875,0.0
n17119,0.0
n18658,0.0
n22225,0.05263157894736842
n11085,0.1111111111111111
n12144,0.25
n21482,0.25
n2835,0.17647058823529413
n4404,0.17647058823529413
n12926,0.0
n17391,0.0
n18607,0.1111111111111111
n4088,0.05263157894736842
n18877,0.05263157894736842
n8123,0.25
n1718,0.17647058823529413
n4338,0.0
n8996,0.1111111111111111
n4511,0.0
n10418,0.25
n15701,0.25
n20907,0.05263157894736842
n21234,0.17647058823529413
n6135,0.05263157894736842
n2975,0.1111111111111111
n1818,0.0
n6240,0.1111111111111111
n7405,0.1111111111111111
n15036,0.3333333333333333
n17890,0.0
n11653,0.05263157894736842
n13525,0.05263157894736842
n2483,0.0
n17958,0.0
n17282,0.0
n3738,0.25
n4711,0.0
n20099,0.25
n11714,0.0
n1906,0.05263157894736842
n20783,0.0
n11540,0.1111111111111111
n10361,0.05263157894736842
n6033,0.0
n15411,0.1111111111111111
n1394,0.0
n18589,0.05263157894736842
n5124,0.0
n5728,0.0
n1927,0.1111111111111111
n2246,0.05263157894736842
n8883,0.1111111111111111
n17594,0.0
n21809,0.0
n7248,0.25
n20609,0.3333333333333333
n10839,0.05263157894736842
n20197,0.0
n13882,0.05263157894736842
n14121,0.05263157894736842
n9032,0.0
n149,0.0
n3531,0.05263157894736842
n7354,0.25
n1953,0.0
n17078,0.17647058823529413
n16843,0.0
n17919,0.17647058823529413
n16035,0.0
n10226,0.0
n9848,0.0
n22862,0.17647058823529413
n10912,0.0
n3753,0.0
n19615,0.0
n18239,0.05263157894736842
n4888,0.05263157894736842
n12355,0.0
n17924,0.0
n1358,0.05263157894736842
n16731,0.0
n17826,0.0
n3136,0.0
n18107,0.1111111111111111
n9856,0.0
n9004,0.0
n11487,0.25
n22018,0.0
n16120,0.0
n4293,0.1111111111111111
n1187,0.05263157894736842
n16992,0.17647058823529413
n20956,0.25
n9506,0.05263157894736842
n7409,0.05263157894736842
n9927,0.1111111111111111
n5047,0.17647058823529413
n1131,0.05263157894736842
n14920,0.25
n16234,0.17647058823529413
n13046,0.05263157894736842
n13671,0.0
n13723,0.0
n13629,0.1111111111111111
n8830,0.5384615384615384
n10444,0.0
n262,0.17647058823529413
n3061,0.0
n19594,0.0
n21121,0.0
n830,0.1111111111111111
n11671,0.25
n21070,0.05263157894736842
n11128,0.25
n11739,0.05263157894736842
n16835,0.17647058823529413
n20444,0.42857142857142855
n908,0.1111111111111111
n22976,0.1111111111111111
n11012,0.25
n11029,0.1111111111111111
n13692,0.0
n20776,0.1111111111111111
n20981,0.0
n8598,0.0
n11320,0.17647058823529413
n12192,0.42857142857142855
n14859,0.1111111111111111
n14579,0.3333333333333333
n11248,0.25
n13950,0.1111111111111111
n361,0.1111111111111111
n18034,0.17647058823529413
n9766,0.05263157894736842
n19907,0.0
n3677,0.17647058823529413
n4920,0.1111111111111111
n3008,0.0
n3411,0.17647058823529413
n1881,0.1111111111111111
n15873,0.05263157894736842
n1328,0.05263157894736842
n9272,0.0
n9716,0.0
n10930,0.05263157894736842
n18327,0.0
n3950,0.0
n9525,0.05263157894736842
n7819,0.0
n20587,0.05263157894736842
n14007,0.05263157894736842
n13618,0.05263157894736842
n19952,0.0
n16929,0.1111111111111111
n22093,0.05263157894736842
n5709,0.05263157894736842
n22142,0.0
n7694,0.05263157894736842
n8281,0.1111111111111111
n9144,0.0
n13573,0.05263157894736842
n17350,0.17647058823529413
n22904,0.0
n10016,0.1111111111111111
n14774,0.0
n6145,0.25
n10242,0.17647058823529413
n17969,0.05263157894736842
n12275,0.0
n16071,0.05263157894736842
n15272,0.0
n13806,0.05263157894736842
n15537,0.1111111111111111
n2441,0.25
n4530,0.0
n17124,0.0
n4044,0.05263157894736842
n19167,0.1111111111111111
n20870,0.05263157894736842
n8429,0.0
n13814,0.17647058823529413
n7893,0.05263157894736842
n11099,0.05263157894736842
n9454,0.05263157894736842
n5093,0.17647058823529413
n19186,0.0
n6903,0.05263157894736842
n10186,0.17647058823529413
n10108,0.1111111111111111
n20695,0.1111111111111111
n7201,0.17647058823529413
n10880,0.1111111111111111
n14882,0.05263157894736842
n11788,0.1111111111111111
n1210,0.0
n2160,0.0
n3185,0.05263157894736842
n5197,0.0
n5338,0.1111111111111111
n8007,0.17647058823529413
n1934,0.0
n13085,0.17647058823529413
n8849,0.05263157894736842
n17620,0.1111111111111111
n18521,0.0
n18683,0.05263157894736842
n16438,0.0
n1676,0.0
n22048,0.0
n18562,0.0
n7592,0.0
n22835,0.0
n5504,0.05263157894736842
n500,0.0
n5956,0.05263157894736842
n18922,0.0
n2557,0.3333333333333333
n16027,0.05263157894736842
n4936,0.25
n6132,0.1111111111111111
n20756,0.05263157894736842
n21014,0.05263157894736842
n22278,0.3333333333333333
n4983,0.0
n14829,0.0
n16468,0.05263157894736842
n269,0.25
n2073,0.05263157894736842
n18244,0.1111111111111111
n20846,0.0
n17566,0.25
n1793,0.0
n6707,0.3333333333333333
n12490,0.1111111111111111
n2530,0.5384615384615384
n11938,0.0
n14567,0.0
n2703,0.05263157894736842
n12442,0.1111111111111111
n18009,0.1111111111111111
n4818,0.0
n6250,0.0
n18981,0.17647058823529413
n1679,0.0
n17296,0.0
n1792,0.0
n12743,0.3333333333333333
n15971,0.05263157894736842
n4754,0.25
n10046,0.1111111111111111
n3619,0.1111111111111111
n1437,0.3333333333333333
n5953,0.1111111111111111
n10438,0.17647058823529413
n13780,0.0
n1528,0.05263157894736842
n5575,0.0
n1708,0.0
n15719,0.05263157894736842
n20386,0.0
n16250,0.1111111111111111
n19082,0.17647058823529413
n7389,0.17647058823529413
n13356,0.42857142857142855
n4488,0.0
n20815,0.0
n4544,0.05263157894736842
n16262,0.1111111111111111
n1167,0.05263157894736842
n7744,0.25
n21607,0.05263157894736842
n21728,0.05263157894736842
n8026,0.25
n17849,0.05263157894736842
n1935,0.0
n16210,0.05263157894736842
n13553,0.0
n5075,0.3333333333333333
n12704,0.0
n13402,0.05263157894736842
n4561,0.1111111111111111
n19139,0.17647058823529413
n22811,0.0
n18957,0.0
n2256,0.25
n8147,0.1111111111111111
n2907,0.25
n7152,0.0
n10007,0.05263157894736842
n20458,0.05263157894736842
n21440,0.05263157894736842
n749,0.05263157894736842
n16301,0.17647058823529413
n234,0.0
n9065,0.05263157894736842
n19978,0.05263157894736842
n6871,0.0
n2356,0.17647058823529413
n11558,0.05263157894736842
n21999,0.1111111111111111
n17356,0.05263157894736842
n15845,0.17647058823529413
n10031,0.05263157894736842
n3457,0.0
n4223,0.05263157894736842
n17508,0.05263157894736842
n17093,0.1111111111111111
n19657,0.3333333333333333
n19013,0.0
n18482,0.1111111111111111
n11358,0.0
n13258,0.1111111111111111
n14672,0.17647058823529413
n10022,0.05263157894736842
n10886,0.1111111111111111
n17865,0.05263157894736842
n6452,0.0
n5156,0.0
n17949,0.0
n16158,0.05263157894736842
n18206,0.1111111111111111
n10517,0.1111111111111111
n18890,0.17647058823529413
n6538,0.17647058823529413
n9791,0.05263157894736842
n17087,0.1111111111111111
n5051,0.1111111111111111
n17329,0.0
n9236,0.0
n9327,0.05263157894736842
n16879,0.3333333333333333
n7942,0.05263157894736842
n11644,0.17647058823529413
n21153,0.1111111111111111
n21420,0.17647058823529413
n3231,0.0
n4873,0.5384615384615384
n17453,0.0
n617,0.05263157894736842
n4841,0.1111111111111111
n1729,0.42857142857142855
n4131,0.3333333333333333
n16443,0.25
n7703,0.05263157894736842
n15995,0.1111111111111111
n6079,0.17647058823529413
n9315,0.0
n15137,0.0
n21152,0.0
n19028,0.0
n15672,0.05263157894736842
n5148,0.05263157894736842
n6533,0.1111111111111111
n17518,0.1111111111111111
n19847,0.05263157894736842
n9651,0.05263157894736842
n9280,0.0
n14755,0.0
n16824,0.0
n18303,0.05263157894736842
n18069,0.05263157894736842
n19202,0.17647058823529413
n5355,0.42857142857142855
n6847,0.25
n8265,0.05263157894736842
n836,0.1111111111111111
n4507,0.05263157894736842
n17570,0.1111111111111111
n6756,0.3333333333333333
n11760,0.25
n13865,0.3333333333333333
n14591,0.0
n18409,0.17647058823529413
n18236,0.17647058823529413
n17058,0.05263157894736842
n18758,0.17647058823529413
n9678,0.1111111111111111
n3869,0.05263157894736842
n18987,0.17647058823529413
n3872,0.1111111111111111
n1084,0.1111111111111111
n3182,0.05263157894736842
n3362,0.17647058823529413
n17638,0.1111111111111111
n22580,0.0
n6377,0.0
n8834,0.0
n14459,0.0
n4494,0.0
n18774,0.1111111111111111
n1544,0.17647058823529413
n10784,0.0
n19011,0.17647058823529413
n14817,0.05263157894736842
n9937,0.25
n15545,0.1111111111111111
n16464,0.05263157894736842
n6782,0.42857142857142855
n20788,0.05263157894736842
n22445,0.05263157894736842
n15818,0.42857142857142855
n7530,0.1111111111111111
n18966,0.05263157894736842
n1412,0.0
n21546,0.1111111111111111
n21357,0.1111111111111111
n1355,0.1111111111111111
n17430,0.05263157894736842
n21946,0.0
n15477,0.1111111111111111
n13579,0.05263157894736842
n2136,0.0
n21265,0.05263157894736842
n15409,0.0
n19711,0.0
n5939,0.0
n17750,0.0
n3155,0.0
n1380,0.5384615384615384
n5864,0.0
n7374,0.0
n13707,0.05263157894736842
n15989,0.25
n245,0.17647058823529413
n17982,0.0
n18460,0.05263157894736842
n18527,0.1111111111111111
n20074,0.05263157894736842
n22367,0.17647058823529413
n19805,0.05263157894736842
n3018,0.0
n14967,0.05263157894736842
n1229,0.05263157894736842
n10631,0.1111111111111111
n19265,0.0
n5176,0.3333333333333333
n13390,0.05263157894736842
n3241,0.05263157894736842
n13784,0.25
n5221,0.1111111111111111
n7430,0.05263157894736842
n9774,0.05263157894736842
n3403,0.05263157894736842
n13432,0.17647058823529413
n6315,0.05263157894736842
n8554,0.0
n16386,0.0
n20949,0.05263157894736842
n21614,0.0
n6267,0.0
n10300,0.0
n21850,0.0
n4370,0.05263157894736842
n74,0.1111111111111111
n13421,0.0
n8884,0.1111111111111111
n15581,0.0
n17159,0.05263157894736842
n14652,0.0
n22344,0.1111111111111111
n12644,0.05263157894736842
n2140,0.1111111111111111
n4119,0.0
n5805,0.1111111111111111
n8529,0.05263157894736842
n14957,0.05263157894736842
n17253,0.25
n17596,0.1111111111111111
n24,0.1111111111111111
n13473,0.25
n6418,0.17647058823529413
n4431,0.0
n17572,0.0
n8032,0.05263157894736842
n17954,0.17647058823529413
n8533,0.17647058823529413
n21315,0.0
n4893,0.0
n16562,0.05263157894736842
n353,0.1111111111111111
n10058,0.0
n10610,0.05263157894736842
n18920,0.05263157894736842
n6766,0.0
n21799,0.05263157894736842
n4425,0.05263157894736842
n12699,0.05263157894736842
n15778,0.17647058823529413
n5369,0.05263157894736842
n6113,0.0
n249,0.0
n10821,0.17647058823529413
n10334,0.05263157894736842
n4300,0.0
n710,0.1111111111111111
n10453,0.0
n13014,0.17647058823529413
n4528,0.0
n13320,0.17647058823529413
n18584,0.05263157894736842
n20855,0.0
n2104,0.17647058823529413
n4149,0.17647058823529413
n5141,0.0
n2878,0.0
n9915,0.05263157894736842
n2709,0.0
n9857,0.0
n11429,0.0
n13853,0.25
n19051,0.1111111111111111
n20476,0.05263157894736842
n7293,0.3333333333333333
n8721,0.3333333333333333
n17132,0.05263157894736842
n22385,0.05263157894736842
n2740,0.0
n1669,0.42857142857142855
n11959,0.0
n10612,0.05263157894736842
n7337,0.17647058823529413
n18369,0.0
n1870,0.0
n15746,0.17647058823529413
n12784,0.17647058823529413
n14905,0.42857142857142855
n1317,0.05263157894736842
n7469,0.05263157894736842
n5601,0.25
n9308,0.05263157894736842
n17835,0.25
n18956,0.5384615384615384
n9105,0.17647058823529413
n16211,0.05263157894736842
n10552,0.0
n19541,0.0
n5101,0.0
n14371,0.17647058823529413
n13387,0.17647058823529413
n18919,0.17647058823529413
n11571,0.25
n21877,0.1111111111111111
n1653,0.05263157894736842
n6639,0.0
n8161,0.1111111111111111
n9223,0.05263157894736842
n15906,0.05263157894736842
n10435,0.42857142857142855
n15278,0.25
n1936,0.05263157894736842
n15486,0.17647058823529413
n7206,0.17647058823529413
n14830,0.05263157894736842
n12017,0.3333333333333333
n6880,0.05263157894736842
n8910,0.1111111111111111
n6054,0.0
n20478,0.05263157894736842
n1491,0.0
n5403,0.0
n3477,0.1111111111111111
n21708,0.17647058823529413
n9711,0.3333333333333333
n10741,0.1111111111111111
n17263,0.1111111111111111
n12677,0.0
n4080,0.05263157894736842
n14884,0.0
n3057,0.0
n8188,0.1111111111111111
n16674,0.0
n22386,0.17647058823529413
n21838,0.1111111111111111
n6027,0.1111111111111111
n10029,0.1111111111111111
n15169,0.0
n8187,0.17647058823529413
n840,0.0
n10605,0.05263157894736842
n4843,0.05263157894736842
n1273,0.05263157894736842
n21376,0.0
n9302,0.05263157894736842
n5035,0.25
n13245,0.1111111111111111
n18682,0.05263157894736842
n18166,0.05263157894736842
n4866,0.0
n21298,0.0
n14038,0.17647058823529413
n8121,0.17647058823529413
n9691,0.3333333333333333
n20895,0.25
n4524,0.05263157894736842
n9121,0.17647058823529413
n18936,0.05263157894736842
n18717,0.1111111111111111
n2242,0.05263157894736842
n22315,0.25
n11306,0.25
n20542,0.05263157894736842
n16182,0.17647058823529413
n4412,0.0
n8922,0.17647058823529413
n8843,0.0
n10431,0.05263157894736842
n8973,0.05263157894736842
n18152,0.1111111111111111
n6399,0.0
n11538,0.25
n8247,0.0
n18120,0.17647058823529413
n14588,0.05263157894736842
n13037,0.05263157894736842
n14466,0.0
n21995,0.0
n7666,0.0
n5998,0.0
n16065,0.0
n21145,0.05263157894736842
n22000,0.0
n4275,0.05263157894736842
n13824,0.0
n1590,0.3333333333333333
n15055,0.0
n2821,0.05263157894736842
n2698,0.05263157894736842
n3509,0.25
n1847,0.05263157894736842
n6614,0.05263157894736842
n16865,0.3333333333333333
n976,0.0
n1488,0.0
n14879,0.05263157894736842
n3728,0.05263157894736842
n9999,0.05263157894736842
n10701,0.05263157894736842
n15904,0.1111111111111111
n17488,0.05263157894736842
n1042,0.05263157894736842
n1165,0.0
n15780,0.17647058823529413
n14649,0.1111111111111111
n6675,0.1111111111111111
n327,0.1111111111111111
n10566,0.0
n9440,0.1111111111111111
n13277,0.0
n20971,0.3333333333333333
n14057,0.17647058823529413
n13377,0.17647058823529413
n9196,0.1111111111111111
n3807,0.0
n18676,0.05263157894736842
n9952,0.17647058823529413
n20658,0.05263157894736842
n2916,0.05263157894736842
n20168,0.0
n18996,0.0
n2606,0.05263157894736842
n2410,0.05263157894736842
n10317,0.0
n18631,0.1111111111111111
n14582,0.05263157894736842
n7207,0.0
n21385,0.1111111111111111
n15835,0.17647058823529413
n20378,0.0
n4445,0.0
n6448,0.0
n18674,0.05263157894736842
n17930,0.1111111111111111
n8355,0.05263157894736842
n4,0.05263157894736842
n14037,0.0
n12326,0.17647058823529413
n18267,0.1111111111111111
n5866,0.17647058823529413
n13481,0.0
n22935,0.0
n11712,0.25
n5064,0.3333333333333333
n22309,0.25
n311,0.1111111111111111
n16645,0.0
n19709,0.0
n15905,0.05263157894736842
n9961,0.17647058823529413
n2732,0.25
n14875,0.0
n18122,0.05263157894736842
n12051,0.05263157894736842
n11009,0.05263157894736842
n3843,0.0
n1926,0.0
n18975,0.0
n1501,0.17647058823529413
n6937,0.1111111111111111
n11961,0.3333333333333333
n13082,0.05263157894736842
n344,0.0
n10233,0.1111111111111111
n16141,0.1111111111111111
n18250,0.0
n20804,0.0
n16603,0.17647058823529413
n12422,0.17647058823529413
n6813,0.05263157894736842
n17198,0.0
n11051,0.05263157894736842
n8131,0.0
n5334,0.05263157894736842
n16611,0.1111111111111111
n8227,0.0
n20948,0.1111111111111111
n5814,0.0
n9022,0.05263157894736842
n9429,0.17647058823529413
n7879,0.0
n9353,0.0
n6881,0.0
n11326,0.0
n2744,0.1111111111111111
n14375,0.0
n476,0.05263157894736842
n8375,0.1111111111111111
n8658,0.05263157894736842
n22807,0.05263157894736842
n3234,0.0
n10400,0.1111111111111111
n15740,0.1111111111111111
n16179,0.17647058823529413
n19515,0.1111111111111111
n20091,0.1111111111111111
n13852,0.1111111111111111
n254,0.42857142857142855
n16193,0.17647058823529413
n11278,0.05263157894736842
n21733,0.05263157894736842
n2224,0.25
n1177,0.0
n18164,0.3333333333333333
n19578,0.3333333333333333
n9874,0.05263157894736842
n1838,0.25
n1250,0.05263157894736842
n6029,0.1111111111111111
n2906,0.05263157894736842
n1755,0.0
n20299,0.1111111111111111
n17388,0.0
n20175,0.05263157894736842
n3639,0.25
n2727,0.1111111111111111
n5962,0.05263157894736842
n12732,0.17647058823529413
n8551,0.0
n20339,0.05263157894736842
n21736,0.05263157894736842
n22411,0.05263157894736842
n16833,0.0
n16283,0.05263157894736842
n5875,0.1111111111111111
n8871,0.1111111111111111
n3635,0.17647058823529413
n13348,0.0
n17819,0.3333333333333333
n22912,0.1111111111111111
n10449,0.05263157894736842
n8606,0.6666666666666666
n14152,0.1111111111111111
n18879,0.0
n19018,0.25
n7570,0.17647058823529413
n4001,0.17647058823529413
n10470,0.05263157894736842
n14177,0.3333333333333333
n14280,0.1111111111111111
n17144,0.17647058823529413
n14493,0.0
n7647,0.0
n10428,0.1111111111111111
n22077,0.05263157894736842
n4484,0.1111111111111111
n14753,0.05263157894736842
n535,0.05263157894736842
n19395,0.05263157894736842
n4512,0.17647058823529413
n12411,0.0
n6574,0.17647058823529413
n4688,0.25
n5308,0.0
n12518,0.05263157894736842
n20914,0.1111111111111111
n8430,0.0
n5720,0.1111111111111111
n2653,0.0
n1812,0.17647058823529413
n4634,0.1111111111111111
n5869,0.0
n4220,0.05263157894736842
n15074,0.25
n6523,0.0
n7216,0.05263157894736842
n9340,0.05263157894736842
n13816,0.1111111111111111
n15829,0.3333333333333333
n2144,0.05263157894736842
n6191,0.0
n18301,0.17647058823529413
n16883,0.05263157894736842
n7816,0.0
n22493,0.0
n3417,0.05263157894736842
n7600,0.05263157894736842
n2123,0.0
n3842,0.25
n8207,0.0
n1695,0.0
n4441,0.1111111111111111
n22828,0.05263157894736842
n18570,0.05263157894736842
n1416,0.1111111111111111
n10326,0.05263157894736842
n7277,0.17647058823529413
n3349,0.05263157894736842
n6024,0.0
n19511,0.05263157894736842
n14863,0.05263157894736842
n11800,0.25
n15138,0.0
n9264,0.0
n20657,0.05263157894736842
n8767,0.05263157894736842
n367,0.0
n13217,0.05263157894736842
n11275,0.0
n7290,0.1111111111111111
n20730,0.0
n10637,0.1111111111111111
n2008,0.1111111111111111
n668,0.1111111111111111
n21547,0.05263157894736842
n4547,0.0
n13437,0.1111111111111111
n4346,0.1111111111111111
n10019,0.17647058823529413
n10441,0.25
n18908,0.05263157894736842
n4737,0.0
n6158,0.05263157894736842
n7957,0.0
n21769,0.05263157894736842
n4611,0.05263157894736842
n11160,0.1111111111111111
n5961,0.17647058823529413
n1115,0.0
n17351,0.05263157894736842
n632,0.0
n20711,0.05263157894736842
n15603,0.05263157894736842
n7863,0.05263157894736842
n11784,0.25
n15732,0.0
n6327,0.0
n14926,0.0
n15883,0.0
n5123,0.1111111111111111
n7749,0.05263157894736842
n11351,0.1111111111111111
n11603,0.05263157894736842
n15972,0.25
n21508,0.1111111111111111
n629,0.0
n1520,0.0
n7990,0.42857142857142855
n8228,0.1111111111111111
n1517,0.1111111111111111
n15433,0.0
n22242,0.3333333333333333
n6922,0.42857142857142855
n10954,0.0
n7717,0.0
n228,0.05263157894736842
n15164,0.0
n19698,0.0
n9067,0.17647058823529413
n13677,0.25
n10194,0.25
n13980,0.05263157894736842
n7203,0.0
n2759,0.0
n3260,0.0
n12011,0.17647058823529413
n20084,0.05263157894736842
n3563,0.17647058823529413
n19005,0.1111111111111111
n9757,0.05263157894736842
n13351,0.17647058823529413
n15360,0.0
n11767,0.17647058823529413
n1836,0.05263157894736842
n9924,0.05263157894736842
n18018,0.17647058823529413
n3389,0.1111111111111111
n15959,0.0
n16875,0.25
n17943,0.0
n4717,0.0
n1876,0.0
n10628,0.17647058823529413
n4211,0.1111111111111111
n20461,0.05263157894736842
n21801,0.1111111111111111
n10694,0.5384615384615384
n13375,0.3333333333333333
n966,0.1111111111111111
n17163,0.05263157894736842
n14634,0.0
n10654,0.0
n3429,0.0
n3780,0.05263157894736842
n21116,0.1111111111111111
n610,0.25
n18884,0.0
n17113,0.0
n21146,0.1111111111111111
n18240,0.17647058823529413
n953,0.3333333333333333
n6742,0.05263157894736842
n6040,0.0
n11027,0.1111111111111111
n18642,0.25
n750,0.17647058823529413
n1498,0.05263157894736842
n16491,0.1111111111111111
n20317,0.1111111111111111
n10051,0.1111111111111111
n22023,0.0
n21535,0.1111111111111111
n17072,0.0
n8054,0.05263157894736842
n20854,0.05263157894736842
n21429,0.05263157894736842
n18446,0.0
n20276,0.0
n14219,0.0
n9838,0.0
n10073,0.05263157894736842
n7931,0.05263157894736842
n1137,0.17647058823529413
n9358,0.1111111111111111
n5817,0.0
n21797,0.0
n723,0.0
n6930,0.0
n12052,0.0
n15677,0.05263157894736842
n10505,0.25
n10591,0.05263157894736842
n4533,0.0
n21074,0.05263157894736842
n1693,0.0
n16656,0.0
n19500,0.3333333333333333
n2092,0.0
n15542,0.05263157894736842
n11699,0.05263157894736842
n19128,0.05263157894736842
n22165,0.0
n18125,0.17647058823529413
n4264,0.05263157894736842
n19951,0.0
n4935,0.25
n18663,0.1111111111111111
n20926,0.05263157894736842
n1332,0.0
n16978,0.0
n4652,0.05263157894736842
n10118,0.05263157894736842
n4281,0.05263157894736842
n13299,0.1111111111111111
n7365,0.1111111111111111
n8981,0.05263157894736842
n4698,0.05263157894736842
n10560,0.1111111111111111
n5347,0.17647058823529413
n3744,0.17647058823529413
n2648,0.0
n9079,0.0
n20085,0.1111111111111111
n14754,0.0
n8350,0.5384615384615384
n6331,0.0
n17423,0.3333333333333333
n8696,0.1111111111111111
n8828,0.17647058823529413
n18201,0.0
n18769,0.05263157894736842
n9720,0.17647058823529413
n21786,0.0
n520,0.05263157894736842
n7740,0.17647058823529413
n5167,0.0
n20468,0.0
n10099,0.17647058823529413
n7247,0.05263157894736842
n13433,0.0
n3593,0.17647058823529413
n6444,0.05263157894736842
n21436,0.0
n4939,0.0
n279,0.3333333333333333
n10138,0.0
n965,0.05263157894736842
n2448,0.1111111111111111
n14196,0.17647058823529413
n20915,0.3333333333333333
n22600,0.1111111111111111
n18698,0.05263157894736842
n10190,0.1111111111111111
n4951,0.1111111111111111
n6255,0.0
n11544,0.0
n16857,0.05263157894736842
n16267,0.17647058823529413
n19637,0.25
n15476,0.05263157894736842
n19101,0.3333333333333333
n9728,0.05263157894736842
n13929,0.17647058823529413
n14264,0.0
n21123,0.0
n4013,0.25
n13347,0.05263157894736842
n15932,0.25
n6180,0.05263157894736842
n988,0.0
n11171,0.0
n6061,0.0
n12032,0.0
n9070,0.1111111111111111
n802,0.05263157894736842
n13560,0.17647058823529413
n8615,0.1111111111111111
n6044,0.17647058823529413
n9869,0.0
n3547,0.05263157894736842
n9339,0.0
n15489,0.05263157894736842
n5337,0.0
n9391,0.0
n17368,0.42857142857142855
n20101,0.0
n1300,0.0
n2531,0.0
n9304,0.05263157894736842
n10353,0.0
n10606,0.05263157894736842
n14070,0.05263157894736842
n6687,0.6666666666666666
n13770,0.17647058823529413
n10522,0.1111111111111111
n18184,0.1111111111111111
n10586,0.05263157894736842
n16979,0.1111111111111111
n8070,0.1111111111111111
n17313,0.0
n15840,0.05263157894736842
n8589,0.17647058823529413
n19086,0.0
n1163,0.0
n12642,0.05263157894736842
n8838,0.0
n8327,0.0
n21156,0.0
n17465,0.1111111111111111
n14409,0.17647058823529413
n21186,0.42857142857142855
n20701,0.1111111111111111
n6736,0.0
n2548,0.05263157894736842
n1377,0.0
n17218,0.17647058823529413
n14239,0.1111111111111111
n13104,0.17647058823529413
n15994,0.1111111111111111
n16104,0.05263157894736842
n16420,0.17647058823529413
n15366,0.25
n1296,0.0
n9554,0.0
n15192,0.0
n21131,0.17647058823529413
n19630,0.0
n7083,0.17647058823529413
n6208,0.1111111111111111
n6428,0.1111111111111111
n8946,0.42857142857142855
n14129,0.0
n18175,0.05263157894736842
n21022,0.0
n15531,0.1111111111111111
n10413,0.1111111111111111
n4973,0.05263157894736842
n9040,0.17647058823529413
n5025,0.0
n480,0.05263157894736842
n9629,0.05263157894736842
n3548,0.1111111111111111
n21295,0.1111111111111111
n21649,0.0
n2767,0.17647058823529413
n3399,0.0
n5530,0.42857142857142855
n2499,0.1111111111111111
n3997,0.0
n16644,0.0
n19546,0.05263157894736842
n2145,0.0
n12199,0.05263157894736842
n15890,0.25
n3108,0.0
n6861,0.25
n3455,0.05263157894736842
n19467,0.05263157894736842
n19192,0.17647058823529413
n18797,0.17647058823529413
n4517,0.1111111111111111
n1835,0.0
n6703,0.42857142857142855
n18694,0.25
n16144,0.0
n8470,0.05263157894736842
n21200,0.0
n9986,0.17647058823529413
n4625,0.0
n16830,0.05263157894736842
n5525,0.0
n1376,0.3333333333333333
n17909,0.25
n2382,0.0
n8040,0.05263157894736842
n16382,0.0
n19149,0.17647058823529413
n10358,0.0
n14337,0.17647058823529413
n15323,0.17647058823529413
n10124,0.0
n8519,0.25
n8968,0.0
n9141,0.0
n3094,0.05263157894736842
n15573,0.1111111111111111
n6545,0.1111111111111111
n21374,0.25
n22310,0.1111111111111111
n1717,0.1111111111111111
n6691,0.05263157894736842
n20404,0.0
n16217,0.05263157894736842
n16506,0.05263157894736842
n11198,0.1111111111111111
n358,0.25
n7772,0.05263157894736842
n9658,0.05263157894736842
n13399,0.05263157894736842
n4794,0.1111111111111111
n19857,0.05263157894736842
n11492,0.0
n15745,0.17647058823529413
n17117,0.05263157894736842
n14997,0.25
n4525,0.25
n13849,0.0
n15490,0.3333333333333333
n16653,0.25
n18011,0.05263157894736842
n18972,0.1111111111111111
n19336,0.0
n2680,0.0
n4208,0.0
n6883,0.25
n4869,0.17647058823529413
n3259,0.0
n15621,0.1111111111111111
n11464,0.0
n12284,0.0
n3868,0.05263157894736842
n9145,0.0
n12832,0.0
n6090,0.0
n10685,0.05263157894736842
n11839,0.05263157894736842
n10577,0.0
n13977,0.25
n6862,0.05263157894736842
n14330,0.17647058823529413
n3386,0.1111111111111111
n7922,0.05263157894736842
n9177,0.0
n1162,0.05263157894736842
n1523,0.05263157894736842
n9365,0.05263157894736842
n10206,0.05263157894736842
n14353,0.1111111111111111
n16896,0.1111111111111111
n19547,0.17647058823529413
n18516,0.0
n22187,0.05263157894736842
n20978,0.1111111111111111
n5442,0.0
n9776,0.3333333333333333
n13373,0.1111111111111111
n21426,0.0
n4333,0.05263157894736842
n5134,0.05263157894736842
n18165,0.0
n9456,0.0
n1372,0.0
n212,0.0
n18004,0.1111111111111111
n11755,0.0
n14976,0.1111111111111111
n16862,0.17647058823529413
n2434,0.1111111111111111
n13622,0.05263157894736842
n6459,0.0
n146,0.25
n12327,0.17647058823529413
n18692,0.05263157894736842
n11695,0.05263157894736842
n22349,0.05263157894736842
n14300,0.05263157894736842
n19982,0.1111111111111111
n1379,0.17647058823529413
n20664,0.0
n3906,0.25
n21893,0.0
n16294,0.17647058823529413
n6175,0.0
n15488,0.25
n21529,0.0
n17466,0.25
n16362,0.3333333333333333
n20102,0.0
n6333,0.1111111111111111
n20436,0.17647058823529413
n17906,0.05263157894736842
n10748,0.0
n12443,0.05263157894736842
n15761,0.05263157894736842
n19165,0.1111111111111111
n11457,0.17647058823529413
n11945,0.0
n7960,0.0
n21552,0.0
n20781,0.0
n7653,0.05263157894736842
n17721,0.05263157894736842
n11663,0.0
n1874,0.05263157894736842
n10008,0.05263157894736842
n6042,0.0
n8099,0.0
n22067,0.1111111111111111
n21690,0.0
n3697,0.0
n10394,0.25
n9875,0.0
n10397,0.3333333333333333
n16061,0.1111111111111111
n2726,0.17647058823529413
n16851,0.05263157894736842
n4532,0.0
n19194,0.3333333333333333
n22896,0.0
n22863,0.0
n13873,0.05263157894736842
n14654,0.1111111111111111
n12471,0.1111111111111111
n8095,0.1111111111111111
n6672,0.17647058823529413
n20639,0.05263157894736842
n18583,0.0
n16203,0.0
n9190,0.25
n11033,0.25
n5392,0.17647058823529413
n7168,0.0
n7733,0.05263157894736842
n4206,0.0
n8423,0.1111111111111111
n10826,0.25
n7418,0.25
n16711,0.25
n4993,0.0
n14923,0.1111111111111111
n7129,0.0
n6980,0.05263157894736842
n531,0.17647058823529413
n10485,0.05263157894736842
n12455,0.0
n14881,0.0
n9471,0.05263157894736842
n21504,0.3333333333333333
n2602,0.05263157894736842
n19525,0.1111111111111111
n15191,0.05263157894736842
n16064,0.17647058823529413
n2972,0.05263157894736842
n8585,0.3333333333333333
n2254,0.0
n5482,0.0
n5560,0.0
n9464,0.05263157894736842
n7521,0.0
n1764,0.1111111111111111
n7436,0.17647058823529413
n1621,0.05263157894736842
n4137,0.3333333333333333
n19629,0.1111111111111111
n16029,0.0
n5100,0.0
n1808,0.3333333333333333
n8409,0.25
n13717,0.0
n12088,0.0
n19035,0.0
n20139,0.42857142857142855
n21532,0.0
n1843,0.05263157894736842
n18591,0.0
n19117,0.05263157894736842
n15356,0.0
n463,0.17647058823529413
n6101,0.1111111111111111
n7217,0.42857142857142855
n7049,0.1111111111111111
n7920,0.05263157894736842
n10877,0.05263157894736842
n9238,0.1111111111111111
n13771,0.1111111111111111
n6450,0.25
n10533,0.17647058823529413
n21563,0.0
n7098,0.0
n15339,0.25
n727,0.17647058823529413
n8823,0.0
n17621,0.25
n19031,0.25
n3144,0.42857142857142855
n8486,0.05263157894736842
n14144,0.0
n9722,0.25
n16795,0.0
n18649,0.3333333333333333
n4437,0.3333333333333333
n15737,0.1111111111111111
n2789,0.0
n14762,0.25
n3026,0.25
n18855,0.0
n3858,0.05263157894736842
n4012,0.0
n2603,0.05263157894736842
n9300,0.0
n5890,0.0
n18582,0.17647058823529413
n4964,0.1111111111111111
n19331,0.05263157894736842
n19672,0.05263157894736842
n3757,0.05263157894736842
n6541,0.0
n2421,0.17647058823529413
n8801,0.1111111111111111
n13121,0.0
n6436,0.17647058823529413
n1645,0.0
n9355,0.05263157894736842
n17624,0.05263157894736842
n17373,0.1111111111111111
n3714,0.1111111111111111
n6539,0.25
n19144,0.25
n9133,0.25
n13828,0.0
n18362,0.05263157894736842
n7512,0.17647058823529413
n12219,0.0
n21071,0.0
n9044,0.0
n15920,0.17647058823529413
n12539,0.17647058823529413
n18210,0.1111111111111111
n14067,0.0
n6440,0.05263157894736842
n859,0.05263157894736842
n12594,0.05263157894736842
n5350,0.0
n19150,0.42857142857142855
n17654,0.1111111111111111
n11693,0.0
n6758,0.17647058823529413
n18315,0.0
n621,0.05263157894736842
n15238,0.0
n21659,0.1111111111111111
n10221,0.0
n3358,0.0
n18043,0.0
n18697,0.1111111111111111
n2311,0.05263157894736842
n1433,0.1111111111111111
n10228,0.0
n17031,0.1111111111111111
n18143,0.3333333333333333
n11789,0.25
n18930,0.0
n8260,0.0
n676,0.1111111111111111
n21599,0.0
n20344,0.05263157894736842
n14315,0.3333333333333333
n5733,0.0
n22082,0.0
n19392,0.0
n16845,0.05263157894736842
n18817,0.1111111111111111
n10848,0.0
n6715,0.05263157894736842
n7869,0.05263157894736842
n3175,0.0
n11637,0.0
n16831,0.0
n4049,0.0
n9248,0.1111111111111111
n15871,0.1111111111111111
n8906,0.1111111111111111
n10526,0.0
n1644,0.17647058823529413
n6161,0.17647058823529413
n14525,0.42857142857142855
n16013,0.25
n17059,0.3333333333333333
n18880,0.05263157894736842
n5193,0.0
n19737,0.05263157894736842
n20505,0.17647058823529413
n6134,0.17647058823529413
n4621,0.0
n4026,0.05263157894736842
n11590,0.17647058823529413
n21304,0.0
n1283,0.0
n10885,0.0
n17896,0.0
n5588,0.1111111111111111
n21447,0.05263157894736842
n10850,0.05263157894736842
n11763,0.17647058823529413
n4828,0.05263157894736842
n12549,0.0
n6654,0.05263157894736842
n19049,0.1111111111111111
n2351,0.05263157894736842
n15456,0.1111111111111111
n12086,0.0
n18182,0.05263157894736842
n11147,0.05263157894736842
n20322,0.1111111111111111
n1549,0.1111111111111111
n21676,0.05263157894736842
n364,0.0
n21625,0.05263157894736842
n21620,0.0
n7215,0.3333333333333333
n19335,0.05263157894736842
n1743,0.0
n6963,0.17647058823529413
n15612,0.17647058823529413
n17374,0.1111111111111111
n14960,0.25
n22,0.25
n19834,0.05263157894736842
n6884,0.1111111111111111
n11786,0.17647058823529413
n15944,0.0
n20823,0.0
n7640,0.1111111111111111
n13786,0.0
n10929,0.1111111111111111
n10127,0.17647058823529413
n20466,0.25
n21185,0.25
n11944,0.05263157894736842
n18974,0.05263157894736842
n9081,0.17647058823529413
n20531,0.05263157894736842
n6351,0.17647058823529413
n21567,0.0
n21088,0.17647058823529413
n4258,0.0
n3652,0.1111111111111111
n4411,0.1111111111111111
n20499,0.0
n21933,0.0
n19645,0.0
n1916,0.0
n11359,0.0
n3339,0.05263157894736842
n15923,0.1111111111111111
n3781,0.05263157894736842
n8550,0.1111111111111111
n21525,0.25
n21150,0.05263157894736842
n17878,0.0
n17181,0.0
n638,0.05263157894736842
n10148,0.0
n20483,0.0
n15377,0.3333333333333333
n18364,0.0
n8398,0.1111111111111111
n6165,0.17647058823529413
n12777,0.17647058823529413
n1822,0.25
n14199,0.05263157894736842
n21565,0.05263157894736842
n15996,0.17647058823529413
n1911,0.0
n18533,0.05263157894736842
n4311,0.17647058823529413
n9945,0.0
n14208,0.1111111111111111
n18443,0.1111111111111111
n15571,0.3333333333333333
n19879,0.0
n7056,0.05263157894736842
n6138,0.05263157894736842
n13410,0.0
n15226,0.3333333333333333
n8576,0.25
n17172,0.17647058823529413
n8285,0.17647058823529413
n1453,0.17647058823529413
n18539,0.3333333333333333
n9995,0.1111111111111111
n18353,0.17647058823529413
n1995,0.0
n4907,0.0
n13979,0.42857142857142855
n19673,0.0
n18751,0.05263157894736842
n14818,0.0
n5050,0.0
n2971,0.17647058823529413
n1556,0.25
n18116,0.17647058823529413
n10197,0.05263157894736842
n5582,0.0
n7551,0.5384615384615384
n2697,0.05263157894736842
n6508,0.1111111111111111
n8381,0.17647058823529413
n3416,0.0
n547,0.05263157894736842
n12118,0.0
n4106,0.17647058823529413
n21007,0.0
n18100,0.1111111111111111
n10446,0.0
n17192,0.05263157894736842
n2771,0.05263157894736842
n1423,0.05263157894736842
n12970,0.05263157894736842
n18927,0.1111111111111111
n21478,0.1111111111111111
n19362,0.25
n15653,0.05263157894736842
n18136,0.05263157894736842
n15381,0.05263157894736842
n319,0.17647058823529413
n13469,0.05263157894736842
n5823,0.0
n9034,0.0
n12053,0.05263157894736842
n6688,0.25
n4322,0.0
n10647,0.0
n16569,0.0
n8309,0.05263157894736842
n6626,0.05263157894736842
n16089,0.05263157894736842
n755,0.05263157894736842
n10013,0.0
n22647,0.05263157894736842
n10095,0.05263157894736842
n20485,0.05263157894736842
n13043,0.0
n17886,0.0
n15823,0.0
n3268,0.17647058823529413
n7023,0.05263157894736842
n8866,0.17647058823529413
n9719,0.0
n21190,0.05263157894736842
n20896,0.1111111111111111
n5435,0.0
n16422,0.17647058823529413
n3000,0.0
n5180,0.0
n11394,0.05263157894736842
n21866,0.1111111111111111
n19944,0.05263157894736842
n14233,0.25
n283,0.1111111111111111
n18734,0.0
n2656,0.25
n21278,0.17647058823529413
n4312,0.05263157894736842
n7061,0.05263157894736842
n11761,0.25
n17625,0.25
n7839,0.05263157894736842
n272,0.17647058823529413
n19021,0.25
n6055,0.05263157894736842
n12425,0.17647058823529413
n13296,0.0
n19981,0.1111111111111111
n18854,0.05263157894736842
n5863,0.0
n11726,0.05263157894736842
n9334,0.3333333333333333
n19163,0.25
n10320,0.05263157894736842
n11984,0.05263157894736842
n17961,0.0
n8434,0.0
n5059,0.0
n6516,0.05263157894736842
n6410,0.05263157894736842
n12765,0.17647058823529413
n11047,0.05263157894736842
n10396,0.05263157894736842
n349,0.05263157894736842
n10789,0.05263157894736842
n14030,0.17647058823529413
n13923,0.0
n20862,0.17647058823529413
n22146,0.0
n4020,0.0
n15230,0.0
n1777,0.05263157894736842
n9827,0.25
n14192,0.1111111111111111
n5680,0.42857142857142855
n7997,0.0
n14351,0.0
n15614,0.1111111111111111
n7754,0.0
n21170,0.05263157894736842
n19988,0.42857142857142855
n12449,0.05263157894736842
n15955,0.1111111111111111
n12702,0.0
n10147,0.25
n17964,0.0
n9270,0.05263157894736842
n11725,0.0
n20969,0.05263157894736842
n20929,0.1111111111111111
n21048,0.0
n12278,0.0
n10173,0.05263157894736842
n8594,0.0
n1855,0.0
n9854,0.17647058823529413
n5745,0.05263157894736842
n19338,0.0
n10994,0.0
n9147,0.05263157894736842
n18709,0.1111111111111111
n21658,0.1111111111111111
n8485,0.0
n21336,0.0
n22277,0.05263157894736842
n14092,0.0
n12155,0.05263157894736842
n1449,0.3333333333333333
n7398,0.1111111111111111
n13936,0.05263157894736842
n16009,0.05263157894736842
n7859,0.25
n6820,0.0
n14015,0.25
n17400,0.0
n1666,0.0
n3450,0.0
n5862,0.05263157894736842
n10113,0.05263157894736842
n13668,0.0
n14008,0.0
n19363,0.0
n20654,0.17647058823529413
n22236,0.05263157894736842
n6645,0.1111111111111111
n11235,0.05263157894736842
n21389,0.05263157894736842
n1609,0.05263157894736842
n3583,0.3333333333333333
n13874,0.05263157894736842
n10116,0.1111111111111111
n14538,0.42857142857142855
n15007,0.1111111111111111
n3957,0.0
n10410,0.05263157894736842
n14278,0.05263157894736842
n3973,0.5384615384615384
n2218,0.17647058823529413
n10923,0.0
n17960,0.05263157894736842
n14327,0.25
n19284,0.0
n5918,0.0
n5411,0.1111111111111111
n20456,0.05263157894736842
n21166,0.0
n15385,0.1111111111111111
n18903,0.05263157894736842
n4259,0.1111111111111111
n39,0.0
n10098,0.0
n12171,0.05263157894736842
n17103,0.0
n21242,0.05263157894736842
n16139,0.05263157894736842
n22653,0.0
n22469,0.1111111111111111
n18775,0.17647058823529413
n8593,0.17647058823529413
n6537,0.05263157894736842
n9746,0.0
n16897,0.05263157894736842
n6916,0.0
n15300,0.1111111111111111
n20945,0.05263157894736842
n9390,0.05263157894736842
n5589,0.0
n2229,0.0
n3164,0.0
n1017,0.05263157894736842
n8218,0.0
n5277,0.05263157894736842
n3690,0.1111111111111111
n3730,0.05263157894736842
n21973,0.05263157894736842
n20852,0.05263157894736842
n80,0.0
n4969,0.0
n9217,0.0
n22784,0.25
n15909,0.1111111111111111
n9877,0.1111111111111111
n6613,0.05263157894736842
n15340,0.1111111111111111
n18413,0.1111111111111111
n1254,0.05263157894736842
n15398,0.0
n6066,0.1111111111111111
n281,0.1111111111111111
n16944,0.05263157894736842
n6256,0.1111111111111111
n16614,0.1111111111111111
n19080,0.05263157894736842
n4499,0.0
n11459,0.17647058823529413
n4608,0.05263157894736842
n17369,0.05263157894736842
n19107,0.0
n3316,0.0
n5394,0.05263157894736842
n6286,0.17647058823529413
n8561,0.05263157894736842
n10027,0.25
n15790,0.05263157894736842
n17035,0.1111111111111111
n21384,0.0
n22216,0.17647058823529413
n17256,0.0
n18894,0.0
n2765,0.1111111111111111
n10229,0.0
n16591,0.0
n21500,0.0
n3784,0.17647058823529413
n7001,0.17647058823529413
n16940,0.0
n9484,0.05263157894736842
n12535,0.1111111111111111
n22364,0.17647058823529413
n13745,0.0
n13059,0.0
n7914,0.1111111111111111
n9988,0.05263157894736842
n19283,0.1111111111111111
n16590,0.17647058823529413
n11243,0.1111111111111111
n584,0.17647058823529413
n12691,0.0
n11777,0.05263157894736842
n19206,0.0
n21003,0.17647058823529413
n12266,0.0
n13896,0.05263157894736842
n2171,0.17647058823529413
n2766,0.0
n12106,0.17647058823529413
n3533,0.0
n14930,0.05263157894736842
n10602,0.05263157894736842
n15047,0.05263157894736842
n17019,0.25
n21860,0.05263157894736842
n10294,0.0
n1711,0.1111111111111111
n21428,0.1111111111111111
n2191,0.17647058823529413
n5764,0.0
n9654,0.05263157894736842
n3643,0.0
n9850,0.17647058823529413
n21783,0.05263157894736842
n10447,0.0
n3293,0.17647058823529413
n12524,0.17647058823529413
n9892,0.0
n9647,0.1111111111111111
n11226,0.0
n20578,0.25
n3302,0.0
n10611,0.1111111111111111
n2034,0.05263157894736842
n3873,0.1111111111111111
n18546,0.05263157894736842
n12465,0.05263157894736842
n13976,0.25
n21201,0.1111111111111111
n18081,0.1111111111111111
n3673,0.0
n4155,0.0
n10595,0.25
n18323,0.05263157894736842
n20115,0.0
n16698,0.0
n20391,0.05263157894736842
n17234,0.17647058823529413
n6945,0.05263157894736842
n2881,0.1111111111111111
n16832,0.17647058823529413
n13130,0.25
n1637,0.3333333333333333
n342,0.05263157894736842
n2350,0.1111111111111111
n4486,0.0
n17045,0.1111111111111111
n20842,0.0
n2743,0.3333333333333333
n11057,0.25
n17698,0.1111111111111111
n5094,0.05263157894736842
n5153,0.0
n16444,0.17647058823529413
n7626,0.0
n1823,0.05263157894736842
n14332,0.0
n15369,0.1111111111111111
n9572,0.17647058823529413
n5639,0.0
n8513,0.3333333333333333
n5871,0.42857142857142855
n2232,0.0
n11269,0.0
n5230,0.05263157894736842
n6718,0.17647058823529413
n13809,0.17647058823529413
n14942,0.05263157894736842
n3289,0.1111111111111111
n9311,0.05263157894736842
n21282,0.0
n19756,0.0
n17808,0.0
n20267,0.0
n1889,0.1111111111111111
n15454,0.05263157894736842
n15749,0.0
n15620,0.05263157894736842
n16860,0.05263157894736842
n18795,0.0
n15864,0.1111111111111111
n15134,0.05263157894736842
n1612,0.17647058823529413
n22753,0.1111111111111111
n15594,0.25
n11771,0.05263157894736842
n5861,0.0
n9001,0.0
n9377,0.0
n12234,0.05263157894736842
n13435,0.05263157894736842
n7580,0.05263157894736842
n12514,0.1111111111111111
n4073,0.0
n18704,0.3333333333333333
n19710,0.1111111111111111
n3988,0.05263157894736842
n3157,0.0
n14841,0.1111111111111111
n15980,0.05263157894736842
n18792,0.1111111111111111
n10829,0.0
n8492,0.25
n15259,0.05263157894736842
n6528,0.0
n15152,0.0
n5024,0.1111111111111111
n9480,0.3333333333333333
n10666,0.05263157894736842
n1497,0.1111111111111111
n13519,0.05263157894736842
n15943,0.42857142857142855
n17401,0.0
n15446,0.1111111111111111
n17711,0.05263157894736842
n8516,0.1111111111111111
n7508,0.0
n11270,0.05263157894736842
n14072,0.0
n4082,0.05263157894736842
n20844,0.3333333333333333
n22905,0.0
n19119,0.1111111111111111
n20984,0.0
n19276,0.0
n2514,0.0
n3718,0.05263157894736842
n13781,0.05263157894736842
n10025,0.0
n13663,0.42857142857142855
n19137,0.17647058823529413
n1705,0.05263157894736842
n15839,0.05263157894736842
n4330,0.05263157894736842
n20810,0.0
n10131,0.1111111111111111
n14919,0.17647058823529413
n6479,0.0
n332,0.0
n20256,0.42857142857142855
n3221,0.0
n8234,0.05263157894736842
n2420,0.3333333333333333
n16841,0.05263157894736842
n17241,0.05263157894736842
n8775,0.3333333333333333
n20345,0.0
n1844,0.17647058823529413
n21502,0.6666666666666666
n10534,0.0
n22426,0.05263157894736842
n11754,0.1111111111111111
n18776,0.05263157894736842
n20166,0.0
n4880,0.25
n9176,0.25
n4214,0.0
n14040,0.17647058823529413
n19910,0.1111111111111111
n21013,0.17647058823529413
n20841,0.0
n6713,0.0
n2086,0.0
n15412,0.05263157894736842
n5718,0.1111111111111111
n13676,0.3333333333333333
n19921,0.0
n11707,0.05263157894736842
n11299,0.1111111111111111
n21445,0.05263157894736842
n6321,0.17647058823529413
n1941,0.17647058823529413
n9140,0.1111111111111111
n19927,0.25
n9977,0.17647058823529413
n11676,0.17647058823529413
n14507,0.17647058823529413
n4501,0.1111111111111111
n141,0.3333333333333333
n6419,0.0
n20644,0.05263157894736842
n11801,0.1111111111111111
n1942,0.0
n15611,0.17647058823529413
n13591,0.1111111111111111
n13207,0.05263157894736842
n3299,0.1111111111111111
n18644,0.05263157894736842
n20663,0.05263157894736842
n2030,0.0
n13441,0.17647058823529413
n18808,0.0
n19569,0.25
n18128,0.42857142857142855
n6153,0.05263157894736842
n6096,0.25
n6949,0.05263157894736842
n8385,0.3333333333333333
n10067,0.17647058823529413
n5121,0.0
n19616,0.0
n22522,0.0
n14779,0.25
n16780,0.05263157894736842
n1164,0.0
n17861,0.17647058823529413
n17203,0.0
n21536,0.05263157894736842
n14750,0.0
n4056,0.42857142857142855
n4820,0.1111111111111111
n9677,0.0
n16880,0.0
n2888,0.05263157894736842
n1661,0.0
n11433,0.0
n1436,0.17647058823529413
n2783,0.1111111111111111
n15842,0.25
n5821,0.0
n16296,0.0
n222,0.05263157894736842
n2875,0.0
n10491,0.0
n5698,0.25
n20955,0.05263157894736842
n20223,0.1111111111111111
n18049,0.1111111111111111
n104,0.17647058823529413
n17929,0.1111111111111111
n3808,0.17647058823529413
n13047,0.17647058823529413
n10824,0.0
n8629,0.05263157894736842
n1643,0.05263157894736842
n21294,0.1111111111111111
n10570,0.1111111111111111
n8034,0.05263157894736842
n18472,0.1111111111111111
n6392,0.05263157894736842
n6596,0.1111111111111111
n4546,0.0
n6542,0.17647058823529413
n3056,0.0
n18071,0.0
n20951,0.0
n12446,0.0
n2264,0.42857142857142855
n2718,0.05263157894736842
n21408,0.17647058823529413
n18721,0.0
n7604,0.1111111111111111
n20966,0.05263157894736842
n6858,0.05263157894736842
n2150,0.05263157894736842
n15593,0.1111111111111111
n20812,0.0
n3668,0.05263157894736842
n7651,0.3333333333333333
n19932,0.05263157894736842
n20495,0.05263157894736842
n1923,0.0
n7031,0.17647058823529413
n4318,0.05263157894736842
n8366,0.05263157894736842
n2295,0.42857142857142855
n10040,0.0
n18576,0.0
n4055,0.0
n22289,0.05263157894736842
n18112,0.1111111111111111
n9038,0.0
n16328,0.05263157894736842
n18768,0.1111111111111111
n10415,0.0
n3195,0.0
n10103,0.17647058823529413
n7873,0.0
n13407,0.05263157894736842
n12860,0.05263157894736842
n19126,0.17647058823529413
n6932,0.0
n20648,0.0
n16223,0.05263157894736842
n19815,0.1111111111111111
n21446,0.17647058823529413
n19674,0.0
n22876,0.0
n16163,0.0
n3837,0.05263157894736842
n5048,0.0
n9416,0.0
n2807,0.17647058823529413
n22511,0.05263157894736842
n15544,0.0
n1865,0.0
n4416,0.05263157894736842
n19152,0.25
n6752,0.05263157894736842
n21106,0.0
n13238,0.05263157894736842
n13703,0.0
n6698,0.05263157894736842
n517,0.05263157894736842
n18939,0.25
n20167,0.05263157894736842
n2090,0.1111111111111111
n18868,0.25
n11682,0.0
n10282,0.25
n10648,0.1111111111111111
n14379,0.17647058823529413
n10579,0.0
n6649,0.05263157894736842
n4133,0.05263157894736842
n8901,0.25
n11232,0.05263157894736842
n17759,0.17647058823529413
n20582,0.0
n16432,0.0
n13369,0.05263157894736842
n18243,0.0
n21148,0.1111111111111111
n7363,0.25
n21744,0.3333333333333333
n22274,0.0
n18439,0.25
n12224,0.17647058823529413
n637,0.25
n21541,0.1111111111111111
n20652,0.0
n16563,0.17647058823529413
n21219,0.0
n5023,0.05263157894736842
n15782,0.0
n9548,0.3333333333333333
n284,0.1111111111111111
n16939,0.0
n6531,0.0
n2050,0.05263157894736842
n14160,0.17647058823529413
n19930,0.1111111111111111
n21952,0.05263157894736842
n11737,0.1111111111111111
n11708,0.1111111111111111
n14001,0.1111111111111111
n20447,0.1111111111111111
n753,0.05263157894736842
n1770,0.0
n10484,0.5384615384615384
n16720,0.17647058823529413
n1728,0.17647058823529413
n5140,0.17647058823529413
n8048,0.0
n171,0.17647058823529413
n8351,0.25
n18438,0.0
n6837,0.1111111111111111
n22497,0.0
n3487,0.1111111111111111
n13651,0.05263157894736842
n19327,0.17647058823529413
n21757,0.0
n9723,0.25
n21723,0.17647058823529413
n133,0.0
n22263,0.17647058823529413
n3779,0.1111111111111111
n6803,0.0
n21776,0.0
n19233,0.17647058823529413
n16619,0.0
n4796,0.1111111111111111
n20641,0.1111111111111111
n15084,0.0
n18904,0.0
n1591,0.1111111111111111
n4316,0.25
n2112,0.05263157894736842
n19670,0.05263157894736842
n15091,0.0
n8938,0.05263157894736842
n17360,0.0
n15670,0.0
n16459,0.0
n4156,0.05263157894736842
n9586,0.0
n12914,0.1111111111111111
n4882,0.17647058823529413
n16117,0.0
n13621,0.05263157894736842
n17194,0.05263157894736842
n8644,0.0
n11328,0.25
n5178,0.1111111111111111
n14890,0.25
n3565,0.1111111111111111
n2394,0.0
n4790,0.1111111111111111
n4745,0.1111111111111111
n5459,0.0
n9328,0.0
n1848,0.3333333333333333
n20665,0.1111111111111111
n1411,0.1111111111111111
n1509,0.1111111111111111
n13917,0.25
n8142,0.0
n1415,0.1111111111111111
n18466,0.05263157894736842
n18242,0.05263157894736842
n8811,0.05263157894736842
n4378,0.05263157894736842
n6353,0.0
n20824,0.25
n9045,0.05263157894736842
n21005,0.0
n6912,0.0
n15765,0.17647058823529413
n17634,0.1111111111111111
n19873,0.0
n5741,0.1111111111111111
n9405,0.25
n20884,0.05263157894736842
n715,0.0
n2818,0.0
n1474,0.05263157894736842
n15279,0.05263157894736842
n20699,0.0
n7537,0.0
n18288,0.25
n2189,0.05263157894736842
n17048,0.0
n7294,0.0
n18665,0.0
n8565,0.0
n6751,0.25
n9057,0.17647058823529413
n9005,0.05263157894736842
n11036,0.25
n9326,0.0
n362,0.05263157894736842
n5065,0.0
n5187,0.1111111111111111
n16421,0.1111111111111111
n2769,0.0
n10677,0.1111111111111111
n16012,0.42857142857142855
n21616,0.0
n11004,0.1111111111111111
n13698,0.05263157894736842
n12108,0.0
n6174,0.0
n17615,0.0
n11304,0.05263157894736842
n5697,0.0
n10434,0.05263157894736842
n13239,0.0
n19187,0.17647058823529413
n1293,0.05263157894736842
n1790,0.0
n3117,0.1111111111111111
n18574,0.1111111111111111
n5900,0.3333333333333333
n14240,0.0
n148,0.05263157894736842
n1035,0.17647058823529413
n17947,0.17647058823529413
n12806,0.05263157894736842
n21963,0.17647058823529413
n5911,0.05263157894736842
n8103,0.1111111111111111
n11669,0.05263157894736842
n13194,0.0
n6685,0.25
n20871,0.05263157894736842
n1375,0.05263157894736842
n8978,0.1111111111111111
n18748,0.05263157894736842
n2600,0.0
n10671,0.0
n15940,0.0
n9066,0.05263157894736842
n5882,0.1111111111111111
n10899,0.17647058823529413
n17734,0.25
n21479,0.1111111111111111
n16257,0.25
n20448,0.05263157894736842
n7594,0.05263157894736842
n11515,0.0
n21044,0.42857142857142855
n16474,0.0
n21104,0.05263157894736842
n12268,0.0
n6258,0.0
n7700,0.1111111111111111
n8208,0.0
n10561,0.1111111111111111
n6591,0.0
n6404,0.05263157894736842
n20162,0.0
n9500,0.0
n5414,0.25
n142,0.3333333333333333
n1620,0.1111111111111111
n8315,0.05263157894736842
n20393,0.0
n7368,0.0
n13331,0.1111111111111111
n1170,0.17647058823529413
n12525,0.0
n21450,0.17647058823529413
n12598,0.0
n4059,0.0
n17152,0.0
n15290,0.0
n21835,0.0
n17945,0.05263157894736842
n18209,0.17647058823529413
n7019,0.1111111111111111
n8437,0.0
n7621,0.0
n17449,0.05263157894736842
n13493,0.0
n18416,0.0
n3736,0.05263157894736842
n7239,0.17647058823529413
n11354,0.0
n13522,0.3333333333333333
n2069,0.1111111111111111
n17813,0.1111111111111111
n12464,0.0
n18731,0.0
n10675,0.1111111111111111
n6427,0.05263157894736842
n17843,0.1111111111111111
n7894,0.1111111111111111
n4160,0.1111111111111111
n1866,0.17647058823529413
n17041,0.0
n9996,0.17647058823529413
n15733,0.05263157894736842
n1392,0.05263157894736842
n18062,0.0
n20683,0.17647058823529413
n19312,0.05263157894736842
n8583,0.05263157894736842
n11997,0.0
n19281,0.0
n21128,0.1111111111111111
n2760,0.0
n4813,0.25
n14609,0.0
n246,0.1111111111111111
n2753,0.05263157894736842
n15602,0.25
n179,0.05263157894736842
n322,0.0
n6088,0.1111111111111111
n16589,0.1111111111111111
n14956,0.0
n9664,0.0
n7087,0.0
n1533,0.17647058823529413
n17788,0.05263157894736842
n22650,0.1111111111111111
n10665,0.3333333333333333
n21335,0.17647058823529413
n544,0.05263157894736842
n237,0.25
n5046,0.25
n6263,0.0
n16080,0.1111111111111111
n12261,0.3333333333333333
n2707,0.05263157894736842
n18435,0.0
n18727,0.0
n8896,0.05263157894736842
n14633,0.1111111111111111
n631,0.05263157894736842
n7124,0.05263157894736842
n10569,0.0
n21342,0.0
n9739,0.0
n18790,0.05263157894736842
n15548,0.1111111111111111
n6578,0.1111111111111111
n22901,0.0
n13445,0.25
n6657,0.05263157894736842
n9731,0.05263157894736842
n16447,0.0
n20272,0.05263157894736842
n10993,0.0
n7822,0.42857142857142855
n20744,0.17647058823529413
n7413,0.1111111111111111
n7030,0.0
n5910,0.0
n13234,0.17647058823529413
n15448,0.17647058823529413
n16240,0.05263157894736842
n13379,0.05263157894736842
n13790,0.0
n16585,0.25
n15266,0.25
n9932,0.05263157894736842
n7236,0.3333333333333333
n11011,0.0
n1816,0.3333333333333333
n4332,0.0
n18678,0.0
n20864,0.17647058823529413
n18946,0.05263157894736842
n16898,0.0
n6037,0.25
n10386,0.25
n18149,0.0
n14467,0.05263157894736842
n17419,0.1111111111111111
n8936,0.05263157894736842
n4654,0.5384615384615384
n11363,0.1111111111111111
n15420,0.1111111111111111
n10356,0.17647058823529413
n5860,0.0
n5650,0.05263157894736842
n2063,0.05263157894736842
n5128,0.1111111111111111
n7683,0.17647058823529413
n1709,0.05263157894736842
n2725,0.25
n14852,0.25
n21403,0.0
n21934,0.0
n3761,0.0
n8899,0.1111111111111111
n19663,0.0
n9656,0.0
n18968,0.3333333333333333
n12113,0.05263157894736842
n15711,0.17647058823529413
n3676,0.25
n20970,0.05263157894736842
n22693,0.0
n18685,0.25
n3542,0.0
n11847,0.42857142857142855
n16094,0.3333333333333333
n21423,0.05263157894736842
n1150,0.1111111111111111
n12445,0.1111111111111111
n18969,0.0
n17387,0.1111111111111111
n18227,0.25
n21291,0.0
n16394,0.05263157894736842
n4046,0.05263157894736842
n17287,0.17647058823529413
n22313,0.3333333333333333
n8926,0.1111111111111111
n17267,0.0
n20376,0.05263157894736842
n12003,0.0
n678,0.25
n13984,0.0
n355,0.0
n2134,0.05263157894736842
n618,0.17647058823529413
n7610,0.05263157894736842
n19174,0.25
n6196,0.0
n22605,0.05263157894736842
n5439,0.17647058823529413
n1335,0.05263157894736842
n1129,0.17647058823529413
n13193,0.0
n17307,0.0
n18162,0.05263157894736842
n11670,0.1111111111111111
n8328,0.0
n20559,0.0
n22675,0.17647058823529413
n22388,0.05263157894736842
n11095,0.05263157894736842
n4699,0.0
n16445,0.1111111111111111
n5130,0.0
n21766,0.05263157894736842
n12203,0.05263157894736842
n22127,0.05263157894736842
n6325,0.1111111111111111
n15693,0.17647058823529413
n1595,0.0
n16341,0.1111111111111111
n8902,0.0
n3699,0.1111111111111111
n891,0.0
n6887,0.1111111111111111
n1675,0.1111111111111111
n6585,0.0
n1597,0.25
n12393,0.17647058823529413
n6948,0.05263157894736842
n3357,0.1111111111111111
n1194,0.17647058823529413
n8907,0.05263157894736842
n3080,0.0
n5062,0.0
n18014,0.1111111111111111
n11249,0.17647058823529413
n3292,0.17647058823529413
n8298,0.05263157894736842
n9925,0.05263157894736842
n14252,0.3333333333333333
n3112,0.0
n9060,0.0
n17173,0.0
n21094,0.05263157894736842
n7373,0.0
n20573,0.05263157894736842
n4793,0.1111111111111111
n11152,0.05263157894736842
n1712,0.3333333333333333
n10109,0.05263157894736842
n18178,0.0
n18432,0.0
n11575,0.05263157894736842
n13705,0.05263157894736842
n13958,0.0
n13998,0.0
n14850,0.05263157894736842
n11046,0.0
n3838,0.3333333333333333
n10872,0.0
n19099,0.17647058823529413
n21419,0.0
n2004,0.25
n9307,0.05263157894736842
n14790,0.05263157894736842
n8749,0.05263157894736842
n15861,0.1111111111111111
n18491,0.0
n7932,0.17647058823529413
n3958,0.1111111111111111
n8954,0.1111111111111111
n11845,0.25
n22317,0.05263157894736842
n2823,0.0
n11119,0.05263157894736842
n9866,0.3333333333333333
n9293,0.25
n1527,0.1111111111111111
n9888,0.25
n7282,0.05263157894736842
n18512,0.1111111111111111
n8560,0.3333333333333333
n19096,0.17647058823529413
n20550,0.25
n17389,0.0
n5200,0.0
n10078,0.25
n15848,0.0
n9050,0.05263157894736842
n5432,0.05263157894736842
n4238,0.0
n11501,0.0
n16224,0.25
n21316,0.0
n3367,0.05263157894736842
n4694,0.1111111111111111
n6725,0.25
n17361,0.1111111111111111
n10089,0.05263157894736842
n10704,0.1111111111111111
n13123,0.05263157894736842
n6322,0.0
n15884,0.05263157894736842
n4248,0.17647058823529413
n17102,0.42857142857142855
n7110,0.0
n1796,0.17647058823529413
n16484,0.17647058823529413
n10578,0.0
n9303,0.3333333333333333
n14338,0.0
n16004,0.25
n12993,0.05263157894736842
n13566,0.05263157894736842
n8408,0.25
n10364,0.25
n19919,0.25
n9897,0.0
n18375,0.1111111111111111
n19911,0.0
n10787,0.1111111111111111
n8958,0.25
n2132,0.05263157894736842
n16247,0.05263157894736842
n20047,0.25
n12799,0.0
n15975,0.1111111111111111
n10291,0.25
n9373,0.0
n8780,0.0
n9828,0.1111111111111111
n6015,0.17647058823529413
n1270,0.0
n9817,0.05263157894736842
n2645,0.1111111111111111
n11592,0.0
n10702,0.0
n10638,0.17647058823529413
n11674,0.25
n4603,0.17647058823529413
n17962,0.17647058823529413
n5648,0.3333333333333333
n14115,0.0
n13934,0.1111111111111111
n20678,0.05263157894736842
n11557,0.0
n459,0.3333333333333333
n4086,0.25
n21468,0.1111111111111111
n9990,0.0
n22011,0.0
n21154,0.0
n15592,0.0
n9642,0.0
n2190,0.05263157894736842
n12457,0.3333333333333333
n8820,0.0
n9240,0.0
n13606,0.1111111111111111
n15443,0.0
n22021,0.17647058823529413
n3763,0.05263157894736842
n14638,0.05263157894736842
n18786,0.17647058823529413
n10097,0.1111111111111111
n19175,0.17647058823529413
n19403,0.05263157894736842
n19656,0.0
n4069,0.0
n18368,0.05263157894736842
n19736,0.05263157894736842
n2414,0.05263157894736842
n16628,0.05263157894736842
n7911,0.05263157894736842
n15526,0.1111111111111111
n6778,0.0
n14775,0.1111111111111111
n17807,0.1111111111111111
n72,0.0
n17754,0.05263157894736842
n21132,0.42857142857142855
n3860,0.1111111111111111
n5475,0.1111111111111111
n8445,0.05263157894736842
n9783,0.1111111111111111
n8010,0.0
n3602,0.17647058823529413
n12383,0.05263157894736842
n19841,0.25
n3620,0.05263157894736842
n21143,0.0
n4321,0.05263157894736842
n12911,0.1111111111111111
n9737,0.05263157894736842
n18675,0.17647058823529413
n10518,0.1111111111111111
n16161,0.0
n9964,0.0
n5232,0.05263157894736842
n8527,0.3333333333333333
n9744,0.1111111111111111
n20455,0.0
n17028,0.0
n11964,0.05263157894736842
n2244,0.25
n19840,0.05263157894736842
n9263,0.0
n19248,0.1111111111111111
n14324,0.25
n7431,0.0
n14889,0.05263157894736842
n15836,0.1111111111111111
n957,0.05263157894736842
n9245,0.0
n17669,0.05263157894736842
n3364,0.25
n17027,0.0
n5209,0.1111111111111111
n7904,0.1111111111111111
n273,0.05263157894736842
n18724,0.05263157894736842
n5158,0.0
n12458,0.05263157894736842
n14641,0.0
n17136,0.1111111111111111
n385,0.1111111111111111
n2689,0.0
n15885,0.1111111111111111
n21283,0.17647058823529413
n12741,0.0
n2025,0.05263157894736842
n8928,0.05263157894736842
n8399,0.05263157894736842
n12007,0.1111111111111111
n17637,0.05263157894736842
n1798,0.0
n6022,0.0
n5722,0.3333333333333333
n7258,0.0
n8049,0.1111111111111111
n20830,0.17647058823529413
n12149,0.05263157894736842
n20635,0.17647058823529413
n12143,0.3333333333333333
n8403,0.05263157894736842
n13949,0.0
n3947,0.0
n20273,0.05263157894736842
n11732,0.05263157894736842
n14349,0.0
n10489,0.17647058823529413
n16272,0.1111111111111111
n10370,0.05263157894736842
n20247,0.05263157894736842
n18339,0.0
n22818,0.1111111111111111
n9237,0.1111111111111111
n11138,0.05263157894736842
n22696,0.1111111111111111
n12319,0.05263157894736842
n8475,0.1111111111111111
n17470,0.05263157894736842
n7947,0.0
n21114,0.0
n14292,0.3333333333333333
n18898,0.42857142857142855
n17077,0.0
n15053,0.0
n5107,0.05263157894736842
n7303,0.25
n9407,0.05263157894736842
n9724,0.0
n18800,0.05263157894736842
n1469,0.0
n1985,0.0
n13795,0.0
n8256,0.05263157894736842
n15380,0.05263157894736842
n278,0.1111111111111111
n8993,0.05263157894736842
n17489,0.1111111111111111
n18077,0.0
n19222,0.0
n17140,0.0
n12436,0.05263157894736842
n7774,0.05263157894736842
n4610,0.05263157894736842
n2302,0.0
n4588,0.1111111111111111
n7895,0.05263157894736842
n21509,0.05263157894736842
n21470,0.05263157894736842
n10857,0.05263157894736842
n10087,0.25
n18228,0.17647058823529413
n15403,0.1111111111111111
n4949,0.05263157894736842
n1132,0.1111111111111111
n15727,0.0
n9181,0.1111111111111111
n20016,0.05263157894736842
n18282,0.05263157894736842
n7583,0.05263157894736842
n15569,0.0
n10170,0.0
n10028,0.17647058823529413
n6811,0.25
n6337,0.1111111111111111
n8578,0.17647058823529413
n15223,0.05263157894736842
n4948,0.0
n3785,0.0
n8287,0.0
n20905,0.17647058823529413
n1781,0.17647058823529413
n7456,0.17647058823529413
n13386,0.0
n17202,0.1111111111111111
n6631,0.05263157894736842
n9156,0.0
n2712,0.05263157894736842
n11855,0.0
n624,0.0
n989,0.0
n8393,0.1111111111111111
n1289,0.1111111111111111
n57,0.17647058823529413
n22925,0.17647058823529413
n16502,0.05263157894736842
n5884,0.1111111111111111
n5742,0.0
n10106,0.0
n4628,0.05263157894736842
n12629,0.0
n20315,0.1111111111111111
n8094,0.0
n4290,0.42857142857142855
n16827,0.05263157894736842
n14180,0.17647058823529413
n20511,0.05263157894736842
n21018,0.1111111111111111
n6238,0.05263157894736842
n8639,0.1111111111111111
n15680,0.1111111111111111
n16917,0.0
n1893,0.0
n6230,0.0
n15834,0.05263157894736842
n20796,0.17647058823529413
n13699,0.05263157894736842
n15584,0.25
n11143,0.05263157894736842
n13715,0.1111111111111111
n9197,0.0
n7545,0.0
n19143,0.05263157894736842
n11184,0.1111111111111111
n331,0.25
n8804,0.0
n11981,0.17647058823529413
n13268,0.0
n9037,0.17647058823529413
n13529,0.05263157894736842
n18870,0.1111111111111111
n19768,0.0
n8952,0.05263157894736842
n13256,0.1111111111111111
n17971,0.1111111111111111
n10042,0.05263157894736842
n16347,0.05263157894736842
n13415,0.05263157894736842
n7866,0.0
n17390,0.0
n4883,0.0
n17769,0.05263157894736842
n4277,0.05263157894736842
n14485,0.25
n4132,0.05263157894736842
n15699,0.0
n18856,0.05263157894736842
n15977,0.25
n20771,0.25
n7565,0.0
n17588,0.1111111111111111
n17332,0.0
n9253,0.42857142857142855
n13503,0.1111111111111111
n16597,0.3333333333333333
n2886,0.17647058823529413
n11212,0.0
n5146,0.05263157894736842
n16596,0.1111111111111111
n22381,0.05263157894736842
n19987,0.3333333333333333
n6494,0.0
n15261,0.05263157894736842
n8822,0.1111111111111111
n2850,0.05263157894736842
n17973,0.05263157894736842
n377,0.05263157894736842
n7024,0.42857142857142855
n19168,0.1111111111111111
n4350,0.1111111111111111
n15312,0.17647058823529413
n20308,0.05263157894736842
n5106,0.0
n17950,0.05263157894736842
n4548,0.25
n6827,0.1111111111111111
n18169,0.05263157894736842
n10636,0.17647058823529413
n18917,0.05263157894736842
n4200,0.25
n6117,0.25
n10178,0.05263157894736842
n19730,0.0
n11753,0.17647058823529413
n2286,0.17647058823529413
n21746,0.3333333333333333
n11896,0.0
n2694,0.0
n4450,0.1111111111111111
n4646,0.1111111111111111
n15718,0.17647058823529413
n18431,0.1111111111111111
n19527,0.05263157894736842
n18632,0.05263157894736842
n7780,0.05263157894736842
n8894,0.0
n20937,0.05263157894736842
n1421,0.05263157894736842
n1166,0.0
n160,0.1111111111111111
n1825,0.05263157894736842
n5661,0.0
n20453,0.05263157894736842
n21488,0.05263157894736842
n19906,0.0
n4748,0.05263157894736842
n378,0.05263157894736842
n6393,0.17647058823529413
n7779,0.0
n18320,0.1111111111111111
n7525,0.05263157894736842
n17984,0.0
n16660,0.1111111111111111
n18679,0.0
n12369,0.05263157894736842
n640,0.42857142857142855
n1739,0.25
n2834,0.25
n4254,0.05263157894736842
n17422,0.0
n8914,0.05263157894736842
n14713,0.0
n16122,0.0
n21189,0.05263157894736842
n9347,0.17647058823529413
n5425,0.17647058823529413
n14858,0.05263157894736842
n15579,0.05263157894736842
n4371,0.25
n9109,0.42857142857142855
n7298,0.05263157894736842
n10141,0.0
n16473,0.0
n3776,0.05263157894736842
n16169,0.05263157894736842
n4017,0.1111111111111111
n22219,0.05263157894736842
n1500,0.05263157894736842
n15019,0.05263157894736842
n1267,0.17647058823529413
n546,0.05263157894736842
n10710,0.17647058823529413
n15742,0.25
n15811,0.05263157894736842
n7750,0.17647058823529413
n6385,0.05263157894736842
n7292,0.17647058823529413
n2728,0.17647058823529413
n8988,0.0
n11056,0.17647058823529413
n12632,0.0
n5646,0.0
n14457,0.05263157894736842
n14469,0.0
n21087,0.0
n20402,0.1111111111111111
n10660,0.1111111111111111
n1811,0.0
n8033,0.0
n7881,0.0
n1146,0.05263157894736842
n4667,0.25
n7547,0.1111111111111111
n18321,0.1111111111111111
n6023,0.1111111111111111
n11807,0.0
n13829,0.0
n9867,0.1111111111111111
n11272,0.1111111111111111
n16733,0.0
n10645,0.17647058823529413
n22612,0.0
n17108,0.17647058823529413
n12415,0.0
n15637,0.05263157894736842
n8448,0.0
n11704,0.0
n10247,0.25
n14388,0.3333333333333333
n18666,0.1111111111111111
n18728,0.0
n20524,0.1111111111111111
n18072,0.05263157894736842
n15244,0.0
n3544,0.3333333333333333
n17280,0.05263157894736842
n1026,0.0
n16776,0.1111111111111111
n101,0.0
n2142,0.1111111111111111
n7308,0.0
n2573,0.17647058823529413
n7276,0.05263157894736842
n7619,0.0
n7923,0.05263157894736842
n8074,0.05263157894736842
n4596,0.05263157894736842
n11200,0.05263157894736842
n16148,0.0
n9524,0.0
n21977,0.0
n661,0.0
n6582,0.1111111111111111
n1351,0.1111111111111111
n9734,0.0
n19125,0.05263157894736842
n4120,0.05263157894736842
n16687,0.17647058823529413
n21702,0.05263157894736842
n16876,0.25
n14164,0.0
n935,0.0
n17324,0.1111111111111111
n17476,0.0
n19767,0.05263157894736842
n20580,0.1111111111111111
n18109,0.0
n17586,0.05263157894736842
n21554,0.0
n302,0.05263157894736842
n9072,0.1111111111111111
n1208,0.05263157894736842
n4985,0.42857142857142855
n7385,0.0
n18146,0.05263157894736842
n15696,0.05263157894736842
n15743,0.1111111111111111
n4715,0.0
n21837,0.0
n16047,0.17647058823529413
n6983,0.05263157894736842
n14710,0.0
n2868,0.17647058823529413
n7241,0.0
n21276,0.0
n5081,0.1111111111111111
n13684,0.25
n4280,0.0
n11723,0.17647058823529413
n13661,0.3333333333333333
n3669,0.0
n14883,0.1111111111111111
n16706,0.1111111111111111
n12766,0.05263157894736842
n9110,0.17647058823529413
n6089,0.05263157894736842
n14651,0.05263157894736842
n20772,0.05263157894736842
n5111,0.1111111111111111
n14728,0.0
n13398,0.3333333333333333
n9910,0.1111111111111111
n633,0.1111111111111111
n15251,0.0
n20972,0.0
n15915,0.05263157894736842
n3024,0.17647058823529413
n9940,0.1111111111111111
n14896,0.1111111111111111
n1905,0.05263157894736842
n9277,0.1111111111111111
n15511,0.05263157894736842
n1608,0.17647058823529413
n4918,0.17647058823529413
n7189,0.05263157894736842
n19113,0.1111111111111111
n21497,0.0
n15970,0.0
n16225,0.17647058823529413
n2384,0.05263157894736842
n4912,0.17647058823529413
n11118,0.0
n21163,0.1111111111111111
n6036,0.05263157894736842
n20135,0.0
n19261,0.0
n4019,0.1111111111111111
n20689,0.0
n14488,0.05263157894736842
n808,0.05263157894736842
n10922,0.1111111111111111
n12025,0.0
n18265,0.17647058823529413
n4215,0.1111111111111111
n11136,0.17647058823529413
n18814,0.05263157894736842
n7301,0.0
n20183,0.05263157894736842
n11292,0.1111111111111111
n18832,0.0
n3336,0.0
n20601,0.1111111111111111
n2106,0.05263157894736842
n11024,0.17647058823529413
n10132,0.0
n16320,0.0
n20680,0.0
n21412,0.17647058823529413
n1292,0.3333333333333333
n16859,0.17647058823529413
n3272,0.0
n14230,0.1111111111111111
n18929,0.05263157894736842
n4942,0.05263157894736842
n6276,0.1111111111111111
n6995,0.05263157894736842
n18781,0.17647058823529413
n944,0.0
n3458,0.0
n7926,0.05263157894736842
n8752,0.0
n13714,0.17647058823529413
n1918,0.0
n5125,0.1111111111111111
n15983,0.42857142857142855
n5436,0.05263157894736842
n7400,0.17647058823529413
n9714,0.17647058823529413
n3398,0.05263157894736842
n7196,0.0
n21404,0.0
n6221,0.25
n21476,0.05263157894736842
n14832,0.0
n11675,0.1111111111111111
n2527,0.1111111111111111
n14843,0.05263157894736842
n2865,0.0
n17582,0.0
n18199,0.17647058823529413
n14697,0.1111111111111111
n18729,0.05263157894736842
n15206,0.0
n469,0.05263157894736842
n1955,0.17647058823529413
n14804,0.0
n21813,0.0
n6931,0.05263157894736842
n16313,0.1111111111111111
n15480,0.1111111111111111
n4807,0.17647058823529413
n666,0.05263157894736842
n22873,0.1111111111111111
n6717,0.1111111111111111
n6832,0.0
n21062,0.05263157894736842
n10557,0.17647058823529413
n4591,0.0
n7174,0.25
n21310,0.0
n15270,0.0
n8882,0.05263157894736842
n5122,0.05263157894736842
n15328,0.05263157894736842
n16775,0.1111111111111111
n883,0.05263157894736842
n20179,0.3333333333333333
n6206,0.1111111111111111
n21950,0.0
n1496,0.0
n6988,0.05263157894736842
n16924,0.0
n17044,0.0
n10177,0.0
n316,0.0
n9641,0.17647058823529413
n8286,0.05263157894736842
n16980,0.0
n19132,0.0
n10337,0.1111111111111111
n10723,0.05263157894736842
n6345,0.0
n8332,0.25
n13719,0.3333333333333333
n17720,0.0
n13644,0.05263157894736842
n11233,0.05263157894736842
n6253,0.17647058823529413
n19482,0.0
n3538,0.1111111111111111
n999,0.05263157894736842
n5351,0.0
n21915,0.05263157894736842
n22625,0.1111111111111111
n14834,0.0
n3633,0.05263157894736842
n8495,0.3333333333333333
n19524,0.05263157894736842
n3375,0.1111111111111111
n4203,0.05263157894736842
n11580,0.05263157894736842
n15798,0.05263157894736842
n3407,0.0
n6062,0.05263157894736842
n8096,0.25
n17736,0.3333333333333333
n5470,0.05263157894736842
n1396,0.25
n3695,0.1111111111111111
n5655,0.0
n9266,0.05263157894736842
n20268,0.0
n558,0.0
n4045,0.17647058823529413
n2222,0.25
n15793,0.1111111111111111
n2525,0.1111111111111111
n8046,0.0
n20462,0.25
n17278,0.25
n14787,0.05263157894736842
n21443,0.1111111111111111
n3502,0.0
n11493,0.1111111111111111
n18135,0.1111111111111111
n7362,0.1111111111111111
n11322,0.1111111111111111
n13601,0.0
n14366,0.1111111111111111
n15325,0.05263157894736842
n18311,0.05263157894736842
n20632,0.05263157894736842
n17143,0.1111111111111111
n10399,0.17647058823529413
n18669,0.1111111111111111
n2582,0.0
n6123,0.1111111111111111
n1864,0.17647058823529413
n18088,0.25
n16617,0.17647058823529413
n4009,0.3333333333333333
n18089,0.1111111111111111
n2400,0.0
n20298,0.05263157894736842
n22834,0.05263157894736842
n10679,0.05263157894736842
n2083,0.1111111111111111
n17732,0.0
n3197,0.17647058823529413
n18097,0.1111111111111111
n9761,0.05263157894736842
n3591,0.05263157894736842
n11481,0.1111111111111111
n1845,0.1111111111111111
n6876,0.0
n5082,0.0
n9380,0.17647058823529413
n9135,0.0
n835,0.05263157894736842
n1928,0.0
n6277,0.0
n3539,0.17647058823529413
n10039,0.42857142857142855
n7921,0.0
n2452,0.0
n1721,0.05263157894736842
n13777,0.25
n19933,0.0
n8535,0.3333333333333333
n2724,0.05263157894736842
n7133,0.0
n6157,0.0
n11376,0.0
n18273,0.0
n4580,0.17647058823529413
n14066,0.17647058823529413
n3585,0.1111111111111111
n11367,0.0
n9807,0.0
n3235,0.0
n15428,0.25
n17746,0.0
n13521,0.1111111111111111
n13850,0.05263157894736842
n21056,0.0
n20660,0.05263157894736842
n20284,0.0
n12462,0.05263157894736842
n2219,0.0
n18058,0.0
n9411,0.05263157894736842
n15260,0.17647058823529413
n9696,0.17647058823529413
n19118,0.0
n11701,0.0
n9337,0.0
n12367,0.0
n14837,0.1111111111111111
n15008,0.0
n15913,0.05263157894736842
n4036,0.0
n17292,0.0
n20643,0.0
n21847,0.05263157894736842
n11932,0.05263157894736842
n22321,0.0
n9134,0.17647058823529413
n20932,0.0
n10429,0.05263157894736842
n21138,0.05263157894736842
n3679,0.3333333333333333
n49,0.1111111111111111
n20975,0.0
n17642,0.0
n14706,0.0
n19012,0.1111111111111111
n19974,0.0
n5252,0.1111111111111111
n14350,0.0
n20857,0.05263157894736842
n9912,0.0
n12410,0.0
n16936,0.0
n2731,0.1111111111111111
n3286,0.0
n8276,0.1111111111111111
n13635,0.0
n16581,0.05263157894736842
n18773,0.05263157894736842
n21045,0.0
n16134,0.0
n12878,0.05263157894736842
n13720,0.05263157894736842
n21820,0.0
n15729,0.05263157894736842
n956,0.0
n7300,0.1111111111111111
n21992,0.05263157894736842
n21664,0.0
n4358,0.17647058823529413
n8199,0.0
n22465,0.0
n7092,0.05263157894736842
n7088,0.0
n16435,0.0
n3033,0.05263157894736842
n17032,0.25
n2248,0.0
n22786,0.05263157894736842
n8426,0.3333333333333333
n22899,0.0
n4725,0.17647058823529413
n15299,0.05263157894736842
n9213,0.05263157894736842
n598,0.1111111111111111
n20304,0.05263157894736842
n971,0.0
n19859,0.05263157894736842
n19534,0.1111111111111111
n6972,0.05263157894736842
n20715,0.1111111111111111
n4971,0.05263157894736842
n20820,0.05263157894736842
n8198,0.1111111111111111
n15287,0.0
n14599,0.0
n19196,0.3333333333333333
n169,0.0
n8107,0.0
n5719,0.0
n6519,0.05263157894736842
n10836,0.0
n20254,0.0
n7195,0.0
n6518,0.0
n4257,0.05263157894736842
n460,0.3333333333333333
n2830,0.05263157894736842
n19133,0.3333333333333333
n13154,0.1111111111111111
n1667,0.1111111111111111
n13761,0.17647058823529413
n20309,0.05263157894736842
n21078,0.0
n12467,0.1111111111111111
n18835,0.05263157894736842
n15273,0.0
n14062,0.1111111111111111
n2980,0.0
n10010,0.05263157894736842
n5506,0.17647058823529413
n16902,0.1111111111111111
n8826,0.05263157894736842
n11218,0.0
n21407,0.25
n8459,0.05263157894736842
n22975,0.1111111111111111
n5179,0.17647058823529413
n1714,0.1111111111111111
n5523,0.5384615384615384
n15482,0.17647058823529413
n10565,0.1111111111111111
n743,0.0
n11925,0.1111111111111111
n19502,0.05263157894736842
n4574,0.1111111111111111
n3454,0.0
n7013,0.05263157894736842
n3230,0.17647058823529413
n2094,0.25
n10032,0.1111111111111111
n9058,0.1111111111111111
n22888,0.0
n2084,0.05263157894736842
n17304,0.0
n18938,0.1111111111111111
n15504,0.0
n5505,0.25
n21524,0.1111111111111111
n5029,0.05263157894736842
n6319,0.25
n10699,0.17647058823529413
n20195,0.0
n13913,0.1111111111111111
n21802,0.0
n16100,0.05263157894736842
n21642,0.0
n22775,0.0
n9359,0.0
n2250,0.1111111111111111
n15748,0.1111111111111111
n15974,0.1111111111111111
n17188,0.0
n12955,0.0
n16933,0.0
n12036,0.05263157894736842
n17127,0.05263157894736842
n53,0.25
n14209,0.0
n5399,0.1111111111111111
n6152,0.1111111111111111
n6154,0.1111111111111111
n16852,0.42857142857142855
n13961,0.05263157894736842
n6043,0.17647058823529413
n3273,0.42857142857142855
n20221,0.0
n18153,0.25
n10164,0.0
n16138,0.17647058823529413
n10495,0.17647058823529413
n4604,0.25
n5080,0.3333333333333333
n6812,0.05263157894736842
n2904,0.05263157894736842
n13764,0.05263157894736842
n17852,0.05263157894736842
n19280,0.0
n21179,0.0
n18113,0.05263157894736842
n17547,0.05263157894736842
n15623,0.05263157894736842
n15318,0.25
n6848,0.1111111111111111
n9357,0.17647058823529413
n18196,0.0
n20697,0.1111111111111111
n13940,0.1111111111111111
n9316,0.05263157894736842
n10420,0.0
n8132,0.05263157894736842
n3804,0.0
n7831,0.05263157894736842
n13272,0.05263157894736842
n8436,0.0
n1285,0.1111111111111111
n307,0.0
n4067,0.25
n14195,0.0
n17552,0.05263157894736842
n11666,0.1111111111111111
n20554,0.0
n1554,0.1111111111111111
n14912,0.17647058823529413
n1244,0.1111111111111111
n18074,0.0
n1925,0.05263157894736842
n20712,0.05263157894736842
n13334,0.1111111111111111
n9450,0.1111111111111111
n77,0.1111111111111111
n4209,0.05263157894736842
n21340,0.1111111111111111
n10245,0.0
n16457,0.0
n20052,0.0
n8653,0.1111111111111111
n268,0.25
n145,0.17647058823529413
n17996,0.42857142857142855
n22178,0.0
n17530,0.25
n8392,0.0
n6746,0.0
n22063,0.42857142857142855
n6227,0.0
n13599,0.0
n14668,0.25
n20938,0.0
n19170,0.25
n18414,0.25
n14913,0.05263157894736842
n7348,0.42857142857142855
n8923,0.17647058823529413
n22682,0.05263157894736842
n9767,0.0
n7550,0.25
n6999,0.1111111111111111
n8326,0.17647058823529413
n9581,0.0
n10587,0.05263157894736842
n7278,0.05263157894736842
n5144,0.0
n15530,0.0
n9059,0.0
n20718,0.1111111111111111
n10061,0.1111111111111111
n9553,0.1111111111111111
n3830,0.0
n325,0.05263157894736842
n6125,0.0
n9712,0.0
n17273,0.1111111111111111
n11727,0.1111111111111111
n5832,0.0
n369,0.0
n21320,0.05263157894736842
n8872,0.1111111111111111
n12925,0.05263157894736842
n22140,0.42857142857142855
n3791,0.0
n21137,0.3333333333333333
n22713,0.0
n13371,0.1111111111111111
n12643,0.0
n3554,0.3333333333333333
n4299,0.1111111111111111
n14333,0.0
n7510,0.0
n7509,0.0
n10183,0.0
n12666,0.0
n1713,0.1111111111111111
n20787,0.17647058823529413
n18730,0.05263157894736842
n22460,0.05263157894736842
n3022,0.0
n7108,0.17647058823529413
n8037,0.1111111111111111
n5901,0.0
n6804,0.17647058823529413
n14140,0.0
n22780,0.1111111111111111
n5517,0.42857142857142855
n18766,0.1111111111111111
n11208,0.0
n9659,0.17647058823529413
n17951,0.17647058823529413
n19771,0.25
n6964,0.0
n10838,0.0
n3799,0.1111111111111111
n343,0.0
n21422,0.25
n22822,0.1111111111111111
n2673,0.0
n15334,0.05263157894736842
n6777,0.0
n12507,0.0
n10006,0.0
n2605,0.0
n5022,0.0
n4428,0.05263157894736842
n1910,0.05263157894736842
n2791,0.05263157894736842
n15331,0.05263157894736842
n6950,0.0
n6362,0.0
n12361,0.0
n19008,0.0
n18280,0.1111111111111111
n9694,0.1111111111111111
n21126,0.1111111111111111
n19116,0.17647058823529413
n17230,0.1111111111111111
n17011,0.0
n17180,0.1111111111111111
n4743,0.05263157894736842
n1265,0.0
n4023,0.05263157894736842
n4946,0.3333333333333333
n19006,0.42857142857142855
n2758,0.1111111111111111
n6714,0.0
n8942,0.05263157894736842
n21119,0.0
n18354,0.05263157894736842
n1526,0.1111111111111111
n16005,0.42857142857142855
n8407,0.17647058823529413
n17075,0.1111111111111111
n19364,0.05263157894736842
n5434,0.0
n8911,0.25
n7590,0.17647058823529413
n10867,0.05263157894736842
n10129,0.05263157894736842
n1806,0.1111111111111111
n2985,0.1111111111111111
n6124,0.05263157894736842
n675,0.1111111111111111
n7882,0.05263157894736842
n10154,0.0
n19184,0.25
n5479,0.05263157894736842
n11689,0.3333333333333333
n4196,0.0
n12469,0.0
n2844,0.0
n18016,0.25
n18983,0.05263157894736842
n20400,0.0
n15689,0.05263157894736842
n19729,0.17647058823529413
n8465,0.05263157894736842
n17101,0.17647058823529413
n20408,0.0
n9230,0.1111111111111111
n21600,0.0
n1627,0.17647058823529413
n6562,0.0
n11734,0.05263157894736842
n6504,0.05263157894736842
n18314,0.1111111111111111
n16356,0.0
n11303,0.1111111111111111
n13760,0.0
n14721,0.05263157894736842
n1238,0.05263157894736842
n16989,0.05263157894736842
n21876,0.25
n6291,0.25
n1719,0.17647058823529413
n5406,0.05263157894736842
n22769,0.1111111111111111
n10607,0.1111111111111111
n20613,0.0
n4931,0.17647058823529413
n9881,0.0
n10516,0.1111111111111111
n3186,0.05263157894736842
n2143,0.05263157894736842
n12399,0.05263157894736842
n15494,0.0
n21415,0.0
n15510,0.17647058823529413
n8076,0.05263157894736842
n554,0.05263157894736842
n9071,0.1111111111111111
n20957,0.0
n2129,0.0
n21178,0.0
n12992,0.0
n7050,0.0
n3106,0.0
n5004,0.05263157894736842
n16056,0.05263157894736842
n4068,0.3333333333333333
n10593,0.17647058823529413
n3741,0.17647058823529413
n18891,0.1111111111111111
n4958,0.0
n14684,0.0
n5607,0.0
n13466,0.0
n6281,0.05263157894736842
n6796,0.25
n16091,0.05263157894736842
n17155,0.05263157894736842
n3158,0.0
n5688,0.0
n7748,0.05263157894736842
n9285,0.0
n2723,0.25
n17364,0.25
n1617,0.05263157894736842
n4372,0.0
n1733,0.05263157894736842
n6099,0.25
n12472,0.3333333333333333
n18224,0.05263157894736842
n14658,0.17647058823529413
n22422,0.05263157894736842
n3954,0.25
n10198,0.1111111111111111
n5809,0.1111111111111111
n8432,0.0
n60,0.05263157894736842
n5174,0.05263157894736842
n12081,0.0
n11638,0.05263157894736842
n11775,0.05263157894736842
n20521,0.0
n21542,0.05263157894736842
n1435,0.17647058823529413
n3012,0.0
n18859,0.17647058823529413
n3039,0.05263157894736842
n3859,0.1111111111111111
n17209,0.0
n5950,0.0
n17821,0.42857142857142855
n15509,0.0
n18188,0.17647058823529413
n17074,0.0
n5662,0.05263157894736842
n18474,0.0
n20527,0.1111111111111111
n21174,0.1111111111111111
n18361,0.1111111111111111
n6141,0.1111111111111111
n15016,0.0
n3225,0.17647058823529413
n10201,0.25
n20022,0.05263157894736842
n17043,0.1111111111111111
n12342,0.05263157894736842
n20726,0.0
n11668,0.0
n7964,0.05263157894736842
n4564,0.1111111111111111
n2593,0.0
n6501,0.1111111111111111
n10248,0.25
n16714,0.0
n22296,0.05263157894736842
n22821,0.05263157894736842
n11092,0.05263157894736842
n17623,0.0
n18336,0.0
n7544,0.05263157894736842
n5713,0.1111111111111111
n4641,0.0
n4765,0.25
n14,0.1111111111111111
n8233,0.0
n11280,0.1111111111111111
n17016,0.0
n13918,0.1111111111111111
n17542,0.1111111111111111
n20709,0.0
n18528,0.0
n9243,0.05263157894736842
n10619,0.05263157894736842
n3641,0.05263157894736842
n1944,0.1111111111111111
n7917,0.17647058823529413
n13702,0.1111111111111111
n10525,0.0
n8503,0.3333333333333333
n7468,0.25
n6593,0.1111111111111111
n16425,0.17647058823529413
n6817,0.0
n14681,0.0
n17483,0.0
n7212,0.05263157894736842
n7420,0.3333333333333333
n9029,0.05263157894736842
n19135,0.17647058823529413
n9008,0.1111111111111111
n5873,0.05263157894736842
n18687,0.1111111111111111
n22290,0.05263157894736842
n16246,0.1111111111111111
n3275,0.0
n10332,0.05263157894736842
n12483,0.0
n14308,0.0
n18820,0.1111111111111111
n2715,0.05263157894736842
n15776,0.05263157894736842
n211,0.05263157894736842
n4113,0.05263157894736842
n4268,0.25
n10430,0.17647058823529413
n11545,0.0
n21519,0.0
n7164,0.0
n1610,0.05263157894736842
n8974,0.05263157894736842
n20801,0.17647058823529413
n5076,0.05263157894736842
n22980,0.0
n9552,0.05263157894736842
n21458,0.25
n16842,0.0
n3651,0.0
n21108,0.0
n3208,0.17647058823529413
n11088,0.0
n8833,0.05263157894736842
n13273,0.0
n18363,0.25
n1581,0.42857142857142855
n4691,0.05263157894736842
n15541,0.05263157894736842
n8633,0.25
n5820,0.1111111111111111
n16868,0.1111111111111111
n19535,0.05263157894736842
n15769,0.1111111111111111
n17432,0.1111111111111111
n18310,0.1111111111111111
n8018,0.0
n14543,0.42857142857142855
n17213,0.1111111111111111
n6056,0.25
n12190,0.0
n2203,0.0
n5168,0.0
n12489,0.0
n9655,0.05263157894736842
n10925,0.0
n4235,0.17647058823529413
n7042,0.05263157894736842
n2777,0.1111111111111111
n15712,0.1111111111111111
n5001,0.1111111111111111
n11873,0.3333333333333333
n1346,0.1111111111111111
n5813,0.05263157894736842
n8762,0.05263157894736842
n9665,0.1111111111111111
n5471,0.1111111111111111
n7836,0.05263157894736842
n7769,0.05263157894736842
n12263,0.05263157894736842
n20592,0.0
n21469,0.05263157894736842
n21566,0.0
n5494,0.0
n15803,0.05263157894736842
n11081,0.17647058823529413
n6093,0.25
n10366,0.05263157894736842
n2079,0.17647058823529413
n2857,0.05263157894736842
n11834,0.05263157894736842
n19588,0.0
n20728,0.05263157894736842
n12394,0.0
n17471,0.1111111111111111
n233,0.05263157894736842
n14356,0.05263157894736842
n9085,0.05263157894736842
n9705,0.05263157894736842
n15869,0.25
n5799,0.0
n4978,0.1111111111111111
n3435,0.1111111111111111
n21815,0.05263157894736842
n13592,0.42857142857142855
n10196,0.1111111111111111
n17619,0.17647058823529413
n799,0.1111111111111111
n10897,0.0
n11621,0.0
n14378,0.05263157894736842
n12186,0.05263157894736842
n18348,0.05263157894736842
n7237,0.3333333333333333
n20270,0.1111111111111111
n3923,0.3333333333333333
n21485,0.05263157894736842
n2903,0.1111111111111111
n8086,0.05263157894736842
n8075,0.05263157894736842
n16323,0.05263157894736842
n5095,0.1111111111111111
n9413,0.3333333333333333
n16373,0.05263157894736842
n15518,0.05263157894736842
n9492,0.17647058823529413
n22230,0.0
n2438,0.17647058823529413
n291,0.0
n17237,0.25
n2631,0.17647058823529413
n9301,0.0
n1249,0.05263157894736842
n14740,0.1111111111111111
n17600,0.0
n12408,0.25
n7514,0.17647058823529413
n15575,0.3333333333333333
n4839,0.0
n17033,0.05263157894736842
n18131,0.05263157894736842
n1383,0.0
n6169,0.0
n7299,0.05263157894736842
n15497,0.0
n18160,0.3333333333333333
n18963,0.17647058823529413
n2827,0.05263157894736842
n6465,0.0
n645,0.05263157894736842
n19239,0.3333333333333333
n5485,0.05263157894736842
n7925,0.1111111111111111
n10112,0.3333333333333333
n1468,0.0
n14635,0.0
n2754,0.05263157894736842
n14925,0.05263157894736842
n6394,0.17647058823529413
n21133,0.05263157894736842
n18264,0.1111111111111111
n20512,0.0
n10252,0.0
n5894,0.1111111111111111
n13641,0.05263157894736842
n22382,0.05263157894736842
n2304,0.0
n12502,0.3333333333333333
n21230,0.05263157894736842
n20094,0.0
n5309,0.0
n18777,0.05263157894736842
n13102,0.05263157894736842
n4557,0.42857142857142855
n471,0.05263157894736842
n3760,0.05263157894736842
n10355,0.25
n19967,0.1111111111111111
n84,0.1111111111111111
n15808,0.05263157894736842
n5037,0.0
n5228,0.3333333333333333
n17138,0.05263157894736842
n9235,0.0
n10192,0.0
n22595,0.1111111111111111
n4972,0.05263157894736842
n21777,0.17647058823529413
n11399,0.1111111111111111
n21042,0.0
n17264,0.05263157894736842
n2314,0.17647058823529413
n21966,0.1111111111111111
n6776,0.0
n19715,0.25
n4053,0.1111111111111111
n19683,0.05263157894736842
n10506,0.0
n18550,0.0
n1625,0.5384615384615384
n6077,0.1111111111111111
n3282,0.1111111111111111
n21715,0.1111111111111111
n7026,0.1111111111111111
n21730,0.05263157894736842
n9871,0.1111111111111111
n10558,0.1111111111111111
n18385,0.05263157894736842
n1933,0.0
n12431,0.1111111111111111
n13090,0.05263157894736842
n17179,0.0
n21060,0.0
n8641,0.25
n5229,0.0
n1979,0.0
n17382,0.05263157894736842
n4758,0.42857142857142855
n20827,0.1111111111111111
n10172,0.0
n16292,0.17647058823529413
n1470,0.0
n17804,0.0
n8213,0.0
n11890,0.05263157894736842
n5169,0.05263157894736842
n21976,0.0
n3634,0.17647058823529413
n9331,0.0
n2658,0.0
n1204,0.0
n14163,0.25
n8443,0.05263157894736842
n18231,0.0
n20888,0.05263157894736842
n17850,0.0
n17935,0.05263157894736842
n16024,0.25
n20357,0.05263157894736842
n20409,0.05263157894736842
n3979,0.17647058823529413
n18465,0.17647058823529413
n16836,0.1111111111111111
n15722,0.1111111111111111
n20177,0.17647058823529413
n6589,0.0
n7038,0.05263157894736842
n11017,0.3333333333333333
n18948,0.17647058823529413
n3265,0.0
n16829,0.0
n18895,0.0
n1583,0.0
n2693,0.05263157894736842
n8280,0.0
n17109,0.25
n8940,0.0
n19122,0.0
n5686,0.17647058823529413
n11188,0.0
n18350,0.0
n20209,0.0
n1784,0.0
n2173,0.1111111111111111
n12388,0.05263157894736842
n20991,0.0
n3908,0.05263157894736842
n15613,0.05263157894736842
n10755,0.0
n12641,0.0
n11617,0.25
n22846,0.05263157894736842
n1475,0.1111111111111111
n9068,0.05263157894736842
n9221,0.05263157894736842
n3907,0.05263157894736842
n9526,0.05263157894736842
n3540,0.1111111111111111
n3091,0.1111111111111111
n8229,0.0
n15426,0.05263157894736842
n22131,0.0
n15368,0.25
n9437,0.05263157894736842
n14402,0.0
n15469,0.17647058823529413
n16911,0.1111111111111111
n10144,0.1111111111111111
n13329,0.05263157894736842
n13985,0.0
n7489,0.25
n20525,0.05263157894736842
n20687,0.17647058823529413
n5214,0.1111111111111111
n16437,0.0
n1456,0.17647058823529413
n12242,0.0
n12020,0.05263157894736842
n9982,0.0
n11237,0.1111111111111111
n19550,0.0
n20286,0.05263157894736842
n6475,0.1111111111111111
n5449,0.05263157894736842
n6824,0.1111111111111111
n22642,0.0
n2293,0.1111111111111111
n19010,0.1111111111111111
n6408,0.0
n15235,0.1111111111111111
n10896,0.1111111111111111
n13475,0.0
n9971,0.1111111111111111
n19763,0.05263157894736842
n18461,0.0
n21661,0.17647058823529413
n13105,0.05263157894736842
n3102,0.0
n10695,0.05263157894736842
n19074,0.0
n1940,0.05263157894736842
n19141,0.0
n15468,0.17647058823529413
n13344,0.05263157894736842
n11478,0.05263157894736842
n18657,0.0
n346,0.0
n8917,0.0
n6896,0.1111111111111111
n8230,0.1111111111111111
n17177,0.1111111111111111
n17959,0.0
n10390,0.1111111111111111
n7269,0.1111111111111111
n2053,0.0
n14149,0.0
n19069,0.0
n11647,0.05263157894736842
n22847,0.0
n10726,0.05263157894736842
n8382,0.17647058823529413
n276,0.0
n15678,0.17647058823529413
n13666,0.05263157894736842
n5642,0.1111111111111111
n17055,0.1111111111111111
n2836,0.0
n5912,0.0
n1485,0.05263157894736842
n10371,0.05263157894736842
n5571,0.0
n6401,0.05263157894736842
n8798,0.05263157894736842
n6348,0.1111111111111111
n11169,0.05263157894736842
n12030,0.0
n14499,0.0
n11366,0.17647058823529413
n1369,0.05263157894736842
n11231,0.3333333333333333
n14381,0.42857142857142855
n20021,0.25
n6789,0.05263157894736842
n15435,0.25
n20925,0.17647058823529413
n14003,0.25
n306,0.0
n2436,0.25
n8547,0.05263157894736842
n12505,0.05263157894736842
n14058,0.6666666666666666
n4291,0.17647058823529413
n8903,0.05263157894736842
n21259,0.0
n3345,0.0
n11220,0.05263157894736842
n1873,0.1111111111111111
n6173,0.0
n11381,0.05263157894736842
n12134,0.05263157894736842
n18715,0.1111111111111111
n6697,0.1111111111111111
n20646,0.17647058823529413
n1648,0.1111111111111111
n3462,0.05263157894736842
n8439,0.17647058823529413
n21691,0.0
n7778,0.0
n20260,0.0
n19329,0.0
n19407,0.0
n6247,0.25
n159,0.0
n22188,0.0
n8454,0.0
n16133,0.17647058823529413
n19188,0.0
n597,0.17647058823529413
n4900,0.0
n8845,0.0
n3683,0.17647058823529413
n6491,0.0
n1487,0.05263157894736842
n20950,0.1111111111111111
n15664,0.0
n17426,0.1111111111111111
n12486,0.0
n15441,0.05263157894736842
n7664,0.0
n19738,0.05263157894736842
n2749,0.05263157894736842
n7163,0.1111111111111111
n14422,0.0
n19964,0.05263157894736842
n7861,0.0
n11711,0.05263157894736842
n12606,0.0
n20813,0.1111111111111111
n17000,0.17647058823529413
n15438,0.1111111111111111
n17250,0.05263157894736842
n18962,0.25
n2784,0.0
n337,0.0
n8150,0.0
n20533,0.05263157894736842
n3706,0.05263157894736842
n14018,0.1111111111111111
n18824,0.05263157894736842
n21311,0.25
n4495,0.1111111111111111
n9117,0.17647058823529413
n2564,0.17647058823529413
n16462,0.17647058823529413
n12480,0.1111111111111111
n15378,0.1111111111111111
n4498,0.1111111111111111
n8935,0.0
n9343,0.05263157894736842
n15505,0.42857142857142855
n21522,0.17647058823529413
n19212,0.0
n9242,0.05263157894736842
n1641,0.25
n21188,0.1111111111111111
n12523,0.0
n12972,0.17647058823529413
n18308,0.0
n2412,0.0
n1670,0.17647058823529413
n21250,0.05263157894736842
n11665,0.1111111111111111
n6646,0.17647058823529413
n11978,0.17647058823529413
n14810,0.17647058823529413
n9018,0.17647058823529413
n16695,0.05263157894736842
n16493,0.0
n6526,0.05263157894736842
n8014,0.0
n19722,0.05263157894736842
n13965,0.05263157894736842
n143,0.0
n5944,0.25
n12395,0.05263157894736842
n12988,0.05263157894736842
n17125,0.05263157894736842
n18133,0.0
n4666,0.05263157894736842
n6664,0.1111111111111111
n20205,0.05263157894736842
n14815,0.1111111111111111
n6498,0.05263157894736842
n19957,0.17647058823529413
n6172,0.05263157894736842
n8934,0.05263157894736842
n22824,0.3333333333333333
n12501,0.0
n14726,0.1111111111111111
n17443,0.05263157894736842
n21788,0.0
n4218,0.05263157894736842
n8072,0.1111111111111111
n18593,0.17647058823529413
n6947,0.1111111111111111
n4829,0.0
n9949,0.0
n15817,0.1111111111111111
n17840,0.05263157894736842
n12892,0.05263157894736842
n6787,0.05263157894736842
n3836,0.1111111111111111
n8772,0.17647058823529413
n10711,0.0
n5361,0.0
n21798,0.0
n6471,0.0
n1348,0.05263157894736842
n3219,0.17647058823529413
n3166,0.0
n21721,0.0
n14197,0.17647058823529413
n15650,0.05263157894736842
n2355,0.05263157894736842
n8885,0.42857142857142855
n18600,0.0
n6762,0.05263157894736842
n3535,0.1111111111111111
n4846,0.17647058823529413
n21236,0.0
n8874,0.05263157894736842
n22084,0.0
n12331,0.0
n2804,0.0
n3621,0.1111111111111111
n17439,0.05263157894736842
n10314,0.17647058823529413
n12931,0.0
n8440,0.1111111111111111
n7706,0.0
n8057,0.0
n13729,0.1111111111111111
n19263,0.17647058823529413
n13782,0.1111111111111111
n162,0.25
n1370,0.0
n21824,0.17647058823529413
n17579,0.05263157894736842
n22484,0.05263157894736842
n15386,0.0
n8317,0.3333333333333333
n10614,0.17647058823529413
n19027,0.1111111111111111
n8060,0.0
n15600,0.25
n17269,0.0
n20629,0.0
n19131,0.5384615384615384
n21719,0.3333333333333333
n6426,0.05263157894736842
n18988,0.05263157894736842
n12101,0.1111111111111111
n9131,0.0
n14096,0.1111111111111111
n14847,0.05263157894736842
n2826,0.17647058823529413
n1740,0.0
n3269,0.05263157894736842
n14372,0.05263157894736842
n20072,0.0
n22652,0.0
n17006,0.1111111111111111
n15026,0.05263157894736842
n20129,0.05263157894736842
n21684,0.1111111111111111
n12913,0.25
n15556,0.1111111111111111
n14934,0.0
n15532,0.05263157894736842
n22704,0.05263157894736842
n14345,0.0
n2119,0.1111111111111111
n18690,0.05263157894736842
n2398,0.0
n22007,0.05263157894736842
n3422,0.1111111111111111
n5192,0.0
n17735,0.42857142857142855
n3998,0.0
n8116,0.0
n18831,0.1111111111111111
n4260,0.25
n8140,0.0
n10843,0.0
n19916,0.05263157894736842
n334,0.05263157894736842
n3654,0.0
n7427,0.3333333333333333
n20952,0.1111111111111111
n3139,0.17647058823529413
n16380,0.1111111111111111
n12950,0.05263157894736842
n1888,0.0
n8604,0.17647058823529413
n5486,0.0
n21709,0.1111111111111111
n11174,0.0
n8712,0.0
n1665,0.3333333333333333
n1767,0.0
n10981,0.05263157894736842
n4256,0.0
n21325,0.05263157894736842
n14470,0.05263157894736842
n11766,0.0
n16981,0.25
n13284,0.1111111111111111
n17868,0.1111111111111111
n21727,0.1111111111111111
n8766,0.1111111111111111
n11640,0.05263157894736842
n7259,0.25
n16925,0.05263157894736842
n13342,0.17647058823529413
n4279,0.0
n13448,0.17647058823529413
n13767,0.05263157894736842
n16915,0.0
n11747,0.0
n19962,0.1111111111111111
n5410,0.1111111111111111
n1198,0.05263157894736842
n18743,0.0
n19198,0.17647058823529413
n18761,0.1111111111111111
n15472,0.05263157894736842
n18646,0.17647058823529413
n14382,0.05263157894736842
n14258,0.1111111111111111
n21349,0.0
n8596,0.05263157894736842
n175,0.05263157894736842
n1574,0.17647058823529413
n6549,0.1111111111111111
n21300,0.05263157894736842
n2796,0.1111111111111111
n3985,0.0
n10891,0.05263157894736842
n14603,0.0
n3258,0.0
n10744,0.0
n10624,0.1111111111111111
n21589,0.05263157894736842
n3657,0.0
n2742,0.25
n9439,0.1111111111111111
n4856,0.05263157894736842
n7262,0.0
n4555,0.0
n13775,0.05263157894736842
n3439,0.1111111111111111
n18784,0.17647058823529413
n8191,0.1111111111111111
n18421,0.1111111111111111
n22838,0.1111111111111111
n1776,0.1111111111111111
n21770,0.05263157894736842
n9041,0.05263157894736842
n8180,0.3333333333333333
n7089,0.17647058823529413
n17757,0.05263157894736842
n18247,0.1111111111111111
n4139,0.05263157894736842
n11264,0.05263157894736842
n12221,0.05263157894736842
n19992,0.25
n7213,0.25
n7903,0.0
n17472,0.1111111111111111
n2207,0.0
n5354,0.17647058823529413
n16424,0.25
n21047,0.0
n9458,0.05263157894736842
n2587,0.05263157894736842
n19785,0.1111111111111111
n5212,0.0
n19354,0.1111111111111111
n1511,0.1111111111111111
n7272,0.17647058823529413
n5994,0.05263157894736842
n21102,0.1111111111111111
n3655,0.05263157894736842
n1302,0.17647058823529413
n4144,0.1111111111111111
n20109,0.05263157894736842
n20910,0.05263157894736842
n11475,0.0
n12074,0.42857142857142855
n21073,0.0
n20610,0.05263157894736842
n17876,0.0
n506,0.3333333333333333
n10224,0.1111111111111111
n18105,0.05263157894736842
n18150,0.0
n16839,0.0
n6971,0.1111111111111111
n4395,0.1111111111111111
n17739,0.0
n15660,0.17647058823529413
n21028,0.05263157894736842
n11609,0.1111111111111111
n13106,0.0
n1800,0.3333333333333333
n15281,0.0
n11541,0.0
n6251,0.17647058823529413
n20953,0.0
n5535,0.0
n11127,0.0
n9540,0.0
n12928,0.17647058823529413
n8324,0.05263157894736842
n17976,0.25
n1614,0.25
n4830,0.3333333333333333
n5914,0.0
n3778,0.25
n5893,0.0
n12456,0.05263157894736842
n2775,0.0
n2958,0.05263157894736842
n3154,0.0
n15825,0.05263157894736842
n6733,0.17647058823529413
n9035,0.1111111111111111
n18634,0.17647058823529413
n5171,0.0
n10044,0.25
n16387,0.25
n8716,0.6666666666666666
n10830,0.0
n16837,0.0
n4600,0.05263157894736842
n10276,0.25
n13881,0.25
n13018,0.1111111111111111
n10448,0.0
n8145,0.05263157894736842
n8847,0.17647058823529413
n6666,0.0
n12035,0.0
n6604,0.05263157894736842
n15768,0.05263157894736842
n8669,0.05263157894736842
n7601,0.05263157894736842
n5665,0.0
n2970,0.05263157894736842
n9015,0.05263157894736842
n15332,0.05263157894736842
n17355,0.05263157894736842
n2735,0.25
n10068,0.1111111111111111
n10443,0.0
n17442,0.05263157894736842
n18065,0.0
n5681,0.0
n7255,0.1111111111111111
n4440,0.0
n21421,0.17647058823529413
n2373,0.05263157894736842
n15914,0.0
n10523,0.0
n17995,0.17647058823529413
n15973,0.05263157894736842
n20479,0.0
n9408,0.05263157894736842
n2362,0.1111111111111111
n9713,0.25
n14009,0.1111111111111111
n20707,0.1111111111111111
n20434,0.05263157894736842
n5458,0.17647058823529413
n18193,0.25
n5731,0.1111111111111111
n16608,0.05263157894736842
n15882,0.1111111111111111
n3968,0.3333333333333333
n7837,0.05263157894736842
n8463,0.05263157894736842
n1339,0.0
n14211,0.25
n19898,0.05263157894736842
n1301,0.17647058823529413
n19874,0.05263157894736842
n2746,0.0
n225,0.05263157894736842
n3074,0.0
n21004,0.0
n1171,0.0
n21395,0.05263157894736842
n21668,0.17647058823529413
n21213,0.0
n69,0.05263157894736842
n10024,0.05263157894736842
n17904,0.0
n5213,0.5384615384615384
n8020,0.05263157894736842
n6623,0.1111111111111111
n14577,0.1111111111111111
n5199,0.0
n21983,0.0
n18828,0.05263157894736842
n20930,0.0
n3936,0.1111111111111111
n18840,0.1111111111111111
n1883,0.1111111111111111
n3298,0.0
n10953,0.05263157894736842
n21008,0.1111111111111111
n13086,0.0
n22965,0.0
n9505,0.17647058823529413
n3696,0.25
n16446,0.05263157894736842
n2409,0.3333333333333333
n8108,0.05263157894736842
n10427,0.17647058823529413
n255,0.1111111111111111
n14260,0.1111111111111111
n9267,0.17647058823529413
n2786,0.05263157894736842
n16610,0.0
n14943,0.3333333333333333
n6554,0.05263157894736842
n18171,0.3333333333333333
n6211,0.1111111111111111
n8972,0.0
n8329,0.05263157894736842
n22218,0.05263157894736842
n10837,0.1111111111111111
n9297,0.0
n6515,0.05263157894736842
n6525,0.0
n9859,0.17647058823529413
n5512,0.05263157894736842
n2688,0.05263157894736842
n19058,0.05263157894736842
n19427,0.0
n10082,0.25
n3156,0.0
n1444,0.0
n9241,0.1111111111111111
n12396,0.17647058823529413
n15228,0.0
n1336,0.0
n17932,0.1111111111111111
n9903,0.17647058823529413
n22640,0.05263157894736842
n2020,0.25
n10725,0.0
n11517,0.17647058823529413
n4575,0.05263157894736842
n12277,0.05263157894736842
n20935,0.05263157894736842
n6802,0.17647058823529413
n6048,0.05263157894736842
n12690,0.05263157894736842
n12119,0.17647058823529413
n19850,0.0
n893,0.0
n4744,0.25
n2065,0.17647058823529413
n17925,0.1111111111111111
n10393,0.05263157894736842
n1338,0.05263157894736842
n13916,0.0
n12651,0.17647058823529413
n20780,0.17647058823529413
n14698,0.42857142857142855
n18281,0.0
n4630,0.0
n21784,0.1111111111111111
n9395,0.05263157894736842
n7844,0.0
n14782,0.0
n16467,0.05263157894736842
n18954,0.1111111111111111
n22264,0.0
n19023,0.0
n5,0.05263157894736842
n9385,0.1111111111111111
n2161,0.1111111111111111
n10692,0.0
n15402,0.05263157894736842
n21453,0.0
n14087,0.0
n16196,0.17647058823529413
n16471,0.05263157894736842
n5376,0.17647058823529413
n21225,0.17647058823529413
n14682,0.1111111111111111
n8671,0.17647058823529413
n13709,0.42857142857142855
n13789,0.0
n11991,0.05263157894736842
n15218,0.1111111111111111
n19097,0.05263157894736842
n2204,0.1111111111111111
n8068,0.17647058823529413
n5052,0.05263157894736842
n7948,0.0
n8768,0.1111111111111111
n6866,0.1111111111111111
n22471,0.05263157894736842
n14295,0.05263157894736842
n9211,0.05263157894736842
n13710,0.17647058823529413
n18469,0.0
n3296,0.05263157894736842
n20506,0.05263157894736842
n18992,0.05263157894736842
n8449,0.1111111111111111
n7009,0.0
n11141,0.05263157894736842
n10407,0.1111111111111111
n15687,0.0
n10810,0.0
n10649,0.1111111111111111
n9222,0.0
n20993,0.0
n11854,0.05263157894736842
n21608,0.17647058823529413
n8702,0.17647058823529413
n20492,0.0
n11203,0.05263157894736842
n8342,0.05263157894736842
n7136,0.25
n15493,0.05263157894736842
n16442,0.05263157894736842
n19977,0.1111111111111111
n7140,0.1111111111111111
n7916,0.42857142857142855
n15872,0.17647058823529413
n13376,0.05263157894736842
n21740,0.17647058823529413
n1374,0.0
n17474,0.0
n2802,0.1111111111111111
n21437,0.42857142857142855
n7811,0.0
n1886,0.0
n20961,0.05263157894736842
n8984,0.05263157894736842
n10035,0.05263157894736842
n13510,0.0
n13293,0.0
n11736,0.0
n15773,0.05263157894736842
n16186,0.05263157894736842
n8008,0.05263157894736842
n11410,0.05263157894736842
n16626,0.0
n9911,0.1111111111111111
n2078,0.0
n16710,0.0
n4462,0.05263157894736842
n16727,0.1111111111111111
n21689,0.0
n1100,0.17647058823529413
n21091,0.1111111111111111
n21910,0.05263157894736842
n13446,0.05263157894736842
n17604,0.17647058823529413
n5163,0.0
n10572,0.17647058823529413
n6975,0.05263157894736842
n11794,0.17647058823529413
n11583,0.0
n20020,0.1111111111111111
n3342,0.05263157894736842
n19973,0.17647058823529413
n9947,0.0
n16942,0.17647058823529413
n2055,0.0
n4789,0.1111111111111111
n6580,0.1111111111111111
n21561,0.0
n8200,0.0
n21129,0.17647058823529413
n2691,0.0
n11778,0.0
n2815,0.05263157894736842
n1341,0.0
n6547,0.0
n11692,0.1111111111111111
n8848,0.1111111111111111
n10937,0.0
n18387,0.1111111111111111
n11321,0.0
n19589,0.1111111111111111
n22882,0.0
n16838,0.1111111111111111
n7441,0.05263157894736842
n7821,0.0
n6851,0.25
n20100,0.17647058823529413
n6127,0.1111111111111111
n9089,0.25
n15626,0.0
n19004,0.3333333333333333
n914,0.0
n3618,0.17647058823529413
n10121,0.17647058823529413
n15492,0.0
n21296,0.1111111111111111
n1803,0.17647058823529413
n14266,0.0
n12494,0.0
n1782,0.0
n15086,0.0
n21732,0.1111111111111111
n1745,0.05263157894736842
n10657,0.05263157894736842
n5135,0.17647058823529413
n3789,0.0
n5013,0.17647058823529413
n17758,0.05263157894736842
n16231,0.0
n18170,0.0
n4141,0.25
n14778,0.17647058823529413
n15467,0.1111111111111111
n10736,0.05263157894736842
n9397,0.1111111111111111
n14104,0.17647058823529413
n11858,0.1111111111111111
n15508,0.3333333333333333
n4572,0.3333333333333333
n10664,0.1111111111111111
n3701,0.0
n22377,0.05263157894736842
n14760,0.1111111111111111
n16640,0.0
n2856,0.0
n22738,0.05263157894736842
n21317,0.05263157894736842
n563,0.1111111111111111
n11641,0.05263157894736842
n7289,0.0
n13252,0.0
n14277,0.0
n18394,0.05263157894736842
n18910,0.05263157894736842
n4496,0.25
n1024,0.0
n20863,0.17647058823529413
n21211,0.25
n1462,0.05263157894736842
n20150,0.0
n2108,0.0
n22903,0.1111111111111111
n4497,0.17647058823529413
n5715,0.0
n8651,0.17647058823529413
n12544,0.1111111111111111
n3748,0.1111111111111111
n10360,0.05263157894736842
n11648,0.1111111111111111
n7847,0.0
n16135,0.05263157894736842
n6398,0.17647058823529413
n17787,0.0
n16359,0.0
n10273,0.05263157894736842
n12602,0.1111111111111111
n20494,0.0
n15853,0.1111111111111111
n11546,0.0
n4323,0.05263157894736842
n1311,0.05263157894736842
n21665,0.0
n17411,0.05263157894736842
n6563,0.0
n10405,0.0
n11650,0.0
n16576,0.1111111111111111
n10344,0.17647058823529413
n8530,0.05263157894736842
n6835,0.25
n21235,0.1111111111111111
n17709,0.25
n328,0.05263157894736842
n10466,0.05263157894736842
n21182,0.0
n15691,0.25
n2714,0.0
n4540,0.0
n20655,0.1111111111111111
n6102,0.17647058823529413
n11646,0.0
n3630,0.05263157894736842
n4419,0.0
n18031,0.17647058823529413
n7945,0.05263157894736842
n368,0.25
n4579,0.3333333333333333
n21651,0.1111111111111111
n21945,0.25
n9864,0.0
n3393,0.0
n2554,0.42857142857142855
n7188,0.17647058823529413
n1868,0.1111111111111111
n10175,0.0
n4381,0.0
n13769,0.0
n1841,0.1111111111111111
n13458,0.05263157894736842
n19061,0.05263157894736842
n20775,0.05263157894736842
n5643,0.0
n14528,0.0
n9668,0.0
n11721,0.0
n2032,0.17647058823529413
n18866,0.05263157894736842
n20814,0.0
n1880,0.05263157894736842
n10199,0.05263157894736842
n17228,0.05263157894736842
n11983,0.1111111111111111
n19071,0.1111111111111111
n12273,0.0
n5188,0.0
n10488,0.25
n17884,0.0
n19844,0.17647058823529413
n1455,0.1111111111111111
n8827,0.1111111111111111
n8857,0.0
n20753,0.0
n7782,0.1111111111111111
n20170,0.0
n4890,0.05263157894736842
n19234,0.1111111111111111
n19091,0.0
n16752,0.05263157894736842
n2444,0.1111111111111111
n21380,0.0
n1191,0.17647058823529413
n9159,0.17647058823529413
n20987,0.05263157894736842
n22311,0.0
n1127,0.05263157894736842
n21354,0.1111111111111111
n4510,0.1111111111111111
n13211,0.1111111111111111
n20003,0.05263157894736842
n299,0.05263157894736842
n21229,0.0
n6846,0.17647058823529413
n3035,0.0
n9430,0.1111111111111111
n7250,0.05263157894736842
n16665,0.0
n1562,0.0
n4314,0.0
n21435,0.1111111111111111
n17371,0.0
n15079,0.0
n19401,0.3333333333333333
n6495,0.05263157894736842
n8388,0.3333333333333333
n2453,0.0
n15407,0.25
n19277,0.0
n5298,0.0
n19246,0.0
n9806,0.0
n3006,0.0
n22166,0.0
n22474,0.17647058823529413
n111,0.25
n964,0.1111111111111111
n717,0.0
n2117,0.0
n6296,0.05263157894736842
n9206,0.1111111111111111
n10151,0.25
n12612,0.42857142857142855
n13282,0.0
n16600,0.42857142857142855
n6100,0.1111111111111111
n17722,0.05263157894736842
n18223,0.0
n18194,0.25
n11963,0.5384615384615384
n13226,0.1111111111111111
n6877,0.17647058823529413
n10650,0.25
n15744,0.3333333333333333
n15886,0.17647058823529413
n12942,0.05263157894736842
n6413,0.0
n12770,0.0
n20027,0.05263157894736842
n8831,0.0
n15779,0.0
n6213,0.05263157894736842
n16314,0.3333333333333333
n2650,0.0
n13429,0.0
n10680,0.05263157894736842
n15804,0.1111111111111111
n18703,0.1111111111111111
n21550,0.05263157894736842
n5518,0.3333333333333333
n1990,0.05263157894736842
n7000,0.42857142857142855
n12742,0.25
n2748,0.0
n13776,0.0
n15370,0.25
n15502,0.0
n18559,0.0
n3646,0.1111111111111111
n16015,0.0
n22026,0.1111111111111111
n13857,0.3333333333333333
n20054,0.05263157894736842
n19531,0.0
n22229,0.05263157894736842
n10316,0.0
n18967,0.05263157894736842
n18980,0.05263157894736842
n19421,0.0
n12223,0.05263157894736842
n10126,0.05263157894736842
n19660,0.1111111111111111
n16745,0.17647058823529413
n22073,0.0
n16554,0.25
n17105,0.1111111111111111
n5116,0.1111111111111111
n14175,0.05263157894736842
n22478,0.0
n13038,0.05263157894736842
n21619,0.0
n20630,0.05263157894736842
n646,0.25
n22527,0.05263157894736842
n12389,0.0
n9336,0.0
n9584,0.25
n7548,0.3333333333333333
n16489,0.05263157894736842
n6924,0.0
n11312,0.17647058823529413
n20318,0.25
n13580,0.0
n2687,0.0
n7504,0.17647058823529413
n12521,0.1111111111111111
n109,0.3333333333333333
n16036,0.1111111111111111
n13920,0.42857142857142855
n19255,0.05263157894736842
n2064,0.05263157894736842
n13298,0.1111111111111111
n15003,0.0
n15820,0.1111111111111111
n21187,0.1111111111111111
n4855,0.1111111111111111
n9876,0.0
n6357,0.17647058823529413
n22158,0.1111111111111111
n21228,0.0
n1536,0.05263157894736842
n2537,0.17647058823529413
n12332,0.05263157894736842
n1629,0.0
n14796,0.42857142857142855
n12021,0.05263157894736842
n752,0.1111111111111111
n6300,0.05263157894736842
n20982,0.0
n21480,0.0
n9379,0.05263157894736842
n9452,0.17647058823529413
n8960,0.0
n1480,0.1111111111111111
n11324,0.25
n18754,0.3333333333333333
n9975,0.0
n13324,0.0
n8304,0.0
n12215,0.1111111111111111
n19991,0.1111111111111111
n10077,0.05263157894736842
n20010,0.0
n16744,0.05263157894736842
n9929,0.0
n3928,0.0
n12759,0.05263157894736842
n4043,0.17647058823529413
n1738,0.05263157894736842
n3332,0.05263157894736842
n3029,0.05263157894736842
n15800,0.17647058823529413
n21339,0.17647058823529413
n18844,0.0
n9612,0.05263157894736842
n13430,0.0
n12368,0.0
n9679,0.05263157894736842
n6595,0.0
n10910,0.0
n9474,0.25
n10343,0.05263157894736842
n12347,0.0
n9863,0.05263157894736842
n18328,0.0
n6867,0.42857142857142855
n16994,0.17647058823529413
n17505,0.05263157894736842
n19758,0.05263157894736842
n19685,0.0
n7233,0.17647058823529413
n3114,0.0
n3617,0.42857142857142855
n2619,0.0
n1956,0.05263157894736842
n3409,0.0
n10324,0.1111111111111111
n11673,0.25
n2555,0.05263157894736842
n15615,0.05263157894736842
n1169,0.05263157894736842
n18889,0.25
n10362,0.17647058823529413
n4210,0.0
n18220,0.1111111111111111
n7999,0.05263157894736842
n13498,0.1111111111111111
n16383,0.0
n18296,0.0
n4094,0.0
n7018,0.3333333333333333
n495,0.17647058823529413
n21396,0.05263157894736842
n18637,0.1111111111111111
n20199,0.0
n15373,0.1111111111111111
n15645,0.0
n15514,0.0
n20891,0.17647058823529413
n9985,0.1111111111111111
n10551,0.0
n8021,0.05263157894736842
n14535,0.1111111111111111
n11313,0.05263157894736842
n8488,0.1111111111111111
n6679,0.0
n515,0.05263157894736842
n11785,0.1111111111111111
n12272,0.0
n21054,0.0
n317,0.17647058823529413
n12090,0.0
n5358,0.0
n19065,0.3333333333333333
n8152,0.0
n8800,0.05263157894736842
n12159,0.1111111111111111
n376,0.1111111111111111
n9446,0.25
n14557,0.1111111111111111
n16214,0.3333333333333333
n21868,0.0
n5652,0.42857142857142855
n19983,0.05263157894736842
n20816,0.1111111111111111
n6462,0.05263157894736842
n19157,0.1111111111111111
n12380,0.0
n3216,0.1111111111111111
n19286,0.0
n11876,0.25
n15215,0.05263157894736842
n3095,0.05263157894736842
n8808,0.0
n20585,0.05263157894736842
n22194,0.05263157894736842
n1731,0.0
n13391,0.0
n20543,0.25
n5250,0.25
n16613,0.1111111111111111
n11533,0.0
n15796,0.17647058823529413
n8339,0.05263157894736842
n16019,0.1111111111111111
n14911,0.17647058823529413
n16564,0.05263157894736842
n21432,0.3333333333333333
n22028,0.05263157894736842
n7235,0.05263157894736842
n21951,0.05263157894736842
n16855,0.1111111111111111
n11334,0.1111111111111111
n4232,0.17647058823529413
n1950,0.05263157894736842
n13427,0.0
n17315,0.42857142857142855
n6615,0.1111111111111111
n19334,0.05263157894736842
n6577,0.05263157894736842
n17653,0.0
n16919,0.1111111111111111
n4620,0.05263157894736842
n18971,0.05263157894736842
n11769,0.3333333333333333
n6429,0.05263157894736842
n18173,0.25
n16655,0.17647058823529413
n14990,0.0
n6992,0.05263157894736842
n20765,0.05263157894736842
n22358,0.0
n15479,0.0
n1840,0.17647058823529413
n17009,0.25
n19244,0.0
n670,0.05263157894736842
n14632,0.25
n3103,0.05263157894736842
n15927,0.1111111111111111
n6644,0.05263157894736842
n20806,0.0
n8758,0.17647058823529413
n2704,0.0
n10037,0.1111111111111111
n13261,0.1111111111111111
n11253,0.1111111111111111
n19653,0.1111111111111111
n13250,0.05263157894736842
n18693,0.17647058823529413
n7414,0.05263157894736842
n11482,0.17647058823529413
n14226,0.05263157894736842
n2135,0.0
n10451,0.05263157894736842
n16587,0.0
n9619,0.05263157894736842
n2287,0.05263157894736842
n6028,0.0
n13603,0.17647058823529413
n8630,0.05263157894736842
n10015,0.0
n15329,0.05263157894736842
n7382,0.25
n15513,0.0
n7144,0.0
n21194,0.17647058823529413
n4911,0.05263157894736842
n10567,0.05263157894736842
n4390,0.0
n1286,0.05263157894736842
n5117,0.3333333333333333
n9626,0.0
n14222,0.17647058823529413
n15633,0.0
n22916,0.05263157894736842
n5010,0.05263157894736842
n12476,0.05263157894736842
n15023,0.05263157894736842
n21390,0.05263157894736842
n20994,0.0
n12960,0.05263157894736842
n14854,0.05263157894736842
n11256,0.0
n3567,0.25
n10630,0.3333333333333333
n9162,0.05263157894736842
n5592,0.05263157894736842
n375,0.0
n13826,0.05263157894736842
n20380,0.1111111111111111
n7357,0.3333333333333333
n19151,0.0
n8962,0.1111111111111111
n8982,0.0
n9378,0.05263157894736842
n7658,0.05263157894736842
n9252,0.25
n16726,0.1111111111111111
n21031,0.05263157894736842
n15911,0.0
n10056,0.1111111111111111
n9364,0.0
n1366,0.0
n3017,0.05263157894736842
n17737,0.25
n15419,0.1111111111111111
n15208,0.0
n20216,0.1111111111111111
n18183,0.0
n16322,0.0
n15809,0.1111111111111111
n9898,0.05263157894736842
n14364,0.3333333333333333
n15610,0.05263157894736842
n5740,0.05263157894736842
n9926,0.1111111111111111
n6057,0.05263157894736842
n6433,0.25
n15307,0.17647058823529413
n14187,0.0
n9063,0.1111111111111111
n12158,0.05263157894736842
n5063,0.25
n13992,0.1111111111111111
n1315,0.05263157894736842
n8595,0.0
n21780,0.0
n20832,0.05263157894736842
n22168,0.0
n20546,0.0
n20071,0.1111111111111111
n22884,0.17647058823529413
n21738,0.05263157894736842
n22523,0.05263157894736842
n20617,0.0
n8226,0.0
n10795,0.0
n15262,0.0
n2184,0.0
n16311,0.05263157894736842
n10643,0.25
n14708,0.1111111111111111
n4909,0.25
n5699,0.17647058823529413
n4885,0.0
n1914,0.05263157894736842
n15661,0.0
n5349,0.17647058823529413
n17534,0.0
n9186,0.17647058823529413
n15954,0.17647058823529413
n20786,0.0
n1850,0.05263157894736842
n18345,0.3333333333333333
n1543,0.0
n2159,0.05263157894736842
n6693,0.25
n6919,0.0
n18695,0.0
n18809,0.05263157894736842
n6767,0.0
n3379,0.25
n3446,0.05263157894736842
n3867,0.1111111111111111
n5182,0.05263157894736842
n21441,0.0
n12220,0.1111111111111111
n14749,0.0
n19367,0.05263157894736842
n18316,0.05263157894736842
n1722,0.05263157894736842
n15387,0.1111111111111111
n18070,0.17647058823529413
n19745,0.0
n3493,0.17647058823529413
n2870,0.0
n18106,0.17647058823529413
n8396,0.05263157894736842
n11061,0.0
n9369,0.1111111111111111
n10111,0.05263157894736842
n10822,0.0
n18207,0.1111111111111111
n22897,0.0
n13509,0.0
n21375,0.05263157894736842
n17038,0.05263157894736842
n18087,0.5384615384615384
n15692,0.0
n17771,0.0
n22755,0.0
n14316,0.05263157894736842
n18198,0.25
n17403,0.1111111111111111
n17293,0.0
n12503,0.0
n2147,0.05263157894736842
n15341,0.25
n7366,0.05263157894736842
n4288,0.25
n9344,0.0
n15866,0.05263157894736842
n9917,0.1111111111111111
n14122,0.0
n2982,0.05263157894736842
n5009,0.0
n14475,0.17647058823529413
n1454,0.05263157894736842
n22858,0.05263157894736842
n11773,0.0
n15371,0.0
n4021,0.17647058823529413
n13928,0.17647058823529413
n505,0.1111111111111111
n15753,0.05263157894736842
n6304,0.3333333333333333
n400,0.0
n1616,0.17647058823529413
n4871,0.05263157894736842
n14946,0.05263157894736842
n2091,0.05263157894736842
n16886,0.05263157894736842
n12881,0.0
n3740,0.3333333333333333
n9064,0.1111111111111111
n12231,0.05263157894736842
n6632,0.05263157894736842
n20306,0.0
n15854,0.0
n10182,0.1111111111111111
n7275,0.0
n17131,0.0
n18989,0.05263157894736842
n6970,0.1111111111111111
n8726,0.0
n17580,0.0
n6492,0.0
n7930,0.05263157894736842
n17260,0.17647058823529413
n22859,0.05263157894736842
n5723,0.3333333333333333
n20464,0.05263157894736842
n9820,0.0
n10760,0.0
n13870,0.1111111111111111
n11905,0.0
n21490,0.17647058823529413
n2156,0.0
n1785,0.0
n4465,0.05263157894736842
n19121,0.05263157894736842
n4129,0.1111111111111111
n15351,0.0
n3494,0.1111111111111111
n13352,0.1111111111111111
n20921,0.1111111111111111
n3427,0.05263157894736842
n1045,0.1111111111111111
n1632,0.05263157894736842
n17168,0.0
n8189,0.05263157894736842
n993,0.0
n7309,0.17647058823529413
n19203,0.05263157894736842
n4150,0.05263157894736842
n13859,0.05263157894736842
n223,0.1111111111111111
n13362,0.05263157894736842
n14932,0.05263157894736842
n12391,0.0
n19348,0.17647058823529413
n5074,0.05263157894736842
n15563,0.05263157894736842
n18493,0.17647058823529413
n338,0.17647058823529413
n8320,0.05263157894736842
n17378,0.0
n9729,0.0
n17891,0.0
n8809,0.0
n10916,0.05263157894736842
n13440,0.0
n10827,0.17647058823529413
n17025,0.05263157894736842
n18700,0.1111111111111111
n7936,0.25
n15646,0.0
n19398,0.0
n19405,0.0
n20989,0.05263157894736842
n8961,0.0
n11054,0.0
n9490,0.05263157894736842
n22111,0.0
n14069,0.5384615384615384
n16175,0.0
n22195,0.25
n2093,0.05263157894736842
n13768,0.1111111111111111
n14766,0.0
n16381,0.05263157894736842
n19984,0.0
n21140,0.17647058823529413
n18035,0.05263157894736842
n13363,0.1111111111111111
n15764,0.1111111111111111
n8130,0.05263157894736842
n10865,0.1111111111111111
n7355,0.05263157894736842
n16025,0.17647058823529413
n18078,0.25
n14508,0.3333333333333333
n16903,0.0
n10538,0.0
n13610,0.0
n21231,0.0
n18291,0.17647058823529413
n9616,0.0
n16818,0.05263157894736842
n22933,0.0
n18246,0.17647058823529413
n20523,0.0
n14614,0.0
n6775,0.25
n20398,0.1111111111111111
n7984,0.42857142857142855
n13718,0.1111111111111111
n5375,0.17647058823529413
n7738,0.05263157894736842
n6349,0.0
n7232,0.25
n18783,0.0
n5177,0.0
n20818,0.05263157894736842
n21865,0.0
n13021,0.05263157894736842
n1535,0.25
n6603,0.1111111111111111
n14665,0.05263157894736842
n9309,0.05263157894736842
n1801,0.1111111111111111
n12500,0.05263157894736842
n11649,0.05263157894736842
n22215,0.0
n14265,0.05263157894736842
n2183,0.1111111111111111
n1946,0.0
n7406,0.05263157894736842
n4234,0.0
n8507,0.05263157894736842
n13953,0.05263157894736842
n18845,0.0
n16160,0.05263157894736842
n20320,0.25
n16913,0.17647058823529413
n20520,0.1111111111111111
n9607,0.0
n15812,0.1111111111111111
n6241,0.0
n4147,0.0
n10330,0.0
n20904,0.42857142857142855
n20259,0.0
n693,0.0
n4957,0.05263157894736842
n7422,0.1111111111111111
n17699,0.0
n22119,0.0
n19835,0.1111111111111111
n16719,0.05263157894736842
n2095,0.05263157894736842
n5054,0.1111111111111111
n2491,0.0
n15889,0.17647058823529413
n19138,0.05263157894736842
n14328,0.42857142857142855
n458,0.3333333333333333
n5266,0.0
n18079,0.17647058823529413
n2367,0.25
n9003,0.05263157894736842
n13477,0.25
n951,0.05263157894736842
n15668,0.05263157894736842
n18392,0.05263157894736842
n18847,0.1111111111111111
n6543,0.1111111111111111
n15942,0.05263157894736842
n5892,0.05263157894736842
n21368,0.05263157894736842
n55,0.17647058823529413
n7464,0.05263157894736842
n15671,0.05263157894736842
n10110,0.05263157894736842
n5342,0.0
n21322,0.25
n18567,0.25
n504,0.3333333333333333
n512,0.1111111111111111
n9673,0.3333333333333333
n4320,0.05263157894736842
n13970,0.0
n8784,0.1111111111111111
n18799,0.0
n19205,0.05263157894736842
n18878,0.05263157894736842
n6118,0.05263157894736842
n19166,0.05263157894736842
n19104,0.1111111111111111
n4028,0.0
n7295,0.05263157894736842
n14051,0.05263157894736842
n21268,0.0
n10585,0.0
n18405,0.05263157894736842
n827,0.17647058823529413
n1824,0.0
n15640,0.05263157894736842
n18232,0.05263157894736842
n18876,0.0
n22894,0.0
n3904,0.0
n14134,0.0
n3053,0.05263157894736842
n13318,0.42857142857142855
n10433,0.1111111111111111
n17941,0.0
n21972,0.05263157894736842
n2845,0.25
n6075,0.0
n477,0.05263157894736842
n16889,0.17647058823529413
n17678,0.0
n19140,0.0
n2890,0.1111111111111111
n9663,0.05263157894736842
n7988,0.3333333333333333
n15659,0.05263157894736842
n12519,0.0
n15324,0.0
n12371,0.3333333333333333
n8262,0.0
n6026,0.1111111111111111
n17869,0.05263157894736842
n19724,0.17647058823529413
n4974,0.25
n18331,0.05263157894736842
n15447,0.17647058823529413
n18998,0.25
n4605,0.1111111111111111
n21829,0.5384615384615384
n5120,0.0
n1773,0.17647058823529413
n17193,0.05263157894736842
n3739,0.25
n2061,0.0
n9998,0.0
n11765,0.3333333333333333
n14320,0.05263157894736842
n2155,0.05263157894736842
n13345,0.1111111111111111
n15181,0.0
n15519,0.1111111111111111
n15770,0.1111111111111111
n19743,0.17647058823529413
n3812,0.3333333333333333
n7982,0.0
n1288,0.25
n5645,0.0
n21493,0.17647058823529413
n5416,0.0
n3844,0.17647058823529413
n7367,0.05263157894736842
n19038,0.1111111111111111
n14988,0.05263157894736842
n4623,0.1111111111111111
n6375,0.05263157894736842
n18407,0.1111111111111111
n21626,0.5384615384615384
n9768,0.05263157894736842
n10527,0.0
n7539,0.0
n20178,0.1111111111111111
n10238,0.0
n21433,0.0
n3240,0.0
n13975,0.25
n9319,0.0
n22890,0.0
n10401,0.05263157894736842
n7956,0.05263157894736842
n8232,0.05263157894736842
n21037,0.0
n9324,0.05263157894736842
n21633,0.0
n8066,0.1111111111111111
n17602,0.0
n641,0.1111111111111111
n6497,0.05263157894736842
n15710,0.1111111111111111
n5084,0.0
n542,0.05263157894736842
n6831,0.0
n22688,0.0
n10075,0.1111111111111111
n12264,0.0
n12890,0.0
n9748,0.05263157894736842
n9012,0.0
n9934,0.0
n4687,0.0
n8219,0.0
n381,0.25
n10913,0.0
n9046,0.0
n16882,0.0
n11717,0.1111111111111111
n17956,0.05263157894736842
n18597,0.1111111111111111
n19181,0.05263157894736842
n238,0.25
n809,0.0
n2126,0.0
n4924,0.25
n9991,0.17647058823529413
n9261,0.0
n2621,0.1111111111111111
n2411,0.0
n4050,0.05263157894736842
n10055,0.0
n14212,0.05263157894736842
n16254,0.0
n8542,0.1111111111111111
n21099,0.42857142857142855
n10681,0.05263157894736842
n3384,0.42857142857142855
n3381,0.25
n11779,0.1111111111111111
n14720,0.05263157894736842
n19567,0.0
n8879,0.1111111111111111
n1997,0.17647058823529413
n12962,0.05263157894736842
n13756,0.17647058823529413
n6414,0.25
n3649,0.05263157894736842
n9103,0.05263157894736842
n16174,0.1111111111111111
n16213,0.1111111111111111
n7022,0.3333333333333333
n6575,0.05263157894736842
n19076,0.1111111111111111
n18530,0.0
n3015,0.17647058823529413
n3659,0.0
n15567,0.0
n8558,0.3333333333333333
n17928,0.0
n6960,0.0
n17979,0.0
n10234,0.1111111111111111
n17755,0.05263157894736842
n20328,0.05263157894736842
n22266,0.1111111111111111
n11207,0.05263157894736842
n14374,0.0
n20789,0.05263157894736842
n19914,0.05263157894736842
n22705,0.1111111111111111
n3414,0.25
n17957,0.1111111111111111
n9504,0.0
n14646,0.0
n16297,0.05263157894736842
n20396,0.0
n22314,0.17647058823529413
n2803,0.05263157894736842
n1180,0.0
n22616,0.0
n18054,0.0
n15417,0.0
n2408,0.0
n3596,0.05263157894736842
n7905,0.0
n21716,0.25
n13001,0.17647058823529413
n16877,0.0
n10689,0.05263157894736842
n11684,0.0
n4379,0.0
n19114,0.1111111111111111
n15851,0.17647058823529413
n628,0.05263157894736842
n4852,0.0
n6954,0.0
n20983,0.1111111111111111
n20274,0.0
n11297,0.1111111111111111
n7283,0.0
n9348,0.05263157894736842
n21000,0.17647058823529413
n9274,0.0
n17702,0.3333333333333333
n4249,0.0
n15596,0.0
n1551,0.17647058823529413
n3877,0.17647058823529413
n10033,0.17647058823529413
n150,0.1111111111111111
n9436,0.05263157894736842
n10793,0.0
n11528,0.25
n4774,0.05263157894736842
n3638,0.05263157894736842
n1671,0.25
n2188,0.05263157894736842
n10554,0.0
n4071,0.1111111111111111
n6107,0.0
n6406,0.0
n10047,0.25
n15566,0.0
n8499,0.25
n15067,0.25
n15410,0.17647058823529413
n11286,0.0
n15338,0.05263157894736842
n15252,0.0
n19492,0.5384615384615384
n9632,0.0
n5531,0.3333333333333333
n21165,0.0
n20154,0.1111111111111111
n4007,0.05263157894736842
n8273,0.0
n10290,0.1111111111111111
n22880,0.17647058823529413
n7901,0.05263157894736842
n8092,0.17647058823529413
n2597,0.1111111111111111
n13924,0.3333333333333333
n14165,0.17647058823529413
n4970,0.05263157894736842
n4837,0.0
n4994,0.17647058823529413
n21742,0.17647058823529413
n8640,0.25
n5017,0.05263157894736842
n22249,0.1111111111111111
n21635,0.25
n17099,0.05263157894736842
n5808,0.1111111111111111
n3716,0.1111111111111111
n22783,0.17647058823529413
n14583,0.17647058823529413
n3019,0.1111111111111111
n7296,0.0
n9130,0.0
n3711,0.0
n14624,0.0
n9112,0.1111111111111111
n14793,0.05263157894736842
n16248,0.25
n2969,0.0
n1915,0.05263157894736842
n17206,0.25
n10002,0.17647058823529413
n12627,0.0
n13658,0.0
n11316,0.17647058823529413
n3254,0.0
n18540,0.05263157894736842
n8297,0.0
n919,0.42857142857142855
n8050,0.05263157894736842
n16109,0.05263157894736842
n17870,0.0
n15024,0.1111111111111111
n1425,0.17647058823529413
n18030,0.05263157894736842
n3291,0.05263157894736842
n7158,0.0
n20897,0.0
n22860,0.1111111111111111
n19288,0.0
n18837,0.1111111111111111
n6373,0.17647058823529413
n11597,0.05263157894736842
n16171,0.0
n2195,0.17647058823529413
n9599,0.0
n13471,0.0
n18793,0.05263157894736842
n19814,0.05263157894736842
n1431,0.1111111111111111
n22186,0.05263157894736842
n22141,0.0
n1674,0.05263157894736842
n1105,0.0
n11362,0.0
n19396,0.0
n15239,0.0
n20755,0.05263157894736842
n18995,0.05263157894736842
n1519,0.17647058823529413
n5521,0.42857142857142855
n22827,0.05263157894736842
n9788,0.5384615384615384
n13083,0.25
n2773,0.1111111111111111
n20959,0.0
n3309,0.05263157894736842
n4469,0.05263157894736842
n8616,0.0
n17948,0.05263157894736842
n2470,0.0
n9126,0.0
n1862,0.05263157894736842
n2580,0.05263157894736842
n2523,0.05263157894736842
n17096,0.1111111111111111
n20933,0.0
n13801,0.0
n12420,0.05263157894736842
n9702,0.17647058823529413
n7877,0.0
n16255,0.0
n20296,0.0
n4100,0.05263157894736842
n11962,0.17647058823529413
n8876,0.17647058823529413
n8395,0.25
n1484,0.05263157894736842
n17170,0.1111111111111111
n1430,0.05263157894736842
n3774,0.1111111111111111
n6416,0.0
n7251,0.0
n12083,0.0
n17694,0.0
n21411,0.0
n7145,0.17647058823529413
n15057,0.0
n16641,0.0
n2251,0.42857142857142855
n6781,0.1111111111111111
n4061,0.0
n18103,0.1111111111111111
n16543,0.17647058823529413
n9021,0.05263157894736842
n4449,0.25
n11190,0.1111111111111111
n17367,0.17647058823529413
n20623,0.17647058823529413
n13593,0.05263157894736842
n264,0.0
n587,0.05263157894736842
n13212,0.25
n21540,0.0
n8553,0.0
n10651,0.25
n15962,0.0
n16350,0.3333333333333333
n12898,0.05263157894736842
n4079,0.0
n1349,0.25
n6612,0.05263157894736842
n12882,0.1111111111111111
n20394,0.0
n8821,0.0
n21612,0.05263157894736842
n3863,0.0
n954,0.05263157894736842
n14184,0.0
n8989,0.0
n2450,0.5384615384615384
n14336,0.05263157894736842
n15464,0.0
n10547,0.1111111111111111
n18427,0.1111111111111111
n6016,0.05263157894736842
n19145,0.05263157894736842
n16686,0.0
n9332,0.05263157894736842
n16260,0.05263157894736842
n15264,0.17647058823529413
n18029,0.1111111111111111
n1322,0.1111111111111111
n4695,0.17647058823529413
n6268,0.1111111111111111
n10130,0.0
n20778,0.25
n1291,0.17647058823529413
n5360,0.05263157894736842
n2861,0.05263157894736842
n8654,0.17647058823529413
n304,0.1111111111111111
n1107,0.1111111111111111
n8599,0.3333333333333333
n15865,0.05263157894736842
n21457,0.0
n3850,0.0
n4047,0.1111111111111111
n5765,0.0
n11090,0.17647058823529413
n14301,0.1111111111111111
n3991,0.1111111111111111
n260,0.25
n866,0.0
n13875,0.1111111111111111
n7078,0.0
n13945,0.05263157894736842
n20105,0.0
n1687,0.17647058823529413
n5426,0.0
n20575,0.05263157894736842
n1602,0.17647058823529413
n6548,0.1111111111111111
n20764,0.05263157894736842
n8540,0.25
n290,0.1111111111111111
n4979,0.1111111111111111
n14586,0.1111111111111111
n19590,0.05263157894736842
n4112,0.1111111111111111
n1140,0.05263157894736842
n1560,0.25
n2157,0.0
n21669,0.0
n997,0.0
n5951,0.05263157894736842
n22892,0.0
n10381,0.05263157894736842
n10601,0.17647058823529413
n2306,0.05263157894736842
n20928,0.3333333333333333
n8555,0.05263157894736842
n10627,0.17647058823529413
n7765,0.05263157894736842
n22708,0.0
n22782,0.3333333333333333
n6308,0.1111111111111111
n22839,0.1111111111111111
n1686,0.1111111111111111
n8785,0.17647058823529413
n5409,0.3333333333333333
n11865,0.05263157894736842
n18519,0.1111111111111111
n13511,0.1111111111111111
n3827,0.0
n16319,0.0
n21039,0.0
n9539,0.0
n13835,0.3333333333333333
n1395,0.17647058823529413
n17790,0.17647058823529413
n21414,0.0
n5115,0.3333333333333333
n18326,0.1111111111111111
n9161,0.05263157894736842
n11042,0.0
n985,0.05263157894736842
n21867,0.05263157894736842
n1007,0.17647058823529413
n7218,0.42857142857142855
n11926,0.0
n15237,0.0
n13805,0.0
n4824,0.17647058823529413
n17215,0.17647058823529413
n19067,0.0
n6579,0.0
n263,0.0
n370,0.3333333333333333
n10152,0.0
n14849,0.17647058823529413
n17207,0.05263157894736842
n19120,0.25
n3304,0.05263157894736842
n7063,0.17647058823529413
n16920,0.05263157894736842
n9352,0.17647058823529413
n9074,0.0
n4064,0.0
n9168,0.0
n3792,0.05263157894736842
n20670,0.0
n18123,0.0
n5026,0.17647058823529413
n3436,0.1111111111111111
n22353,0.1111111111111111
n5189,0.05263157894736842
n7020,0.17647058823529413
n5721,0.0
n16962,0.0
n3900,0.17647058823529413
n6341,0.17647058823529413
n18778,0.05263157894736842
n22850,0.17647058823529413
n2669,0.0
n17083,0.3333333333333333
n3099,0.17647058823529413
n4125,0.1111111111111111
n4473,0.0
n16055,0.1111111111111111
n21112,0.3333333333333333
n22384,0.0
n15250,0.05263157894736842
n14404,0.25
n6478,0.3333333333333333
n13841,0.25
n14313,0.25
n466,0.05263157894736842
n21906,0.0
n18477,0.0
n6018,0.05263157894736842
n8442,0.1111111111111111
n18897,0.0
n13595,0.25
n3212,0.17647058823529413
n785,0.0
n4363,0.05263157894736842
n4212,0.05263157894736842
n6112,0.0
n6744,0.25
n9466,0.0
n11053,0.05263157894736842
n19130,0.17647058823529413
n7992,0.3333333333333333
n14735,0.05263157894736842
n22840,0.17647058823529413
n7286,0.0
n19024,0.05263157894736842
n1765,0.3333333333333333
n9305,0.05263157894736842
n5110,0.05263157894736842
n5948,0.0
n3645,0.0
n9002,0.1111111111111111
n15757,0.17647058823529413
n9603,0.17647058823529413
n19994,0.1111111111111111
n16709,0.05263157894736842
n18951,0.17647058823529413
n1125,0.25
n7585,0.0
n1439,0.1111111111111111
n7533,0.05263157894736842
n20651,0.17647058823529413
n20973,0.05263157894736842
n5014,0.25
n8597,0.0
n22826,0.0
n22889,0.0
n20724,0.0
n22378,0.05263157894736842
n8851,0.05263157894736842
n12894,0.1111111111111111
n12206,0.0
n21618,0.0
n22737,0.05263157894736842
n5282,0.0
n10721,0.25
n17883,0.1111111111111111
n4090,0.05263157894736842
n6298,0.17647058823529413
n8386,0.05263157894736842
n7399,0.42857142857142855
n17257,0.05263157894736842
n12470,0.0
n9286,0.05263157894736842
n15243,0.0
n18349,0.05263157894736842
n19072,0.25
n1079,0.3333333333333333
n5675,0.1111111111111111
n5223,0.1111111111111111
n9472,0.25
n5129,0.0
n12650,0.05263157894736842
n9288,0.0
n15231,0.05263157894736842
n7311,0.1111111111111111
n15390,0.05263157894736842
n12357,0.1111111111111111
n20465,0.1111111111111111
n15895,0.05263157894736842
n11942,0.17647058823529413
n17741,0.17647058823529413
n3034,0.05263157894736842
n4183,0.05263157894736842
n3243,0.17647058823529413
n16235,0.17647058823529413
n13986,0.05263157894736842
n3731,0.05263157894736842
n3363,0.0
n22853,0.05263157894736842
n5613,0.1111111111111111
n18647,0.0
n3966,0.1111111111111111
n19408,0.05263157894736842
n9830,0.05263157894736842
n2071,0.05263157894736842
n14111,0.17647058823529413
n14941,0.0
n5289,0.0
n22531,0.0
n11497,0.1111111111111111
n5415,0.0
n6991,0.05263157894736842
n8462,0.25
n4550,0.0
n3353,0.25
n13798,0.0
n11458,0.17647058823529413
n14114,0.1111111111111111
n17496,0.3333333333333333
n16866,0.05263157894736842
n21077,0.0
n21218,0.25
n14647,0.0
n6488,0.1111111111111111
n16033,0.05263157894736842
n11450,0.1111111111111111
n6860,0.05263157894736842
n11022,0.05263157894736842
n20351,0.1111111111111111
n5401,0.1111111111111111
n3322,0.17647058823529413
n15498,0.0
n3246,0.0
n847,0.0
n962,0.05263157894736842
n19302,0.1111111111111111
n3771,0.3333333333333333
n21580,0.0
n479,0.1111111111111111
n21279,0.05263157894736842
n17814,0.0
n13670,0.1111111111111111
n14095,0.05263157894736842
n21537,0.1111111111111111
n11697,0.05263157894736842
n14236,0.0
n4003,0.25
n7611,0.3333333333333333
n6176,0.0
n6509,0.17647058823529413
n19370,0.25
n6686,0.3333333333333333
n19990,0.05263157894736842
n15305,0.05263157894736842
n17703,0.1111111111111111
n11836,0.0
n8870,0.1111111111111111
n7941,0.05263157894736842
n1188,0.05263157894736842
n14929,0.0
n7333,0.17647058823529413
n7032,0.05263157894736842
n20537,0.0
n15649,0.1111111111111111
n1174,0.0
n14821,0.17647058823529413
n20704,0.1111111111111111
n6178,0.0
n18959,0.1111111111111111
n523,0.0
n18626,0.17647058823529413
n19306,0.0
n17745,0.0
n4447,0.05263157894736842
n20793,0.0
n18961,0.1111111111111111
n19064,0.05263157894736842
n12891,0.0
n4292,0.0
n16638,0.0
n8346,0.3333333333333333
n7005,0.25
n2372,0.3333333333333333
n21248,0.0
n10772,0.1111111111111111
n3442,0.1111111111111111
n20960,0.05263157894736842
n22519,0.1111111111111111
n17762,0.1111111111111111
n13136,0.1111111111111111
n18755,0.17647058823529413
n10274,0.05263157894736842
n10134,0.05263157894736842
n5257,0.0
n11360,0.05263157894736842
n19761,0.05263157894736842
n1448,0.1111111111111111
n15389,0.17647058823529413
n3691,0.05263157894736842
n15415,0.17647058823529413
n12739,0.1111111111111111
n13103,0.05263157894736842
n6527,0.0
n7451,0.0
n15242,0.05263157894736842
n1197,0.05263157894736842
n22338,0.05263157894736842
n4770,0.1111111111111111
n6073,0.05263157894736842
n20472,0.1111111111111111
n4779,0.0
n20346,0.05263157894736842
n7457,0.25
n13864,0.0
n13326,0.17647058823529413
n14213,0.05263157894736842
n14876,0.1111111111111111
n7245,0.05263157894736842
n15516,0.1111111111111111
n12976,0.0
n12906,0.05263157894736842
n14311,0.17647058823529413
n8979,0.05263157894736842
n8215,0.05263157894736842
n10070,0.1111111111111111
n22886,0.17647058823529413
n13536,0.0
n18417,0.0
n20076,0.42857142857142855
n18374,0.0
n2572,0.1111111111111111
n7476,0.05263157894736842
n4456,0.0
n21907,0.0
n6774,0.0
n20048,0.05263157894736842
n10794,0.05263157894736842
n16451,0.1111111111111111
n5016,0.17647058823529413
n10553,0.17647058823529413
n2089,0.05263157894736842
n17844,0.05263157894736842
n18341,0.0
n406,0.1111111111111111
n14503,0.42857142857142855
n18437,0.1111111111111111
n1655,0.05263157894736842
n18615,0.05263157894736842
n21212,0.25
n11030,0.17647058823529413
n3942,0.05263157894736842
n635,0.1111111111111111
n9093,0.1111111111111111
n21593,0.0
n1993,0.1111111111111111
n9215,0.05263157894736842
n16999,0.05263157894736842
n21617,0.0
n2911,0.17647058823529413
n13353,0.05263157894736842
n8832,0.05263157894736842
n5736,0.1111111111111111
n7428,0.05263157894736842
n16716,0.1111111111111111
n17839,0.05263157894736842
n15739,0.0
n478,0.0
n18335,0.0
n8490,0.25
n11748,0.05263157894736842
n20736,0.0
n11536,0.1111111111111111
n6513,0.05263157894736842
n21135,0.17647058823529413
n21373,0.17647058823529413
n13528,0.0
n20667,0.0
n15601,0.17647058823529413
n4535,0.05263157894736842
n21862,0.0
n5204,0.1111111111111111
n8803,0.1111111111111111
n14964,0.17647058823529413
n9313,0.25
n18630,0.0
n59,0.05263157894736842
n17622,0.17647058823529413
n2016,0.17647058823529413
n5363,0.25
n15525,0.1111111111111111
n4526,0.05263157894736842
n7360,0.17647058823529413
n3510,0.0
n14465,0.0
n20893,0.0
n10841,0.0
n18022,0.3333333333333333
n21827,0.3333333333333333
n8869,0.1111111111111111
n266,0.05263157894736842
n3329,0.0
n1112,0.0
n7304,0.3333333333333333
n17004,0.05263157894736842
n2056,0.0
n17012,0.0
n20517,0.05263157894736842
n16894,0.17647058823529413
n10184,0.0
n14406,0.1111111111111111
n18217,0.1111111111111111
n20484,0.0
n3959,0.17647058823529413
n20901,0.05263157894736842
n12722,0.1111111111111111
n14296,0.17647058823529413
n19909,0.0
n6271,0.1111111111111111
n17938,0.17647058823529413
n19057,0.1111111111111111
n19109,0.05263157894736842
n18208,0.1111111111111111
n12293,0.0
n7059,0.05263157894736842
n4037,0.0
n2192,0.05263157894736842
n20136,0.0
n20745,0.1111111111111111
n11260,0.0
n11757,0.1111111111111111
n6342,0.1111111111111111
n806,0.1111111111111111
n7720,0.0
n8089,0.0
n7036,0.05263157894736842
n7939,0.05263157894736842
n1263,0.1111111111111111
n16661,0.05263157894736842
n7770,0.05263157894736842
n9699,0.1111111111111111
n3749,0.1111111111111111
n3715,0.0
n12359,0.0
n1350,0.17647058823529413
n18555,0.17647058823529413
n15288,0.0
n15355,0.05263157894736842
n21313,0.3333333333333333
n20774,0.1111111111111111
n6629,0.1111111111111111
n15219,0.42857142857142855
n21125,0.1111111111111111
n6701,0.0
n22361,0.1111111111111111
n9887,0.0
n4976,0.1111111111111111
n19179,0.1111111111111111
n2756,0.05263157894736842
n9811,0.25
n16032,0.17647058823529413
n15289,0.05263157894736842
n5086,0.0
n7041,0.05263157894736842
n13774,0.0
n3378,0.1111111111111111
n15540,0.25
n15766,0.17647058823529413
n21609,0.0
n15110,0.0
n15857,0.0
n852,0.05263157894736842
n3341,0.1111111111111111
n17236,0.0
n9128,0.1111111111111111
n8138,0.0
n83,0.0
n764,0.0
n4556,0.5384615384615384
n6790,0.05263157894736842
n4373,0.0
n8543,0.25
n15703,0.1111111111111111
n17467,0.3333333333333333
n1913,0.25
n2211,0.1111111111111111
n11002,0.0
n18102,0.1111111111111111
n1524,0.05263157894736842
n1758,0.17647058823529413
n5319,0.1111111111111111
n3526,0.05263157894736842
n3806,0.0
n7937,0.17647058823529413
n11548,0.17647058823529413
n20868,0.05263157894736842
n16007,0.05263157894736842
n10071,0.25
n10668,0.25
n16736,0.05263157894736842
n2187,0.1111111111111111
n12593,0.0
n3848,0.1111111111111111
n8577,0.0
n3708,0.05263157894736842
n4814,0.0
n5958,0.05263157894736842
n8359,0.17647058823529413
n7522,0.05263157894736842
n14014,0.1111111111111111
n677,0.05263157894736842
n3087,0.17647058823529413
n10831,0.3333333333333333
n18176,0.1111111111111111
n10357,0.0
n2974,0.05263157894736842
n10299,0.17647058823529413
n5201,0.0
n12147,0.17647058823529413
n18883,0.0
n7803,0.0
n8611,0.05263157894736842
n15475,0.0
n11284,0.05263157894736842
n18433,0.1111111111111111
n7850,0.0
n15919,0.05263157894736842
n14840,0.0
n19925,0.0
n13045,0.1111111111111111
n15922,0.17647058823529413
n12276,0.0
n8061,0.1111111111111111
n795,0.0
n21606,0.0
n10949,0.0
n15907,0.0
n7075,0.42857142857142855
n539,0.0
n13450,0.0
n17051,0.17647058823529413
n20395,0.0
n10076,0.05263157894736842
n15622,0.17647058823529413
n14865,0.0
n20463,0.05263157894736842
n4422,0.05263157894736842
n7983,0.17647058823529413
n2099,0.1111111111111111
n4051,0.1111111111111111
n10501,0.0
n16486,0.05263157894736842
n17718,0.1111111111111111
n7814,0.05263157894736842
n12165,0.17647058823529413
n2044,0.0
n3772,0.0
n6192,0.0
n4898,0.1111111111111111
n5573,0.0
n14098,0.17647058823529413
n1402,0.1111111111111111
n5044,0.1111111111111111
n9231,0.05263157894736842
n8000,0.25
n10672,0.1111111111111111
n4337,0.0
n21557,0.05263157894736842
n9765,0.25
n12773,0.25
n13472,0.0
n14915,0.1111111111111111
n1651,0.17647058823529413
n14866,0.0
n21654,0.1111111111111111
n11239,0.1111111111111111
n9290,0.05263157894736842
n3622,0.05263157894736842
n8880,0.05263157894736842
n16416,0.05263157894736842
n19923,0.05263157894736842
n9916,0.1111111111111111
n4233,0.1111111111111111
n20321,0.0
n2097,0.1111111111111111
n17204,0.05263157894736842
n21011,0.1111111111111111
n20215,0.0
n2797,0.05263157894736842
n15422,0.05263157894736842
n6326,0.1111111111111111
n7586,0.17647058823529413
n18377,0.05263157894736842
n6973,0.17647058823529413
n20583,0.17647058823529413
n15461,0.05263157894736842
n10257,0.0
n4960,0.0
n16324,0.1111111111111111
n19999,0.1111111111111111
n22745,0.0
n5891,0.0
n3453,0.42857142857142855
n7892,0.05263157894736842
n11168,0.0
n11345,0.0
n14703,0.0
n15735,0.0
n3684,0.1111111111111111
n5015,0.05263157894736842
n6571,0.0
n16295,0.1111111111111111
n21292,0.1111111111111111
n6146,0.0
n18680,0.3333333333333333
n13562,0.05263157894736842
n21069,0.0
n3732,0.05263157894736842
n10059,0.0
n6939,0.3333333333333333
n18627,0.17647058823529413
n20947,0.05263157894736842
n3796,0.0
n21531,0.0
n8284,0.0
n10492,0.0
n7649,0.1111111111111111
n6849,0.17647058823529413
n2482,0.0
n5711,0.1111111111111111
n10000,0.0
n5806,0.0
n20902,0.0
n21884,0.0
n99,0.0
n4367,0.17647058823529413
n18055,0.25
n15714,0.05263157894736842
n18036,0.25
n14561,0.3333333333333333
n12288,0.25
n7950,0.05263157894736842
n21678,0.0
n13279,0.05263157894736842
n102,0.0
n14521,0.42857142857142855
n15028,0.0
n6483,0.1111111111111111
n4984,0.17647058823529413
n3327,0.0
n5569,0.0
n3725,0.1111111111111111
n5353,0.05263157894736842
n3627,0.1111111111111111
n16993,0.05263157894736842
n21724,0.0
n4040,0.1111111111111111
n7453,0.1111111111111111
n16908,0.1111111111111111
n2255,0.05263157894736842
n16390,0.3333333333333333
n711,0.05263157894736842
n12397,0.17647058823529413
n11741,0.1111111111111111
n13367,0.05263157894736842
n8059,0.1111111111111111
n6417,0.1111111111111111
n8754,0.1111111111111111
n17441,0.0
n21023,0.1111111111111111
n22047,0.25
n12902,0.05263157894736842
n9594,0.05263157894736842
n20278,0.05263157894736842
n2194,0.05263157894736842
n15931,0.05263157894736842
n11768,0.05263157894736842
n6753,0.25
n16631,0.05263157894736842
n21774,0.05263157894736842
n1571,0.05263157894736842
n2423,0.3333333333333333
n16285,0.17647058823529413
n18822,0.0
n8861,0.0
n5565,0.0
n1975,0.0
n14217,0.17647058823529413
n2213,0.05263157894736842
n9208,0.0
n19044,0.05263157894736842
n17118,0.05263157894736842
n17791,0.05263157894736842
n17383,0.3333333333333333
n21061,0.17647058823529413
n21601,0.17647058823529413
n18643,0.05263157894736842
n181,0.17647058823529413
n3946,0.1111111111111111
n12626,0.0
n7297,0.0
n21800,0.05263157894736842
n14376,0.0
n21591,0.0
n18524,0.0
n6761,0.0
n9412,0.0
n848,0.05263157894736842
n16107,0.1111111111111111
n18476,0.05263157894736842
n21176,0.0
n6294,0.1111111111111111
n6890,0.1111111111111111
n14759,0.1111111111111111
n6893,0.0
n2864,0.3333333333333333
n20732,0.1111111111111111
n21737,0.0
n6105,0.1111111111111111
n4755,0.17647058823529413
n5284,0.1111111111111111
n20087,0.3333333333333333
n14454,0.05263157894736842
n18660,0.05263157894736842
n6447,0.05263157894736842
n16947,0.1111111111111111
n4545,0.17647058823529413
n8622,0.05263157894736842
n1662,0.25
n12715,0.17647058823529413
n15821,0.0
n3587,0.3333333333333333
n7520,0.05263157894736842
n8549,0.1111111111111111
n10287,0.17647058823529413
n14107,0.42857142857142855
n21321,0.0
n235,0.3333333333333333
n22334,0.1111111111111111
n10514,0.1111111111111111
n22928,0.1111111111111111
n4224,0.0
n13237,0.05263157894736842
n219,0.17647058823529413
n22867,0.17647058823529413
n8081,0.0
n518,0.1111111111111111
n140,0.1111111111111111
n14370,0.1111111111111111
n18821,0.05263157894736842
n6882,0.17647058823529413
n3592,0.17647058823529413
n1732,0.25
n5559,0.05263157894736842
n10957,0.0
n5173,0.1111111111111111
n12994,0.0
n17992,0.25
n7593,0.05263157894736842
n11662,0.0
n65,0.05263157894736842
n11520,0.05263157894736842
n15946,0.17647058823529413
n19046,0.0
n11843,0.3333333333333333
n1001,0.05263157894736842
n3193,0.0
n3597,0.05263157894736842
n7458,0.0
n22001,0.0
n9175,0.0
n6587,0.0
n1618,0.1111111111111111
n2096,0.17647058823529413
n8063,0.25
n12430,0.17647058823529413
n1939,0.0
n22072,0.05263157894736842
n3083,0.25
n18380,0.1111111111111111
n3424,0.3333333333333333
n357,0.0
n112,0.05263157894736842
n9366,0.05263157894736842
n10205,0.05263157894736842
n3948,0.25
n9775,0.0
n2284,0.17647058823529413
n5097,0.17647058823529413
n15481,0.0
n19256,0.0
n22712,0.25
n7996,0.1111111111111111
n8862,0.17647058823529413
n16953,0.0
n11097,0.1111111111111111
n19102,0.0
n11797,0.0
n4038,0.17647058823529413
n6473,0.05263157894736842
n11224,0.1111111111111111
n20002,0.0
n20934,0.1111111111111111
n22942,0.05263157894736842
n22238,0.0
n14074,0.0
n8194,0.0
n2048,0.05263157894736842
n13664,0.05263157894736842
n10594,0.0
n8410,0.1111111111111111
n7426,0.05263157894736842
n9462,0.1111111111111111
n22395,0.0
n18001,0.1111111111111111
n12515,0.05263157894736842
n22617,0.0
n6451,0.05263157894736842
n8316,0.1111111111111111
n16395,0.05263157894736842
n21287,0.0
n16176,0.1111111111111111
n13787,0.05263157894736842
n7210,0.42857142857142855
n17715,0.25
n21846,0.1111111111111111
n18299,0.1111111111111111
n11554,0.05263157894736842
n8205,0.05263157894736842
n6745,0.0
n10804,0.05263157894736842
n20700,0.0
n6334,0.17647058823529413
n17120,0.1111111111111111
n22508,0.0
n14928,0.0
n1598,0.05263157894736842
n13310,0.0
n18816,0.05263157894736842
n11941,0.1111111111111111
n5378,0.17647058823529413
n11117,0.05263157894736842
n15624,0.05263157894736842
n16592,0.1111111111111111
n4414,0.05263157894736842
n5166,0.1111111111111111
n6292,0.17647058823529413
n6455,0.1111111111111111
n19095,0.0
n345,0.3333333333333333
n6306,0.0
n6998,0.0
n12687,0.05263157894736842
n19856,0.1111111111111111
n10091,0.0
n5557,0.25
n20826,0.1111111111111111
n20943,0.0
n16935,0.05263157894736842
n7851,0.05263157894736842
n13365,0.1111111111111111
n19041,0.1111111111111111
n9648,0.05263157894736842
n10791,0.05263157894736842
n19503,0.0
n5099,0.05263157894736842
n21459,0.6666666666666666
n22911,0.05263157894736842
n7867,0.0
n15560,0.0
n3814,0.0
n3876,0.1111111111111111
n5446,0.0
n20057,0.17647058823529413
n15831,0.17647058823529413
n7143,0.0
n14185,0.0
n20435,0.0
n5258,0.17647058823529413
n4529,0.05263157894736842
n22342,0.1111111111111111
n4315,0.0
n10745,0.05263157894736842
n16154,0.0
n15947,0.05263157894736842
n1996,0.25
n15570,0.1111111111111111
n1120,0.1111111111111111
n3331,0.17647058823529413
n3951,0.1111111111111111
n2757,0.05263157894736842
n3983,0.0
n11578,0.0
n11616,0.25
n4913,0.17647058823529413
n18701,0.1111111111111111
n16465,0.05263157894736842
n20958,0.05263157894736842
n19659,0.3333333333333333
n12876,0.0
n7321,0.25
n1323,0.0
n8846,0.25
n19388,0.05263157894736842
n6454,0.0
n10339,0.0
n9247,0.0
n11453,0.17647058823529413
n6864,0.05263157894736842
n1657,0.0
n12499,0.05263157894736842
n1804,0.1111111111111111
n6047,0.05263157894736842
n9604,0.0
n11205,0.0
n11323,0.3333333333333333
n7736,0.05263157894736842
n19387,0.05263157894736842
n15018,0.1111111111111111
n3897,0.1111111111111111
n15635,0.17647058823529413
n8178,0.3333333333333333
n8733,0.0
n10193,0.17647058823529413
n19497,0.0
n4032,0.05263157894736842
n3475,0.05263157894736842
n16316,0.17647058823529413
n8484,0.17647058823529413
n2741,0.25
n17222,0.25
n5318,0.1111111111111111
n7175,0.0
n21857,0.0
n22423,0.05263157894736842
n21090,0.0
n22252,0.05263157894736842
n700,0.1111111111111111
n6918,0.17647058823529413
n5815,0.05263157894736842
n8424,0.0
n5390,0.1111111111111111
n17921,0.0
n18594,0.05263157894736842
n15908,0.05263157894736842
n16434,0.05263157894736842
n17652,0.0
n6181,0.0
n2162,0.0
n11994,0.05263157894736842
n21147,0.1111111111111111
n18023,0.3333333333333333
n8523,0.17647058823529413
n5292,0.0
n18864,0.0
n1795,0.0
n15539,0.0
n19997,0.05263157894736842
n3911,0.0
n10529,0.0
n12782,0.05263157894736842
n21398,0.1111111111111111
n15319,0.0
n16111,0.0
n6799,0.1111111111111111
n11294,0.05263157894736842
n15880,0.05263157894736842
n9883,0.42857142857142855
n19507,0.05263157894736842
n21383,0.05263157894736842
n9740,0.1111111111111111
n10105,0.05263157894736842
n643,0.0
n18853,0.1111111111111111
n4534,0.05263157894736842
n19496,0.17647058823529413
n6167,0.05263157894736842
n8815,0.1111111111111111
n14564,0.3333333333333333
n17480,0.0
n13109,0.1111111111111111
n1619,0.0
n15903,0.05263157894736842
n15459,0.1111111111111111
n17440,0.0
n14612,0.0
n11400,0.05263157894736842
n5159,0.05263157894736842
n557,0.05263157894736842
n8374,0.42857142857142855
n1245,0.05263157894736842
n5490,0.05263157894736842
n22962,0.1111111111111111
n2168,0.25
n7224,0.17647058823529413
n8028,0.0
n14269,0.0
n7388,0.3333333333333333
n19491,0.05263157894736842
n14344,0.0
n20691,0.0
n20688,0.0
n275,0.05263157894736842
n12647,0.05263157894736842
n17104,0.0
n18953,0.05263157894736842
n16315,0.0
n4421,0.17647058823529413
n4929,0.0
n3085,0.05263157894736842
n17687,0.17647058823529413
n3317,0.17647058823529413
n9406,0.0
n19110,0.0
n16166,0.3333333333333333
n20302,0.05263157894736842
n10706,0.05263157894736842
n5147,0.0
n6967,0.0
n14169,0.1111111111111111
n14892,0.0
n18739,0.05263157894736842
n3524,0.05263157894736842
n271,0.25
n20917,0.1111111111111111
n20301,0.1111111111111111
n13810,0.17647058823529413
n21362,0.05263157894736842
n16921,0.0
n8266,0.17647058823529413
n9698,0.0
n15750,0.05263157894736842
n9463,0.17647058823529413
n8686,0.0
n4753,0.05263157894736842
n1639,0.3333333333333333
n16548,0.3333333333333333
n20919,0.0
n8687,0.0
n4444,0.0
n4797,0.0
n15204,0.0
n2263,0.0
n8401,0.17647058823529413
n21990,0.25
n19195,0.05263157894736842
n6684,0.0
n12548,0.1111111111111111
n7620,0.0
n19002,0.05263157894736842
n3063,0.0
n14613,0.17647058823529413
n10421,0.05263157894736842
n22196,0.3333333333333333
n682,0.05263157894736842
n9451,0.05263157894736842
n11058,0.0
n10568,0.17647058823529413
n12157,0.17647058823529413
n6818,0.05263157894736842
n15707,0.1111111111111111
n17987,0.25
n2664,0.05263157894736842
n7150,0.0
n12596,0.0
n20591,0.17647058823529413
n13126,0.05263157894736842
n19965,0.0
n12237,0.0
n11111,0.1111111111111111
n1751,0.0
n17149,0.05263157894736842
n12896,0.05263157894736842
n12217,0.05263157894736842
n3680,0.05263157894736842
n7617,0.0
n8195,0.0
n17723,0.05263157894736842
n9006,0.0
n17610,0.1111111111111111
n8707,0.0
n14480,0.0
n3682,0.42857142857142855
n21183,0.1111111111111111
n17468,0.05263157894736842
n3438,0.05263157894736842
n19980,0.0
n2109,0.17647058823529413
n4289,0.1111111111111111
n18668,0.17647058823529413
n11463,0.17647058823529413
n3811,0.25
n8781,0.05263157894736842
n3189,0.0
n3395,0.0
n10604,0.05263157894736842
n18172,0.1111111111111111
n7642,0.05263157894736842
n4663,0.05263157894736842
n10658,0.25
n8614,0.25
n17676,0.0
n20807,0.0
n6352,0.1111111111111111
n1159,0.05263157894736842
n17370,0.05263157894736842
n11325,0.1111111111111111
n15822,0.25
n20210,0.0
n15383,0.05263157894736842
n6942,0.25
n14939,0.05263157894736842
n15354,0.25
n4460,0.17647058823529413
n21222,0.0
n20637,0.1111111111111111
n7741,0.1111111111111111
n745,0.0
n18867,0.05263157894736842
n7047,0.1111111111111111
n10528,0.05263157894736842
n3632,0.05263157894736842
n12885,0.05263157894736842
n5732,0.05263157894736842
n13628,0.05263157894736842
n18007,0.1111111111111111
n4742,0.17647058823529413
n4928,0.0
n1282,0.05263157894736842
n14215,0.05263157894736842
n6183,0.05263157894736842
n5816,0.0
n4995,0.1111111111111111
n5983,0.05263157894736842
n3084,0.25
n10503,0.0
n18202,0.1111111111111111
n19384,0.05263157894736842
n3338,0.0
n20685,0.0
n1417,0.05263157894736842
n17376,0.05263157894736842
n9661,0.25
n11213,0.05263157894736842
n16239,0.0
n699,0.0
n6692,0.42857142857142855
n4515,0.0
n17183,0.0
n323,0.42857142857142855
n4446,0.1111111111111111
n22239,0.0
n1124,0.0
n7007,0.0
n16358,0.25
n17977,0.05263157894736842
n17279,0.1111111111111111
n8478,0.3333333333333333
n11790,0.17647058823529413
n13772,0.05263157894736842
n19155,0.17647058823529413
n1071,0.0
n8559,0.0
n5105,0.1111111111111111
n22130,0.0
n4146,0.0
n6467,0.17647058823529413
n9023,0.1111111111111111
n642,0.05263157894736842
n1885,0.05263157894736842
n19823,0.0
n15815,0.17647058823529413
n6340,0.0
n1977,0.17647058823529413
n6114,0.0
n19606,0.0
n16331,0.17647058823529413
n5272,0.25
n22576,0.1111111111111111
n14186,0.0
n4981,0.0
n19828,0.0
n4052,0.25
n14325,0.05263157894736842
n8508,0.05263157894736842
n5186,0.1111111111111111
n3769,0.0
n14553,0.3333333333333333
n986,0.3333333333333333
n3431,0.0
n5151,0.1111111111111111
n8913,0.25
n3935,0.1111111111111111
n16293,0.0
n18871,0.05263157894736842
n10988,0.0
n18888,0.05263157894736842
n17591,0.1111111111111111
n21263,0.0
n14482,0.0
n4992,0.3333333333333333
n14550,0.05263157894736842
n11770,0.1111111111111111
n13862,0.1111111111111111
n16396,0.1111111111111111
n1552,0.17647058823529413
n20990,0.05263157894736842
n10540,0.05263157894736842
n4442,0.0
n18514,0.0
n7776,0.25
n20489,0.1111111111111111
n6249,0.0
n4255,0.05263157894736842
n19837,0.05263157894736842
n17498,0.0
n19474,0.0
n21985,0.05263157894736842
n1603,0.17647058823529413
n20424,0.1111111111111111
n9900,0.0
n5251,0.1111111111111111
n1298,0.1111111111111111
n22366,0.05263157894736842
n4030,0.0
n7084,0.1111111111111111
n5220,0.1111111111111111
n10417,0.25
n20912,0.0
n21927,0.1111111111111111
n20777,0.17647058823529413
n4626,0.05263157894736842
n6749,0.0
n12178,0.0
n15521,0.25
n16622,0.0
n10230,0.0
n18329,0.3333333333333333
n805,0.05263157894736842
n20607,0.0
n12243,0.1111111111111111
n9624,0.05263157894736842
n8929,0.05263157894736842
n20839,0.05263157894736842
n2752,0.05263157894736842
n10663,0.05263157894736842
n20181,0.05263157894736842
n22182,0.05263157894736842
n6888,0.05263157894736842
n5119,0.17647058823529413
n3263,0.0
n6233,0.0
n9974,0.05263157894736842
n21171,0.05263157894736842
n18635,0.17647058823529413
n14352,0.05263157894736842
n1783,0.05263157894736842
n2825,0.17647058823529413
n4002,0.0
n3981,0.0
n9262,0.1111111111111111
n21560,0.17647058823529413
n15267,0.0
n7752,0.25
n1961,0.05263157894736842
n6201,0.05263157894736842
n20809,0.1111111111111111
n4665,0.05263157894736842
n16931,0.0
n2776,0.1111111111111111
n7172,0.0
n13903,0.1111111111111111
n6347,0.1111111111111111
n15399,0.05263157894736842
n16310,0.0
n14147,0.0
n10376,0.0
n17444,0.05263157894736842
n6261,0.1111111111111111
n10439,0.0
n18901,0.0
n12401,0.05263157894736842
n8482,0.0
n5495,0.05263157894736842
n11010,0.05263157894736842
n4171,0.1111111111111111
n18190,0.25
n5196,0.1111111111111111
n8149,0.0
n15168,0.1111111111111111
n20255,0.05263157894736842
n21343,0.0
n6616,0.1111111111111111
n20064,0.0
n22375,0.05263157894736842
n3162,0.0
n21366,0.0
n17254,0.05263157894736842
n1531,0.0
n6568,0.0
n6320,0.05263157894736842
n16767,0.0
n8717,0.1111111111111111
n6126,0.25
n6103,0.1111111111111111
n21810,0.05263157894736842
n1434,0.1111111111111111
n2699,0.0
n6476,0.05263157894736842
n8875,0.1111111111111111
n15054,0.1111111111111111
n14154,0.25
n2780,0.05263157894736842
n20000,0.25
n17197,0.1111111111111111
n67,0.05263157894736842
n16460,0.05263157894736842
n6712,0.0
n9445,0.3333333333333333
n9675,0.1111111111111111
n14471,0.0
n21015,0.05263157894736842
n22833,0.1111111111111111
n3484,0.0
n14549,0.17647058823529413
n14842,0.05263157894736842
n21372,0.17647058823529413
n20198,0.17647058823529413
n12883,0.1111111111111111
n15523,0.25
n8734,0.25
n20803,0.0
n17153,0.1111111111111111
n18464,0.0
n2736,0.17647058823529413
n5132,0.05263157894736842
n15233,0.42857142857142855
n8223,0.0
n8472,0.1111111111111111
n14039,0.1111111111111111
n16156,0.05263157894736842
n18156,0.17647058823529413
n19311,0.0
n17853,0.05263157894736842
n14886,0.1111111111111111
n995,0.0
n20414,0.0
n15675,0.0
n18842,0.05263157894736842
n2151,0.3333333333333333
n9601,0.0
n22825,0.1111111111111111
n16881,0.05263157894736842
n6243,0.1111111111111111
n625,0.0
n8129,0.1111111111111111
n9333,0.1111111111111111
n8620,0.3333333333333333
n20880,0.1111111111111111
n5160,0.0
n10732,0.05263157894736842
n9643,0.05263157894736842
n19611,0.0
n14780,0.0
n11242,0.17647058823529413
n15547,0.1111111111111111
n5886,0.1111111111111111
n1012,0.05263157894736842
n3190,0.0
n18219,0.1111111111111111
n22555,0.0
n5668,0.05263157894736842
n15183,0.05263157894736842
n14867,0.05263157894736842
n18636,0.05263157894736842
n9671,0.17647058823529413
n7429,0.17647058823529413
n17448,0.1111111111111111
n14812,0.0
n18155,0.0
n15347,0.05263157894736842
n11142,0.1111111111111111
n10115,0.25
n5453,0.0
n18015,0.05263157894736842
n22671,0.0
n3280,0.3333333333333333
n17375,0.05263157894736842
n15527,0.17647058823529413
n21944,0.0
n9163,0.0
n12491,0.0
n12497,0.1111111111111111
n15781,0.0
n16820,0.05263157894736842
n17413,0.05263157894736842
n17434,0.05263157894736842
n15058,0.1111111111111111
n5421,0.05263157894736842
n18073,0.17647058823529413
n1931,0.17647058823529413
n1258,0.0
n12468,0.0
n12614,0.05263157894736842
n8168,0.0
n9457,0.05263157894736842
n17597,0.17647058823529413
n15550,0.05263157894736842
n8859,0.0
n14835,0.0
n6111,0.17647058823529413
n16951,0.17647058823529413
n20441,0.0
n151,0.1111111111111111
n8648,0.17647058823529413
n9335,0.05263157894736842
n9669,0.05263157894736842
n2717,0.17647058823529413
n20906,0.1111111111111111
n19949,0.0
n8174,0.25
n2824,0.17647058823529413
n3404,0.1111111111111111
n2562,0.05263157894736842
n7746,0.0
n695,0.05263157894736842
n17793,0.05263157894736842
n4076,0.0
n17412,0.05263157894736842
n14756,0.0
n14789,0.0
n7155,0.0
n4672,0.17647058823529413
n8544,0.42857142857142855
n11906,0.0
n13793,0.1111111111111111
n18365,0.1111111111111111
n13055,0.1111111111111111
n5746,0.05263157894736842
n5315,0.3333333333333333
n3337,0.05263157894736842
n18298,0.05263157894736842
n3611,0.0
n3371,0.0
n10698,0.0
n15306,0.25
n8047,0.05263157894736842
n4756,0.1111111111111111
n6534,0.05263157894736842
n8278,0.17647058823529413
n18569,0.25
n20324,0.05263157894736842
n1424,0.1111111111111111
n15888,0.05263157894736842
n19400,0.1111111111111111
n2358,0.0
n10705,0.0
n6795,0.3333333333333333
n13428,0.0
n11750,0.0
n20779,0.05263157894736842
n9088,0.0
n13400,0.1111111111111111
n691,0.0
n8511,0.05263157894736842
n14927,0.0
n8090,0.05263157894736842
n18108,0.42857142857142855
n21025,0.0
n1186,0.0
n603,0.0
n250,0.17647058823529413
n13930,0.05263157894736842
n6807,0.5384615384615384
n19383,0.05263157894736842
n9423,0.0
n10004,0.17647058823529413
n14931,0.0
n17882,0.0
n15667,0.3333333333333333
n10123,0.05263157894736842
n3737,0.0
n11917,0.17647058823529413
n16151,0.0
n3242,0.1111111111111111
n4345,0.05263157894736842
n16884,0.05263157894736842
n20954,0.0
n514,0.1111111111111111
n2839,0.05263157894736842
n21451,0.0
n8837,0.17647058823529413
n405,0.1111111111111111
n22849,0.05263157894736842
n21299,0.05263157894736842
n508,0.17647058823529413
n1689,0.0
n3656,0.17647058823529413
n16466,0.0
n22152,0.05263157894736842
n8004,0.05263157894736842
n656,0.0
n1429,0.0
n3687,0.05263157894736842
n14727,0.0
n22532,0.05263157894736842
n16960,0.05263157894736842
n12453,0.05263157894736842
n21544,0.0
n19966,0.05263157894736842
n13506,0.05263157894736842
n18180,0.17647058823529413
n8128,0.05263157894736842
n1763,0.05263157894736842
n18970,0.0
n22351,0.05263157894736842
n9087,0.1111111111111111
n8657,0.0
n4121,0.05263157894736842
n8134,0.0
n8753,0.0
n1699,0.0
n12296,0.05263157894736842
n12541,0.05263157894736842
n6335,0.0
n14235,0.1111111111111111
n11423,0.3333333333333333
n18419,0.05263157894736842
n15485,0.0
n15841,0.17647058823529413
n20892,0.1111111111111111
n18850,0.1111111111111111
n685,0.05263157894736842
n11285,0.0
n7607,0.25
n10588,0.05263157894736842
n9885,0.05263157894736842
n10656,0.05263157894736842
n164,0.17647058823529413
n8567,0.1111111111111111
n7344,0.0
n12218,0.0
n5210,0.05263157894736842
n18319,0.3333333333333333
n10387,0.17647058823529413
n1391,0.0
n3707,0.0
n4874,0.17647058823529413
n20586,0.0
n15730,0.17647058823529413
n12717,0.1111111111111111
n12437,0.17647058823529413
n4005,0.5384615384615384
n6969,0.25
n8120,0.05263157894736842
n4230,0.17647058823529413
n4945,0.25
n20460,0.1111111111111111
n10034,0.17647058823529413
n7231,0.0
n2074,0.25
n14363,0.42857142857142855
n2058,0.25
n17834,0.0
n7261,0.0
n22143,0.25
n6611,0.17647058823529413
n17920,0.17647058823529413
n14877,0.05263157894736842
n15894,0.1111111111111111
n5955,0.25
n6329,0.0
n18342,0.05263157894736842
n6437,0.0
n17506,0.0
n8348,0.0
n10609,0.25
n16574,0.17647058823529413
n11718,0.05263157894736842
n5098,0.25
n12196,0.0
n15902,0.1111111111111111
n16730,0.0
n16312,0.3333333333333333
n12840,0.1111111111111111
n14181,0.25
n20211,0.05263157894736842
n18542,0.0
n11922,0.3333333333333333
n5039,0.5384615384615384
n10847,0.0
n16087,0.1111111111111111
n21768,0.3333333333333333
n7035,0.05263157894736842
n2764,0.1111111111111111
n9325,0.0
n7240,0.17647058823529413
n15648,0.17647058823529413
n374,0.05263157894736842
n4251,0.0
n17436,0.3333333333333333
n8888,0.05263157894736842
n21463,0.05263157894736842
n19938,0.05263157894736842
n22615,0.0
n9426,0.05263157894736842
n10425,0.05263157894736842
n6461,0.05263157894736842
n16950,0.0
n18718,0.1111111111111111
n17700,0.3333333333333333
n13096,0.1111111111111111
n22499,0.0
n5126,0.05263157894736842
n21484,0.0
n3428,0.05263157894736842
n16101,0.05263157894736842
n3553,0.1111111111111111
n16907,0.25
n519,0.17647058823529413
n11879,0.05263157894736842
n18212,0.17647058823529413
n9148,0.17647058823529413
n18052,0.0
n11197,0.05263157894736842
n10204,0.05263157894736842
n3705,0.25
n3392,0.3333333333333333
n12338,0.0
n1839,0.0
n17123,0.0
n1153,0.0
n6422,0.0
n8356,0.25
n4692,0.1111111111111111
n12110,0.42857142857142855
n17133,0.05263157894736842
n8379,0.05263157894736842
n1849,0.05263157894736842
n17914,0.1111111111111111
n9191,0.0
n4364,0.05263157894736842
n6865,0.1111111111111111
n9323,0.05263157894736842
n16227,0.1111111111111111
n4549,0.3333333333333333
n12267,0.05263157894736842
n15785,0.05263157894736842
n15647,0.25
n15715,0.05263157894736842
n19694,0.25
n7459,0.05263157894736842
n10920,0.0
n15322,0.17647058823529413
n91,0.0
n15349,0.1111111111111111
n19301,0.1111111111111111
n5999,0.1111111111111111
n6203,0.1111111111111111
n20341,0.17647058823529413
n3365,0.05263157894736842
n3995,0.05263157894736842
n13931,0.17647058823529413
n7845,0.0
n7322,0.0
n12547,0.42857142857142855
n11371,0.0
n19920,0.0
n20184,0.3333333333333333
n20686,0.1111111111111111
n6996,0.1111111111111111
n1744,0.1111111111111111
n14626,0.1111111111111111
n3969,0.05263157894736842
n19877,0.17647058823529413
n14369,0.0
n10613,0.17647058823529413
n14237,0.17647058823529413
n19732,0.0
n21095,0.1111111111111111
n19127,0.25
n6231,0.0
n5851,0.0
n14921,0.05263157894736842
n8994,0.05263157894736842
n15850,0.1111111111111111
n16639,0.0
n8841,0.0
n10335,0.05263157894736842
n17773,0.1111111111111111
n11738,0.05263157894736842
n5880,0.05263157894736842
n12253,0.1111111111111111
n8710,0.1111111111111111
n17402,0.17647058823529413
n22280,0.1111111111111111
n11919,0.42857142857142855
n1972,0.1111111111111111
n5586,0.0
n20875,0.1111111111111111
n21207,0.05263157894736842
n13598,0.1111111111111111
n7034,0.05263157894736842
n10472,0.1111111111111111
n14898,0.1111111111111111
n15935,0.0
n12295,0.25
n12124,0.1111111111111111
n3113,0.05263157894736842
n15783,0.17647058823529413
n19389,0.1111111111111111
n11032,0.0
n17972,0.0
n5927,0.0
n10368,0.3333333333333333
n13674,0.1111111111111111
n4956,0.0
n10653,0.1111111111111111
n11404,0.25
n6314,0.1111111111111111
n6842,0.25
n987,0.17647058823529413
n4802,0.17647058823529413
n12432,0.05263157894736842
n18538,0.05263157894736842
n20743,0.05263157894736842
n17549,0.0
n16492,0.0
n21755,0.25
n7159,0.0
n8427,0.0
n14744,0.05263157894736842
n19371,0.1111111111111111
n2898,0.1111111111111111
n1932,0.25
n4879,0.05263157894736842
n2103,0.25
n21184,0.0
n10546,0.17647058823529413
n22064,0.1111111111111111
n18099,0.0
n15720,0.05263157894736842
n8489,0.17647058823529413
n10858,0.25
n18114,0.1111111111111111
n10531,0.05263157894736842
n20454,0.25
n22055,0.0
n5145,0.05263157894736842
n18294,0.05263157894736842
n18965,0.0
n19020,0.17647058823529413
n3941,0.05263157894736842
n22008,0.0
n20792,0.17647058823529413
n3373,0.05263157894736842
n22909,0.05263157894736842
n10629,0.05263157894736842
n11782,0.1111111111111111
n6031,0.0
n11108,0.17647058823529413
n16923,0.05263157894736842
n19361,0.0
n3244,0.1111111111111111
n9187,0.1111111111111111
n13959,0.0
n7883,0.0
n10243,0.17647058823529413
n365,0.0
n13866,0.05263157894736842
n6556,0.5384615384615384
n4039,0.1111111111111111
n21367,0.42857142857142855
n5020,0.3333333333333333
n9565,0.0
n7843,0.0
n18945,0.05263157894736842
n20488,0.05263157894736842
n22517,0.17647058823529413
n301,0.05263157894736842
n6502,0.1111111111111111
n15926,0.05263157894736842
n6171,0.05263157894736842
n6907,0.0
n5830,0.05263157894736842
n7490,0.1111111111111111
n2324,0.17647058823529413
n8718,0.05263157894736842
n14751,0.05263157894736842
n15945,0.3333333333333333
n9251,0.0
n14207,0.0
n13179,0.17647058823529413
n16475,0.05263157894736842
n20923,0.17647058823529413
n9051,0.17647058823529413
n18121,0.1111111111111111
n12936,0.05263157894736842
n11969,0.1111111111111111
n2415,0.05263157894736842
n13540,0.0
n17901,0.05263157894736842
n16538,0.0
n2989,0.0
n21361,0.1111111111111111
n3081,0.0
n12477,0.1111111111111111
n19025,0.05263157894736842
n22476,0.17647058823529413
n3374,0.0
n4130,0.0
n2215,0.25
n12125,0.5384615384615384
n10318,0.0
n16873,0.25
n19576,0.0
n22470,0.0
n12409,0.05263157894736842
n20927,0.25
n22359,0.05263157894736842
n21892,0.0
n18711,0.17647058823529413
n1472,0.05263157894736842
n17592,0.05263157894736842
n22621,0.0
n20636,0.05263157894736842
n4057,0.1111111111111111
n6933,0.1111111111111111
n10350,0.3333333333333333
n11742,0.25
n6005,0.1111111111111111
n960,0.17647058823529413
n1136,0.0
n10729,0.05263157894736842
n9382,0.17647058823529413
n4896,0.0
n5096,0.25
n6370,0.3333333333333333
n8006,0.0
n14091,0.05263157894736842
n18373,0.1111111111111111
n6376,0.1111111111111111
n13383,0.05263157894736842
n4461,0.05263157894736842
n19123,0.05263157894736842
n6350,0.1111111111111111
n11902,0.0
n3916,0.17647058823529413
n22837,0.0
n17907,0.05263157894736842
n22262,0.05263157894736842
n3662,0.0
n20840,0.17647058823529413
n7598,0.17647058823529413
n10966,0.0
n8411,0.1111111111111111
n15617,0.1111111111111111
n6628,0.05263157894736842
n17018,0.17647058823529413
n2734,0.25
n20528,0.17647058823529413
n10907,0.0
n6064,0.05263157894736842
n21208,0.25
n16184,0.0
n12353,0.1111111111111111
n11483,0.1111111111111111
n7342,0.42857142857142855
n15330,0.1111111111111111
n1184,0.0
n16904,0.25
n2329,0.05263157894736842
n15098,0.05263157894736842
n10617,0.05263157894736842
n10265,0.3333333333333333
n8858,0.1111111111111111
n11661,0.05263157894736842
n14105,0.05263157894736842
n4768,0.0
n9880,0.0
n16199,0.1111111111111111
n12550,0.25
n2751,0.0
n20612,0.0
n20782,0.1111111111111111
n1799,0.1111111111111111
n16469,0.17647058823529413
n21100,0.05263157894736842
n7835,0.0
n7993,0.3333333333333333
n1871,0.0
n1742,0.0
n11311,0.25
n5113,0.05263157894736842
n18749,0.1111111111111111
n1570,0.0
n5222,0.1111111111111111
n18843,0.05263157894736842
n7332,0.1111111111111111
n5089,0.0
n1564,0.0
n2808,0.0
n14784,0.1111111111111111
n19056,0.0
n18881,0.05263157894736842
n19939,0.0
n8210,0.0
n13683,0.0
n15599,0.0
n11490,0.0
n16454,0.05263157894736842
n1087,0.1111111111111111
n2787,0.05263157894736842
n15153,0.1111111111111111
n16220,0.25
n17981,0.25
n22845,0.1111111111111111
n9114,0.1111111111111111
n13462,0.05263157894736842
n7671,0.25
n14446,0.05263157894736842
n2721,0.0
n9683,0.1111111111111111
n10084,0.17647058823529413
n11283,0.17647058823529413
n11504,0.0
n19081,0.0
n21886,0.05263157894736842
n2137,0.0
n14825,0.0
n20536,0.0
n7612,0.1111111111111111
n20976,0.05263157894736842
n17525,0.1111111111111111
n4953,0.17647058823529413
n4962,0.17647058823529413
n8314,0.05263157894736842
n18452,0.05263157894736842
n8296,0.0
n21332,0.3333333333333333
n18130,0.25
n20693,0.17647058823529413
n21790,0.42857142857142855
n17174,0.3333333333333333
n1659,0.05263157894736842
n2406,0.17647058823529413
n13420,0.0
n12744,0.05263157894736842
n1458,0.05263157894736842
n18334,0.05263157894736842
n20062,0.0
n4585,0.05263157894736842
n8562,0.0
n22694,0.17647058823529413
n5600,0.3333333333333333
n22276,0.0
n5647,0.0
n1461,0.17647058823529413
n21858,0.05263157894736842
n22844,0.05263157894736842
n3032,0.05263157894736842
n20595,0.05263157894736842
n20600,0.0
n19618,0.05263157894736842
n20039,0.17647058823529413
n5191,0.0
n4577,0.05263157894736842
n9809,0.0
n15171,0.05263157894736842
n6237,0.0
n803,0.0
n6676,0.17647058823529413
n7784,0.1111111111111111
n16663,0.3333333333333333
n8998,0.0
n22265,0.05263157894736842
n18535,0.05263157894736842
n20335,0.5384615384615384
n17005,0.1111111111111111
n9202,0.0
n13101,0.0
n13689,0.05263157894736842
n14478,0.05263157894736842
n5556,0.05263157894736842
n12092,0.05263157894736842
n1908,0.25
n6395,0.17647058823529413
n8438,0.0
n20532,0.05263157894736842
n22304,0.42857142857142855
n22002,0.17647058823529413
n18522,0.0
n18672,0.1111111111111111
n5067,0.0
n15774,0.1111111111111111
n11318,0.05263157894736842
n14777,0.1111111111111111
n21293,0.05263157894736842
n13708,0.1111111111111111
n1192,0.0
n4516,0.1111111111111111
n17410,0.05263157894736842
n7804,0.0
n14486,0.25
n253,0.05263157894736842
n12400,0.0
n1668,0.0
n13586,0.25
n17259,0.1111111111111111
n9341,0.05263157894736842
n14855,0.1111111111111111
n6209,0.1111111111111111
n15876,0.17647058823529413
n4927,0.05263157894736842
n15391,0.0
n7080,0.3333333333333333
n1248,0.3333333333333333
n15859,0.17647058823529413
n5083,0.17647058823529413
n7684,0.05263157894736842
n10005,0.0
n8345,0.17647058823529413
n1525,0.17647058823529413
n8479,0.1111111111111111
n15805,0.3333333333333333
n4483,0.0
n16476,0.0
n2395,0.0
n6665,0.42857142857142855
n11511,0.05263157894736842
n6464,0.05263157894736842
n18358,0.05263157894736842
n1863,0.05263157894736842
n2113,0.17647058823529413
n2841,0.42857142857142855
n15564,0.1111111111111111
n6415,0.25
n19032,0.05263157894736842
n1634,0.05263157894736842
n17753,0.05263157894736842
n17085,0.0
n11448,0.05263157894736842
n20913,0.0
n18324,0.0
n7998,0.05263157894736842
n3098,0.17647058823529413
n13624,0.25
n5716,0.0
n20848,0.0
n15033,0.17647058823529413
n18750,0.1111111111111111
n10521,0.1111111111111111
n1388,0.17647058823529413
n10001,0.05263157894736842
n1660,0.5384615384615384
n16001,0.17647058823529413
n7139,0.05263157894736842
n15586,0.0
n18598,0.17647058823529413
n18742,0.1111111111111111
n21495,0.0
n3642,0.17647058823529413
n8502,0.1111111111111111
n9884,0.25
n4216,0.05263157894736842
n2253,0.05263157894736842
n3288,0.0
n11923,0.17647058823529413
n2279,0.17647058823529413
n916,0.0
n6400,0.0
n1053,0.17647058823529413
n8085,0.0
n12444,0.1111111111111111
n9080,0.0
n19725,0.25
n5234,0.0
n12000,0.0
n6358,0.0
n4326,0.17647058823529413
n12373,0.0
n8340,0.0
n21949,0.05263157894736842
n7810,0.0
n1577,0.0
n16436,0.17647058823529413
n21748,0.05263157894736842
n3775,0.05263157894736842
n7010,0.17647058823529413
n21327,0.1111111111111111
n9020,0.05263157894736842
n17291,0.0
n20510,0.17647058823529413
n298,0.0
n14961,0.1111111111111111
n2559,0.0
n14089,0.0
n14410,0.0
n7785,0.05263157894736842
n17473,0.1111111111111111
n16708,0.05263157894736842
n13474,0.1111111111111111
n6806,0.17647058823529413
n13948,0.0
n3161,0.05263157894736842
n3294,0.1111111111111111
n5561,0.17647058823529413
n2221,0.1111111111111111
n7498,0.25
n991,0.0
n9555,0.0
n10739,0.05263157894736842
n8744,0.05263157894736842
n11211,0.0
n10764,0.05263157894736842
n5019,0.25
n1882,0.1111111111111111
n1473,0.17647058823529413
n11607,0.1111111111111111
n19741,0.1111111111111111
n21314,0.1111111111111111
n18381,0.0
n3902,0.0
n3723,0.17647058823529413
n7763,0.1111111111111111
n3133,0.0
n926,0.05263157894736842
n1658,0.0
n3100,0.05263157894736842
n6000,0.17647058823529413
n14202,0.17647058823529413
n16932,0.0
n1144,0.0
n221,0.05263157894736842
n12418,0.17647058823529413
n18767,0.0
n4237,0.05263157894736842
n8891,0.05263157894736842
n21326,0.0
n12358,0.05263157894736842
n8912,0.0
n21139,0.0
n4757,0.1111111111111111
n12405,0.17647058823529413
n10315,0.3333333333333333
n11645,0.0
n15565,0.1111111111111111
n13753,0.0
n14570,0.1111111111111111
n19200,0.25
n5045,0.0
n13099,0.0
n3297,0.17647058823529413
n9404,0.3333333333333333
n4955,0.17647058823529413
n7709,0.0
n1314,0.17647058823529413
n16115,0.1111111111111111
n4303,0.05263157894736842
n13800,0.0
n3440,0.17647058823529413
n3045,0.0
n16570,0.17647058823529413
n19103,0.05263157894736842
n21217,0.1111111111111111
n5208,0.05263157894736842
n2489,0.0
n13759,0.1111111111111111
n2241,0.1111111111111111
n7623,0.0
n15554,0.05263157894736842
n863,0.05263157894736842
n12225,0.05263157894736842
n7809,0.17647058823529413
n18609,0.0
n5143,0.05263157894736842
n7375,0.05263157894736842
n17021,0.05263157894736842
n22387,0.05263157894736842
n10069,0.0
n11263,0.05263157894736842
n14339,0.3333333333333333
n16031,0.17647058823529413
n5103,0.17647058823529413
n8742,0.0
n16930,0.17647058823529413
n990,0.05263157894736842
n6030,0.0
n11933,0.17647058823529413
n18024,0.25
n15784,0.25
n18075,0.05263157894736842
n19470,0.0
n6874,0.17647058823529413
n20723,0.0
n18139,0.05263157894736842
n9209,0.17647058823529413
n20548,0.3333333333333333
n9169,0.1111111111111111
n6485,0.1111111111111111
n18386,0.25
n6855,0.05263157894736842
n9052,0.05263157894736842
n1624,0.17647058823529413
n6670,0.0
n20860,0.0
n7015,0.1111111111111111
n1640,0.05263157894736842
n5497,0.0
n15968,0.05263157894736842
n6269,0.05263157894736842
n17742,0.17647058823529413
n7907,0.0
n20791,0.0
n19180,0.1111111111111111
n16329,0.0
n7900,0.0
n4749,0.17647058823529413
n6441,0.1111111111111111
n10271,0.1111111111111111
n9317,0.0
n16188,0.05263157894736842
n2750,0.05263157894736842
n13328,0.42857142857142855
n18874,0.05263157894736842
n20903,0.05263157894736842
n19903,0.0
n17469,0.05263157894736842
n4492,0.17647058823529413
n10331,0.0
n18902,0.05263157894736842
n16624,0.05263157894736842
n6734,0.3333333333333333
n13044,0.05263157894736842
n21760,0.0
n11751,0.17647058823529413
n5108,0.1111111111111111
n8670,0.05263157894736842
n15695,0.05263157894736842
n15827,0.0
n21853,0.05263157894736842
n20507,0.17647058823529413
n18048,0.25
n17877,0.1111111111111111
n13748,0.05263157894736842
n18191,0.1111111111111111
n7698,0.0
n9137,0.1111111111111111
n17659,0.0
n1181,0.17647058823529413
n8955,0.0
n2986,0.0
n22235,0.1111111111111111
n9189,0.17647058823529413
n16667,0.05263157894736842
n19075,0.25
n11172,0.0
n20474,0.1111111111111111
n5419,0.17647058823529413
n18028,0.1111111111111111
n11274,0.0
n15828,0.42857142857142855
n22147,0.0
n8206,0.0
n7865,0.0
n5042,0.1111111111111111
n12516,0.05263157894736842
n2806,0.0
n19022,0.1111111111111111
n4357,0.25
n11537,0.17647058823529413
n5127,0.1111111111111111
n22614,0.05263157894736842
n12065,0.1111111111111111
n9771,0.0
n3096,0.05263157894736842
n12808,0.17647058823529413
n4142,0.05263157894736842
n7086,0.0
n18151,0.17647058823529413
n20931,0.17647058823529413
n11507,0.0
n17414,0.0
n6904,0.0
n22191,0.05263157894736842
n14874,0.05263157894736842
n13807,0.3333333333333333
n15702,0.1111111111111111
n8794,0.0
n19240,0.42857142857142855
n853,0.1111111111111111
n21162,0.1111111111111111
n21269,0.05263157894736842
n5203,0.1111111111111111
n22977,0.05263157894736842
n9816,0.1111111111111111
n7106,0.25
n1752,0.17647058823529413
n10945,0.05263157894736842
n17190,0.05263157894736842
n9292,0.0
n13725,0.1111111111111111
n8091,0.0
n8890,0.25
n13026,0.17647058823529413
n18923,0.0
n9275,0.05263157894736842
n1284,0.05263157894736842
n11080,0.17647058823529413
n12628,0.0
n11643,0.05263157894736842
n6313,0.0
n19787,0.05263157894736842
n21350,0.1111111111111111
n11258,0.0
n19968,0.17647058823529413
n9980,0.1111111111111111
n570,0.17647058823529413
n16062,0.0
n6929,0.05263157894736842
n7603,0.05263157894736842
n9342,0.05263157894736842
n22461,0.05263157894736842
n7288,0.05263157894736842
n21960,0.0
n3192,0.1111111111111111
n21089,0.0
n16957,0.0
n9590,0.05263157894736842
n14763,0.0
n21191,0.05263157894736842
n14463,0.05263157894736842
n390,0.0
n15301,0.1111111111111111
n15388,0.0
n7044,0.0
n19078,0.17647058823529413
n15682,0.17647058823529413
n21569,0.0
n1354,0.17647058823529413
n4950,0.0
n3400,0.0
n3938,0.05263157894736842
n4453,0.17647058823529413
n6002,0.05263157894736842
n10220,0.05263157894736842
n3347,0.25
n10404,0.05263157894736842
n12433,0.25
n15725,0.25
n5570,0.42857142857142855
n17283,0.05263157894736842
n17107,0.05263157894736842
n9469,0.17647058823529413
n20397,0.1111111111111111
n3328,0.0
n22183,0.05263157894736842
n15901,0.1111111111111111
n21391,0.0
n5838,0.17647058823529413
n7616,0.05263157894736842
n2618,0.1111111111111111
n3713,0.17647058823529413
n21351,0.17647058823529413
n21392,0.5384615384615384
n21872,0.0
n18517,0.0
n16333,0.1111111111111111
n6011,0.0
n15217,0.0
n18744,0.17647058823529413
n19385,0.0
n13343,0.1111111111111111
n20214,0.05263157894736842
n9813,0.05263157894736842
n5509,0.05263157894736842
n11849,0.05263157894736842
n11401,0.1111111111111111
n16201,0.05263157894736842
n8536,0.17647058823529413
n14692,0.0
n7167,0.1111111111111111
n3795,0.17647058823529413
n9150,0.05263157894736842
n1114,0.05263157894736842
n8688,0.25
n5883,0.5384615384615384
n540,0.1111111111111111
n12844,0.05263157894736842
n18906,0.1111111111111111
n2366,0.0
n12265,0.05263157894736842
n18498,0.05263157894736842
n6403,0.05263157894736842
n17477,0.05263157894736842
n13300,0.05263157894736842
n18896,0.0
n20001,0.0
n17614,0.25
n14063,0.0
n9151,0.0
n2323,0.17647058823529413
n1737,0.0
n7484,0.0
n14522,0.3333333333333333
n10062,0.1111111111111111
n6120,0.17647058823529413
n4986,0.1111111111111111
n11667,0.05263157894736842
n12356,0.0
n18286,0.05263157894736842
n21275,0.0
n2671,0.05263157894736842
n20672,0.1111111111111111
n9732,0.0
n17923,0.25
n19160,0.42857142857142855
n8220,0.0
n20566,0.0
n3030,0.0
n1483,0.0
n17936,0.05263157894736842
n3021,0.17647058823529413
n8802,0.05263157894736842
n1495,0.0
n11298,0.5384615384615384
n4380,0.1111111111111111
n7708,0.05263157894736842
n19486,0.05263157894736842
n16180,0.0
n20028,0.05263157894736842
n2070,0.0
n6332,0.17647058823529413
n16023,0.05263157894736842
n3945,0.05263157894736842
n7223,0.0
n13464,0.17647058823529413
n13161,0.0
n2383,0.05263157894736842
n12235,0.0
n20721,0.05263157894736842
n22320,0.1111111111111111
n20817,0.0
n18787,0.0
n1649,0.1111111111111111
n4405,0.0
n20763,0.05263157894736842
n8886,0.25
n19287,0.05263157894736842
n21844,0.05263157894736842
n18947,0.25
n20869,0.17647058823529413
n15274,0.0
n12013,0.1111111111111111
n15933,0.05263157894736842
n7718,0.05263157894736842
n17029,0.0
n20470,0.0
n13385,0.25
n2763,0.17647058823529413
n3011,0.05263157894736842
n15000,0.05263157894736842
n4571,0.25
n6490,0.0
n9588,0.17647058823529413
n20423,0.05263157894736842
n11096,0.0
n6555,0.1111111111111111
n11508,0.25
n22524,0.17647058823529413
n21353,0.05263157894736842
n21880,0.05263157894736842
n20729,0.1111111111111111
n18991,0.05263157894736842
n10640,0.1111111111111111
n20965,0.1111111111111111
n3648,0.05263157894736842
n11576,0.0
n6384,0.1111111111111111
n6986,0.05263157894736842
n16632,0.3333333333333333
n21622,0.05263157894736842
n20690,0.1111111111111111
n6668,0.1111111111111111
n8370,0.05263157894736842
n8977,0.1111111111111111
n11703,0.0
n13336,0.0
n16050,0.1111111111111111
n4472,0.0
n16463,0.1111111111111111
n19225,0.0
n21936,0.0
n12249,0.1111111111111111
n5018,0.0
n9269,0.1111111111111111
n10079,0.0
n14906,0.3333333333333333
n16796,0.05263157894736842
n4401,0.0
n6500,0.3333333333333333
n17082,0.17647058823529413
n3922,0.0
n7913,0.0
n10240,0.1111111111111111
n2059,0.1111111111111111
n13731,0.05263157894736842
n10519,0.0
n10635,0.1111111111111111
n6264,0.05263157894736842
n11123,0.05263157894736842
n8222,0.05263157894736842
n6144,0.05263157894736842
n16045,0.0
n8135,0.0
n16221,0.0
n973,0.0
n19250,0.0
n19956,0.1111111111111111
n13951,0.17647058823529413
n18823,0.05263157894736842
n15662,0.17647058823529413
n14823,0.0
n16847,0.05263157894736842
n9146,0.0
n7519,0.0
n14680,0.05263157894736842
n21111,0.1111111111111111
n10048,0.3333333333333333
n21175,0.0
n11228,0.17647058823529413
n12459,0.17647058823529413
n15756,0.05263157894736842
n20694,0.0
n16561,0.05263157894736842
n15952,0.05263157894736842
n20985,0.17647058823529413
n21578,0.1111111111111111
n22848,0.1111111111111111
n15326,0.0
n18935,0.17647058823529413
n2880,0.17647058823529413
n7518,0.05263157894736842
n4466,0.17647058823529413
n18893,0.1111111111111111
n1875,0.05263157894736842
n11563,0.0
n10724,0.0
n13397,0.0
n8878,0.1111111111111111
n13716,0.0
n21683,0.17647058823529413
n11419,0.05263157894736842
n7252,0.1111111111111111
n6708,0.17647058823529413
n8997,0.0
n22919,0.0
n15786,0.25
n4163,0.1111111111111111
n7781,0.17647058823529413
n16165,0.25
n1567,0.1111111111111111
n1727,0.1111111111111111
n11265,0.0
n18095,0.25
n20405,0.1111111111111111
n6938,0.0
n12989,0.05263157894736842
n9978,0.05263157894736842
n2205,0.17647058823529413
n4562,0.17647058823529413
n6038,0.1111111111111111
n3097,0.0
n19960,0.25
n5729,0.05263157894736842
n18042,0.1111111111111111
n8231,0.0
n18039,0.05263157894736842
n15397,0.05263157894736842
n13861,0.25
n4204,0.05263157894736842
n15843,0.17647058823529413
n12656,0.0
n16173,0.05263157894736842
n19900,0.0
n553,0.05263157894736842
n20622,0.1111111111111111
n7633,0.0
n3132,0.05263157894736842
n4454,0.3333333333333333
n8196,0.0
n5836,0.0
n16265,0.05263157894736842
n12089,0.25
n8739,0.25
n21491,0.17647058823529413
n2281,0.25
n16393,0.0
n11611,0.0
n15630,0.17647058823529413
n6906,0.0
n882,0.17647058823529413
n15690,0.0
n10155,0.0
n54,0.17647058823529413
n5796,0.05263157894736842
n616,0.3333333333333333
n12345,0.05263157894736842
n18578,0.1111111111111111
n12757,0.1111111111111111
n9199,0.42857142857142855
n21118,0.1111111111111111
n27,0.0
n6695,0.0
n7287,0.1111111111111111
n4921,0.3333333333333333
n8211,0.0
n21305,0.3333333333333333
n38,0.17647058823529413
n9531,0.05263157894736842
n5412,0.0
n9682,0.17647058823529413
n8133,0.05263157894736842
n20263,0.05263157894736842
n20834,0.05263157894736842
n1442,0.3333333333333333
n14962,0.0
n3931,0.25
n4228,0.17647058823529413
n12957,0.17647058823529413
n11976,0.17647058823529413
n6082,0.1111111111111111
n18667,0.25
n15900,0.0
n6148,0.17647058823529413
n13455,0.25
n10340,0.0
n21308,0.05263157894736842
n20067,0.25
n9013,0.05263157894736842
n3346,0.0
n5949,0.17647058823529413
n6785,0.05263157894736842
n8836,0.0
n17295,0.17647058823529413
n20467,0.1111111111111111
n18185,0.05263157894736842
n10461,0.17647058823529413
n8538,0.42857142857142855
n13578,0.05263157894736842
n9393,0.1111111111111111
n3198,0.1111111111111111
n22079,0.0
n15619,0.05263157894736842
n9225,0.17647058823529413
n15127,0.0
n22544,0.1111111111111111
n20127,0.1111111111111111
n20878,0.05263157894736842
n22346,0.0
n12546,0.05263157894736842
n22149,0.0
n1303,0.0
n1397,0.0
n5612,0.05263157894736842
n2407,0.0
n9154,0.0
n8619,0.1111111111111111
n14798,0.0
n11559,0.25
n1534,0.0
n13134,0.05263157894736842
n7599,0.0
n2565,0.0
n14872,0.0
n2317,0.05263157894736842
n13431,0.1111111111111111
n4341,0.0
n7896,0.0
n20316,0.0
n12809,0.05263157894736842
n5343,0.1111111111111111
n18952,0.3333333333333333
n10644,0.05263157894736842
n941,0.1111111111111111
n11437,0.0
n13434,0.0
n15967,0.05263157894736842
n13269,0.05263157894736842
n9043,0.05263157894736842
n17668,0.0
n2040,0.0
n21751,0.17647058823529413
n3962,0.0
n10564,0.0
n11161,0.0
n14559,0.3333333333333333
n6956,0.0
n5002,0.1111111111111111
n4126,0.05263157894736842
n11474,0.25
n11353,0.05263157894736842
n15245,0.0
n15466,0.17647058823529413
n18618,0.1111111111111111
n15604,0.3333333333333333
n15666,0.05263157894736842
n1937,0.0
n13734,0.0
n18027,0.3333333333333333
n19059,0.05263157894736842
n2822,0.0
n14399,0.17647058823529413
n12997,0.05263157894736842
n14012,0.17647058823529413
n19642,0.1111111111111111
n2413,0.3333333333333333
n7166,0.0
n5881,0.42857142857142855
n14082,0.1111111111111111
n18134,0.05263157894736842
n4505,0.0
n10786,0.17647058823529413
n4982,0.17647058823529413
n11900,0.0
n12428,0.0
n13012,0.1111111111111111
n22714,0.0
n2023,0.05263157894736842
n17454,0.0
n14444,0.05263157894736842
n18357,0.0
n22087,0.05263157894736842
n13288,0.0
n20946,0.1111111111111111
n14214,0.0
n3051,0.05263157894736842
n2902,0.17647058823529413
n21413,0.0
n13381,0.05263157894736842
n4693,0.1111111111111111
n18932,0.1111111111111111
n21883,0.05263157894736842
n14948,0.0
n1390,0.1111111111111111
n18860,0.05263157894736842
n20710,0.1111111111111111
n4840,0.25
n7602,0.42857142857142855
n3090,0.1111111111111111
n10102,0.05263157894736842
n18300,0.1111111111111111
n13338,0.0
n9090,0.0
n144,0.0
n11219,0.1111111111111111
n14972,0.0
n6396,0.0
n8067,0.05263157894736842
n10670,0.0
n9483,0.0
n12195,0.05263157894736842
n15893,0.05263157894736842
n6617,0.05263157894736842
n11082,0.0
n7870,0.0
n15478,0.05263157894736842
n9960,0.05263157894736842
n9684,0.17647058823529413
n5811,0.0
n5564,0.05263157894736842
n18041,0.1111111111111111
n21084,0.1111111111111111
n3702,0.0
n19343,0.0
n20140,0.05263157894736842
n1723,0.05263157894736842
n4296,0.05263157894736842
n1826,0.05263157894736842
n4062,0.0
n11889,0.1111111111111111
n7149,0.17647058823529413
n17965,0.1111111111111111
n14359,0.1111111111111111
n18254,0.17647058823529413
n20833,0.05263157894736842
n3787,0.05263157894736842
n9165,0.17647058823529413
n15777,0.25
n14241,0.0
n11948,0.1111111111111111
n12845,0.1111111111111111
n14954,0.0
n18167,0.17647058823529413
n21747,0.1111111111111111
n5293,0.0
n6974,0.17647058823529413
n5006,0.42857142857142855
n17523,0.1111111111111111
n15665,0.1111111111111111
n6477,0.0
n15688,0.25
n21038,0.1111111111111111
n7115,0.0
n12762,0.1111111111111111
n14601,0.1111111111111111
n11414,0.1111111111111111
n19848,0.1111111111111111
n21409,0.1111111111111111
n12758,0.1111111111111111
n21787,0.0
n22231,0.0
n8113,0.17647058823529413
n11745,0.17647058823529413
n20800,0.0
n6290,0.25
n13704,0.1111111111111111
n4975,0.05263157894736842
n9287,0.0
n1678,0.0
n9687,0.1111111111111111
n6482,0.0
n8441,0.0
n3233,0.0
n8868,0.0
n17565,0.05263157894736842
n5943,0.0
n2172,0.17647058823529413
n9893,0.0
n10057,0.1111111111111111
n18552,0.05263157894736842
n9503,0.1111111111111111
n18061,0.1111111111111111
n16448,0.0
n1884,0.1111111111111111
n10532,0.1111111111111111
n4523,0.05263157894736842
n7582,0.0
n9220,0.05263157894736842
n12920,0.17647058823529413
n7043,0.0
n3967,0.05263157894736842
n5371,0.1111111111111111
n5262,0.05263157894736842
n6216,0.0
n4058,0.0
n6163,0.1111111111111111
n17820,0.0
n7268,0.0
n2101,0.17647058823529413
n8450,0.17647058823529413
n9399,0.1111111111111111
n18418,0.0
n3420,0.25
n5087,0.1111111111111111
n10881,0.05263157894736842
n15728,0.1111111111111111
n1582,0.0
n58,0.1111111111111111
n5853,0.0
n15918,0.17647058823529413
n9745,0.17647058823529413
n13713,0.1111111111111111
n5787,0.05263157894736842
n15320,0.17647058823529413
n4966,0.25
n3909,0.1111111111111111
n11066,0.0
n15625,0.17647058823529413
n29,0.05263157894736842
n18911,0.05263157894736842
n21734,0.05263157894736842
n10734,0.05263157894736842
n889,0.17647058823529413
n17429,0.0
n17274,0.25
n10311,0.05263157894736842
n6833,0.1111111111111111
n716,0.17647058823529413
n15374,0.1111111111111111
n19015,0.17647058823529413
n14263,0.1111111111111111
n11724,0.17647058823529413
n20190,0.17647058823529413
n20666,0.3333333333333333
n19199,0.25
n3626,0.05263157894736842
n13359,0.05263157894736842
n12056,0.05263157894736842
n21370,0.1111111111111111
n2896,0.25
n20438,0.05263157894736842
n22112,0.0
n1337,0.5384615384615384
n11842,0.05263157894736842
n17912,0.1111111111111111
n18132,0.0
n14686,0.0
n4919,0.0
n1465,0.0
n8514,0.25
n20588,0.0
n18255,0.05263157894736842
n1599,0.25
n14857,0.1111111111111111
n20924,0.1111111111111111
n13316,0.05263157894736842
n4631,0.0
n7714,0.0
n18830,0.17647058823529413
n18671,0.42857142857142855
n6289,0.1111111111111111
n22076,0.25
n11715,0.05263157894736842
n7625,0.05263157894736842
n9193,0.17647058823529413
n17765,0.1111111111111111
n21779,0.17647058823529413
n12648,0.0
n14056,0.17647058823529413
n7775,0.0
n1894,0.05263157894736842
n18716,0.25
n2965,0.05263157894736842
n10861,0.0
n1185,0.1111111111111111
n2114,0.1111111111111111
n9600,0.05263157894736842
n10537,0.0
n18560,0.17647058823529413
n10673,0.25
n15772,0.05263157894736842
n7820,0.0
n20130,0.0
n4359,0.17647058823529413
n329,0.17647058823529413
n15052,0.0
n11570,0.17647058823529413
n18794,0.17647058823529413
n7146,0.0
n16418,0.05263157894736842
n2076,0.1111111111111111
n9890,0.1111111111111111
n20614,0.25
n644,0.0
n19060,0.1111111111111111
n19608,0.1111111111111111
n12897,0.17647058823529413
n13946,0.17647058823529413
n2496,0.25
n16339,0.0
n21036,0.0
n21926,0.05263157894736842
n20173,0.0
n14365,0.0
n21261,0.3333333333333333
n7138,0.05263157894736842
n9896,0.1111111111111111
n18645,0.05263157894736842
n22126,0.05263157894736842
n18537,0.25
n17510,0.05263157894736842
n16413,0.0
n12238,0.17647058823529413
n4231,0.0
n379,0.0
n20186,0.0
n3005,0.25
n19054,0.0
n7055,0.0
n13938,0.6666666666666666
n7759,0.05263157894736842
n15512,0.17647058823529413
n25,0.17647058823529413
n15792,0.1111111111111111
n21346,0.1111111111111111
n10179,0.05263157894736842
n1757,0.1111111111111111
n10176,0.0
n20887,0.0
n6014,0.17647058823529413
n75,0.1111111111111111
n6898,0.0
n9592,0.25
n10321,0.05263157894736842
n10038,0.1111111111111111
n16961,0.05263157894736842
n21247,0.1111111111111111
n2473,0.05263157894736842
n9987,0.0
n22098,0.1111111111111111
n475,0.0
n21679,0.25
n10411,0.05263157894736842
n13739,0.3333333333333333
n14589,0.05263157894736842
n10500,0.0
n15993,0.17647058823529413
n5776,0.0
n7846,0.0
n18798,0.42857142857142855
n1701,0.25
n9205,0.0
n13071,0.0
n8787,0.0
n81,0.1111111111111111
n6985,0.1111111111111111
n8897,0.17647058823529413
n9589,0.0
n3686,0.25
n6371,0.25
n8634,0.1111111111111111
n20662,0.05263157894736842
n7981,0.05263157894736842
n9736,0.05263157894736842
n6920,0.0
n18619,0.1111111111111111
n15451,0.0
n22915,0.0
n9099,0.1111111111111111
n11116,0.1111111111111111
n10914,0.0
n9865,0.05263157894736842
n20220,0.05263157894736842
n10866,0.0
n961,0.17647058823529413
n5859,0.1111111111111111
n18021,0.05263157894736842
n17626,0.1111111111111111
n2816,0.3333333333333333
n3426,0.05263157894736842
n14312,0.1111111111111111
n12350,0.25
n6295,0.17647058823529413
n10375,0.17647058823529413
n15405,0.05263157894736842
n16415,0.05263157894736842
n11875,0.25
n21164,0.0
n20647,0.0
n18221,0.3333333333333333
n11314,0.1111111111111111
n10515,0.25
n2365,0.0
n18933,0.0
n7852,0.0
n100,0.1111111111111111
n3528,0.05263157894736842
n7812,0.0
n14100,0.17647058823529413
n6841,0.17647058823529413
n6407,0.0
n17837,0.1111111111111111
n18673,0.0
n20207,0.05263157894736842
n9749,0.05263157894736842
n16634,0.05263157894736842
n10854,0.1111111111111111
n6013,0.1111111111111111
n3798,0.05263157894736842
n7242,0.17647058823529413
n3881,0.3333333333333333
n5572,0.0
n11393,0.17647058823529413
n17712,0.1111111111111111
n6810,0.1111111111111111
n12673,0.05263157894736842
n16737,0.25
n778,0.0
n11796,0.05263157894736842
n6722,0.1111111111111111
n9076,0.1111111111111111
n4963,0.0
n10409,0.05263157894736842
n16594,0.0
n2700,0.0
n7445,0.25
n16850,0.0
n18237,0.3333333333333333
n21347,0.0
n15638,0.1111111111111111
n20992,0.05263157894736842
n17404,0.0
n6997,0.3333333333333333
n20172,0.17647058823529413
n22677,0.1111111111111111
n7860,0.05263157894736842
n11965,0.3333333333333333
n6700,0.0
n9931,0.05263157894736842
n16038,0.5384615384615384
n17030,0.1111111111111111
n14895,0.0
n2342,0.0
n8865,0.0
n6815,0.05263157894736842
n15723,0.1111111111111111
n18429,0.1111111111111111
n1879,0.05263157894736842
n1464,0.0
n8056,0.05263157894736842
n7057,0.0
n333,0.0
n13444,0.05263157894736842
n17363,0.05263157894736842
n18091,0.1111111111111111
n17577,0.25
n19014,0.17647058823529413
n15327,0.3333333333333333
n17955,0.17647058823529413
n21059,0.05263157894736842
n4838,0.1111111111111111
n1440,0.05263157894736842
n18059,0.17647058823529413
n4477,0.0
n21848,0.05263157894736842
n9956,0.05263157894736842
n22865,0.1111111111111111
n6529,0.05263157894736842
n19472,0.05263157894736842
n18458,0.0
n3413,0.25
n3165,0.0
n9419,0.1111111111111111
n1607,0.17647058823529413
n19872,0.0
n20886,0.05263157894736842
n22620,0.05263157894736842
n16307,0.25
n2501,0.05263157894736842
n2589,0.1111111111111111
n17020,0.05263157894736842
n15878,0.5384615384615384
n1903,0.17647058823529413
n18098,0.0
n1532,0.1111111111111111
n9801,0.17647058823529413
n20169,0.17647058823529413
n19691,0.0
n20014,0.0
n5068,0.17647058823529413
n15813,0.17647058823529413
n6222,0.0
n19,0.05263157894736842
n6891,0.1111111111111111
n7350,0.05263157894736842
n8638,0.25
n15365,0.05263157894736842
n16472,0.05263157894736842
n14540,0.0
n13246,0.42857142857142855
n6771,0.1111111111111111
n1877,0.05263157894736842
n2608,0.17647058823529413
n9124,0.1111111111111111
n10088,0.1111111111111111
n15629,0.17647058823529413
n14533,0.05263157894736842
n17967,0.05263157894736842
n9835,0.0
n21833,0.1111111111111111
n19055,0.1111111111111111
n10406,0.1111111111111111
n6552,0.0
n4063,0.17647058823529413
n19406,0.0
n18082,0.05263157894736842
n11927,0.0
n2516,0.1111111111111111
n12943,0.1111111111111111
n9969,0.05263157894736842
n9902,0.25
n16712,0.05263157894736842
n6690,0.25
n6474,0.05263157894736842
n18076,0.1111111111111111
n11210,0.0
n19094,0.0
n6486,0.0
n9861,0.17647058823529413
n11145,0.1111111111111111
n6257,0.1111111111111111
n11317,0.25
n11652,0.05263157894736842
n19254,0.0
n6430,0.3333333333333333
n1682,0.17647058823529413
n22193,0.17647058823529413
n19337,0.0
n4602,0.17647058823529413
n6438,0.1111111111111111
n10341,0.1111111111111111
n16858,0.05263157894736842
n12306,0.25
n15877,0.0
n14598,0.1111111111111111
n12279,0.0
n22468,0.05263157894736842
n2344,0.17647058823529413
n5330,0.0
n9459,0.1111111111111111
n15912,0.17647058823529413
n17710,0.42857142857142855
n3647,0.0
n6280,0.25
n15495,0.0
n9113,0.0
n22978,0.0
n4413,0.0
n756,0.0
n5219,0.0
n11412,0.1111111111111111
n2049,0.3333333333333333
n11484,0.1111111111111111
n12597,0.1111111111111111
n12750,0.0
n13589,0.25
n16668,0.17647058823529413
n6506,0.1111111111111111
n13701,0.05263157894736842
n22628,0.05263157894736842
n17776,0.0
n17717,0.0
n19433,0.25
n16078,0.0
n12018,0.3333333333333333
n17178,0.17647058823529413
n3397,0.05263157894736842
n5463,0.1111111111111111
n6825,0.0
n9136,0.05263157894736842
n15358,0.1111111111111111
n5118,0.3333333333333333
n2592,0.0
n6182,0.17647058823529413
n11266,0.1111111111111111
n13349,0.0
n11967,0.05263157894736842
n11728,0.0
n2837,0.05263157894736842
n19744,0.0
n1929,0.0
n17026,0.25
n11560,0.1111111111111111
n8986,0.1111111111111111
n2895,0.0
n3445,0.05263157894736842
n30,0.0
n19739,0.05263157894736842
n15271,0.0
n20163,0.0
n18815,0.17647058823529413
n19124,0.1111111111111111
n11950,0.1111111111111111
n1287,0.1111111111111111
n13823,0.17647058823529413
n4632,0.0
n6197,0.0
n21794,0.1111111111111111
n12292,0.05263157894736842
n16177,0.0
n10066,0.0
n17478,0.0
n3405,0.17647058823529413
n5307,0.0
n403,0.05263157894736842
n2266,0.1111111111111111
n6966,0.0
n20797,0.17647058823529413
n16982,0.05263157894736842
n13368,0.5384615384615384
n14171,0.3333333333333333
n15924,0.05263157894736842
n4798,0.0
n8003,0.17647058823529413
n21526,0.0
n3447,0.1111111111111111
n3485,0.1111111111111111
n21064,0.0
n2085,0.1111111111111111
n43,0.0
n4432,0.05263157894736842
n15400,0.0
n4870,0.05263157894736842
n2738,0.0
n6987,0.3333333333333333
n3961,0.0
n5092,0.05263157894736842
n18654,0.05263157894736842
n18977,0.25
n20413,0.05263157894736842
n9951,0.0
n13687,0.05263157894736842
n10167,0.0
n16861,0.05263157894736842
n13294,0.0
n19946,0.05263157894736842
n7267,0.25
n19671,0.1111111111111111
n20349,0.1111111111111111
n16483,0.0
n11489,0.0
n15806,0.05263157894736842
n3667,0.0
n15643,0.17647058823529413
n22243,0.05263157894736842
n1869,0.0
n6886,0.25
n6731,0.17647058823529413
n21534,0.17647058823529413
n9123,0.1111111111111111
n21902,0.1111111111111111
n19816,0.0
n15791,0.1111111111111111
n9923,0.1111111111111111
n6003,0.05263157894736842
n1628,0.25
n4934,0.17647058823529413
n352,0.0
n19803,0.05263157894736842
n6219,0.0
n7751,0.0
n10853,0.05263157894736842
n18340,0.05263157894736842
n3266,0.0
n12675,0.17647058823529413
n1636,0.42857142857142855
n14071,0.1111111111111111
n20311,0.1111111111111111
n15517,0.0
n6035,0.17647058823529413
n10302,0.0
n7710,0.05263157894736842
n9180,0.05263157894736842
n12889,0.1111111111111111
n3674,0.17647058823529413
n21127,0.0
n11206,0.17647058823529413
n16789,0.25
n18681,0.1111111111111111
n2799,0.1111111111111111
n13779,0.0
n12749,0.0
n19790,0.05263157894736842
n7002,0.0
n1900,0.0
n8469,0.25
n9485,0.25
n20998,0.0
n11524,0.0
n1362,0.05263157894736842
n10875,0.05263157894736842
n4724,0.17647058823529413
n15275,0.0
n7284,0.1111111111111111
n2337,0.05263157894736842
n16485,0.05263157894736842
n16480,0.05263157894736842
n4219,0.25
n16891,0.1111111111111111
n21773,0.05263157894736842
n6638,0.0
n6034,0.0
n14032,0.17647058823529413
n1406,0.0
n2000,0.05263157894736842
n7209,0.0
n876,0.05263157894736842
n4286,0.05263157894736842
n9033,0.0
n1952,0.05263157894736842
n14844,0.1111111111111111
n20381,0.3333333333333333
n9009,0.05263157894736842
n18997,0.0
n4263,0.0
n20819,0.25
n7238,0.25
n13549,0.17647058823529413
n6590,0.0
n11943,0.05263157894736842
n12800,0.05263157894736842
n19397,0.05263157894736842
n9360,0.1111111111111111
n17716,0.05263157894736842
n8569,0.25
n8898,0.1111111111111111
n701,0.0
n18604,0.05263157894736842
n22881,0.17647058823529413
n5142,0.1111111111111111
n147,0.1111111111111111
n10655,0.25
n21796,0.0
n5008,0.05263157894736842
n13597,0.0
n17150,0.05263157894736842
n8082,0.0
n747,0.17647058823529413
n21041,0.0
n6567,0.0
n10682,0.25
n14449,0.0
n13915,0.0
n15676,0.0
n16,0.05263157894736842
n10140,0.17647058823529413
n3889,0.0
n562,0.05263157894736842
n9036,0.05263157894736842
n10468,0.25
n2774,0.05263157894736842
n19358,0.05263157894736842
n1407,0.05263157894736842
n2683,0.17647058823529413
n16654,0.05263157894736842
n21638,0.3333333333333333
n20567,0.0
n550,0.25
n19087,0.17647058823529413
n14629,0.1111111111111111
n4328,0.05263157894736842
n22407,0.0
n5677,0.17647058823529413
n9475,0.0
n10277,0.0
n2081,0.05263157894736842
n12895,0.1111111111111111
n5034,0.25
n14437,0.0
n14455,0.17647058823529413
n3281,0.05263157894736842
n2519,0.05263157894736842
n14460,0.05263157894736842
n13637,0.0
n19575,0.0
n19716,0.05263157894736842
n16204,0.0
n648,0.0
n22167,0.1111111111111111
n19105,0.05263157894736842
n12652,0.1111111111111111
n20569,0.42857142857142855
n18174,0.1111111111111111
n6957,0.05263157894736842
n9639,0.17647058823529413
n18531,0.05263157894736842
n20249,0.05263157894736842
n11716,0.0
n21477,0.0
n2111,0.17647058823529413
n1815,0.1111111111111111
n2349,0.0
n21785,0.0
n14276,0.1111111111111111
n15763,0.1111111111111111
n21615,0.0
n5190,0.17647058823529413
n20217,0.05263157894736842
n19707,0.1111111111111111
n1830,0.1111111111111111
n8698,0.25
n21024,0.0
n6897,0.05263157894736842
n19271,0.17647058823529413
n10477,0.0
n994,0.05263157894736842
n19892,0.17647058823529413
n17418,0.1111111111111111
n9356,0.05263157894736842
n15618,0.05263157894736842
n15552,0.0
n15747,0.05263157894736842
n15698,0.1111111111111111
n3283,0.17647058823529413
n12080,0.1111111111111111
n13364,0.05263157894736842
n13880,0.0
n21168,0.0
n22217,0.1111111111111111
n602,0.0
n2468,0.05263157894736842
n11973,0.0
n1445,0.05263157894736842
n12900,0.0
n6070,0.1111111111111111
n6143,0.17647058823529413
n19998,0.05263157894736842
n15133,0.0
n14596,0.17647058823529413
n7830,0.05263157894736842
n9296,0.05263157894736842
n14878,0.05263157894736842
n17576,0.0
n13613,0.0
n21431,0.0
n19970,0.0
n17314,0.0
n10239,0.0
n7818,0.1111111111111111
n9216,0.05263157894736842
n4184,0.05263157894736842
n5041,0.1111111111111111
n3014,0.1111111111111111
n7265,0.6666666666666666
n173,0.17647058823529413
n22549,0.0
n2521,0.0
n6982,0.25
n7118,0.0
n7421,0.17647058823529413
n9989,0.1111111111111111
n13107,0.1111111111111111
n18833,0.0
n11087,0.0
n12463,0.0
n6914,0.1111111111111111
n7169,0.0
n18408,0.0
n2182,0.0
n20568,0.1111111111111111
n6149,0.05263157894736842
n1118,0.0
n1081,0.05263157894736842
n21356,0.0
n4941,0.17647058823529413
n12312,0.0
n17420,0.0
n21588,0.17647058823529413
n10539,0.0
n19079,0.17647058823529413
n604,0.42857142857142855
n8667,0.05263157894736842
n4566,0.1111111111111111
n12440,0.0
n20605,0.05263157894736842
n9069,0.17647058823529413
n4042,0.05263157894736842
n13198,0.1111111111111111
n22741,0.1111111111111111
n11550,0.0
n18656,0.25
n7376,0.1111111111111111
n21937,0.0
n20486,0.0
n20449,0.1111111111111111
n5925,0.05263157894736842
n17618,0.25
n14965,0.05263157894736842
n8625,0.0
n3546,0.05263157894736842
n5526,0.17647058823529413
n11120,0.0
n16147,0.17647058823529413
n2828,0.1111111111111111
n22631,0.05263157894736842
n12146,0.5384615384615384
n9320,0.0
n15376,0.05263157894736842
n52,0.25
n6829,0.05263157894736842
n19164,0.0
n19224,0.05263157894736842
n1427,0.05263157894736842
n11028,0.0
n16991,0.05263157894736842
n18045,0.1111111111111111
n16799,0.25
n12328,0.1111111111111111
n14667,0.0
n3383,0.0
n1400,0.05263157894736842
n9577,0.0
n10690,0.1111111111111111
n14123,0.0
n18529,0.0
n16251,0.0
n6442,0.25
n10200,0.0
n16252,0.0
n3675,0.0
n13456,0.42857142857142855
n6367,0.05263157894736842
n19971,0.25
n4324,0.0
n8999,0.05263157894736842
n16801,0.05263157894736842
n20325,0.17647058823529413
n12372,0.25
n8071,0.1111111111111111
n4060,0.0
n15499,0.05263157894736842
n20417,0.05263157894736842
n4310,0.05263157894736842
n18545,0.0
n21711,0.0
n16075,0.17647058823529413
n14049,0.0
n16452,0.05263157894736842
n17286,0.25
n19070,0.05263157894736842
n22603,0.0
n21523,0.0
n4426,0.5384615384615384
n8819,0.17647058823529413
n21897,0.0
n7629,0.17647058823529413
n4849,0.05263157894736842
n15546,0.17647058823529413
n18547,0.05263157894736842
n5938,0.17647058823529413
n14694,0.17647058823529413
n138,0.05263157894736842
n7596,0.0
n11163,0.17647058823529413
n10805,0.1111111111111111
n1492,0.0
n1545,0.05263157894736842
n17913,0.0
n14616,0.0
n20909,0.1111111111111111
n22240,0.0
n9354,0.0
n11664,0.1111111111111111
n12583,0.0
n15535,0.05263157894736842
n18664,0.17647058823529413
n20219,0.0
n12540,0.0
n22015,0.17647058823529413
n3920,0.1111111111111111
n12226,0.1111111111111111
n1506,0.05263157894736842
n15506,0.1111111111111111
n13631,0.25
n12385,0.42857142857142855
n7963,0.0
n16579,0.17647058823529413
n524,0.05263157894736842
n16892,0.42857142857142855
n1393,0.05263157894736842
n21424,0.17647058823529413
n11048,0.05263157894736842
n1326,0.25
n12520,0.05263157894736842
n7823,0.17647058823529413
n14229,0.1111111111111111
n4910,0.05263157894736842
n15775,0.05263157894736842
n2047,0.0
n9170,0.05263157894736842
n19085,0.05263157894736842
n13626,0.17647058823529413
n21043,0.0
n351,0.1111111111111111
n17377,0.0
n21832,0.25
n15801,0.1111111111111111
n21818,0.17647058823529413
n1820,0.0
n14234,0.05263157894736842
n16118,0.0
n9443,0.05263157894736842
n15268,0.0
n16389,0.0
n5038,0.05263157894736842
n21576,0.0
n5921,0.0
n18829,0.1111111111111111
n5183,0.1111111111111111
n17497,0.05263157894736842
n13241,0.05263157894736842
n258,0.1111111111111111
n14255,0.1111111111111111
n21559,0.0
n3152,0.1111111111111111
n14476,0.1111111111111111
n20096,0.0
n7391,0.0
n9447,0.1111111111111111
n15463,0.0
n1859,0.0
n2075,0.05263157894736842
n5310,0.0
n15416,0.0
n12999,0.1111111111111111
n11744,0.0
n15982,0.1111111111111111
n7028,0.05263157894736842
n10562,0.1111111111111111
n8376,0.05263157894736842
n9833,0.0
n18127,0.1111111111111111
n5476,0.05263157894736842
n10700,0.1111111111111111
n20861,0.05263157894736842
n9160,0.0
n13633,0.0
n8963,0.25
n15457,0.1111111111111111
n16840,0.05263157894736842
n20682,0.17647058823529413
n10424,0.0
n10513,0.17647058823529413
n6809,0.1111111111111111
n14112,0.0
n17675,0.0
n2116,0.0
n9125,0.0
n11514,0.05263157894736842
n13341,0.17647058823529413
n13384,0.05263157894736842
n14674,0.17647058823529413
n18110,0.1111111111111111
n22180,0.05263157894736842
n5488,0.0
n18290,0.05263157894736842
n19042,0.0
n10542,0.05263157894736842
n10956,0.25
n15109,0.0
n17272,0.17647058823529413
n5088,0.0
n14792,0.1111111111111111
n20734,0.1111111111111111
n19628,0.1111111111111111
n21417,0.1111111111111111
n14052,0.05263157894736842
n12046,0.0
n16095,0.05263157894736842
n7712,0.0
n19969,0.25
n12104,0.0
n9649,0.1111111111111111
n12009,0.0
n19258,0.05263157894736842
n15799,0.1111111111111111
n16551,0.0
n19029,0.1111111111111111
n21092,0.17647058823529413
n6921,0.17647058823529413
n5454,0.0
n3721,0.05263157894736842
n9386,0.05263157894736842
n2455,0.1111111111111111
n11114,0.0
n17475,0.0
n20427,0.0
n21968,0.0
n16754,0.25
n4895,0.0
n1834,0.1111111111111111
n16584,0.0
n17777,0.05263157894736842
n14966,0.0
n9958,0.0
n14534,0.1111111111111111
n14061,0.1111111111111111
n22699,0.1111111111111111
n320,0.0
n3694,0.0
n4309,0.0
n12259,0.3333333333333333
n1228,0.0
n4402,0.0
n1588,0.0
n11678,0.0
n20553,0.05263157894736842
n13538,0.0
n17450,0.1111111111111111
n17013,0.0
n18119,0.05263157894736842
n5543,0.05263157894736842
n14845,0.05263157894736842
n7791,0.0
n1247,0.05263157894736842
n5574,0.17647058823529413
n18979,0.0
n8221,0.0
n18203,0.1111111111111111
n4954,0.0
n15826,0.1111111111111111
n18142,0.0
n13527,0.1111111111111111
n21971,0.05263157894736842
n9314,0.1111111111111111
n20942,0.0
n22841,0.1111111111111111
n12909,0.3333333333333333
n8608,0.05263157894736842
n9083,0.17647058823529413
n21363,0.0
n13722,0.0
n12532,0.0
n13534,0.0
n6923,0.25
n17445,0.0
n18625,0.0
n7135,0.1111111111111111
n9756,0.25
n11157,0.1111111111111111
n265,0.05263157894736842
n14367,0.0
n16559,0.05263157894736842
n21046,0.0
n14623,0.0
n9870,0.05263157894736842
n17701,0.05263157894736842
n16164,0.05263157894736842
n347,0.05263157894736842
n10045,0.0
n10452,0.17647058823529413
n6959,0.0
n10646,0.1111111111111111
n18259,0.3333333333333333
n16162,0.0
n21012,0.0
n18565,0.17647058823529413
n20230,0.05263157894736842
n4417,0.0
n12608,0.0
n15507,0.1111111111111111
n3717,0.0
n21739,0.42857142857142855
n17447,0.05263157894736842
n4662,0.25
n17504,0.25
n16954,0.0
n14023,0.17647058823529413
n2984,0.1111111111111111
n21393,0.05263157894736842
n12964,0.05263157894736842
n10377,0.0
n12659,0.3333333333333333
n18462,0.17647058823529413
n14833,0.0
n19241,0.0
n4504,0.17647058823529413
n5828,0.0
n17940,0.25
n10325,0.1111111111111111
n6293,0.1111111111111111
n17037,0.05263157894736842
n22618,0.0
n20090,0.0
n15758,0.05263157894736842
n16912,0.05263157894736842
n19146,0.05263157894736842
n15075,0.0
n14860,0.0
n7148,0.1111111111111111
n3752,0.05263157894736842
n17146,0.05263157894736842
n13815,0.0
n15429,0.1111111111111111
n5974,0.1111111111111111
n13712,0.17647058823529413
n9543,0.0
n17458,0.05263157894736842
n8338,0.17647058823529413
n10416,0.17647058823529413
n9681,0.1111111111111111
n4587,0.25
n14203,0.0
n15583,0.0
n2130,0.0
n19577,0.3333333333333333
n19749,0.42857142857142855
n4617,0.05263157894736842
n2225,0.25
n7177,0.05263157894736842
n2080,0.05263157894736842
n8807,0.0
n10342,0.05263157894736842
n15209,0.05263157894736842
n6505,0.1111111111111111
n1677,0.0
n2879,0.25
n22330,0.0
n22091,0.05263157894736842
n8400,0.3333333333333333
n20599,0.05263157894736842
n16370,0.05263157894736842
n11924,0.05263157894736842
n16905,0.0
n5340,0.1111111111111111
n1368,0.1111111111111111
n11918,0.25
n21758,0.05263157894736842
n18094,0.05263157894736842
n21645,0.17647058823529413
n17768,0.05263157894736842
n21822,0.1111111111111111
n6915,0.0
n11052,0.05263157894736842
n580,0.05263157894736842
n18159,0.0
n13969,0.17647058823529413
n22963,0.0
n11309,0.05263157894736842
n19792,0.1111111111111111
n4415,0.0
n4952,0.05263157894736842
n13711,0.17647058823529413
n7613,0.1111111111111111
n17408,0.3333333333333333
n8501,0.05263157894736842
n11091,0.1111111111111111
n9107,0.05263157894736842
n1403,0.1111111111111111
n19209,0.0
n6624,0.05263157894736842
n7173,0.25
n4917,0.17647058823529413
n1522,0.1111111111111111
n2359,0.1111111111111111
n270,0.05263157894736842
n6046,0.05263157894736842
n13124,0.1111111111111111
n2692,0.0
n22906,0.0
n4361,0.3333333333333333
n8713,0.3333333333333333
n13788,0.0
n8433,0.1111111111111111
n10589,0.1111111111111111
n10458,0.1111111111111111
n7438,0.05263157894736842
n13919,0.25
n20132,0.1111111111111111
n21603,0.0
n3041,0.0
n21513,0.0
n1615,0.17647058823529413
n21053,0.05263157894736842
n1386,0.05263157894736842
n7713,0.05263157894736842
n6108,0.05263157894736842
n7668,0.1111111111111111
n10996,0.05263157894736842
n11551,0.0
n1450,0.17647058823529413
n3586,0.25
n16777,0.0
n9710,0.17647058823529413
n3681,0.42857142857142855
n7387,0.25
n15939,0.1111111111111111
n21281,0.0
n9556,0.0
n17903,0.0
n6913,0.1111111111111111
n10174,0.05263157894736842
n11137,0.05263157894736842
n10323,0.0
n7581,0.0
n12330,0.05263157894736842
n11421,0.25
n13740,0.05263157894736842
n12115,0.0
n9184,0.17647058823529413
n12542,0.25
n1969,0.3333333333333333
n13912,0.25
n16890,0.17647058823529413
n12912,0.17647058823529413
n18066,0.05263157894736842
n7853,0.0
n13887,0.0
n3229,0.0
n16774,0.25
n22292,0.17647058823529413
n20885,0.0
n19555,0.05263157894736842
n15440,0.05263157894736842
n7147,0.0
n11384,0.17647058823529413
n12664,0.25
n15344,0.1111111111111111
n1538,0.0
n17255,0.17647058823529413
n19995,0.25
n20077,0.05263157894736842
n19706,0.0
n20148,0.0
n17990,0.05263157894736842
n1611,0.05263157894736842
n8649,0.0
n10158,0.25
n4467,0.25
n10322,0.1111111111111111
n18086,0.05263157894736842
n12669,0.05263157894736842
n8602,0.1111111111111111
n14797,0.1111111111111111
n977,0.0
n20228,0.0
n8334,0.0
n1898,0.25
n5605,0.0
n16042,0.05263157894736842
n984,0.05263157894736842
n2072,0.0
n22198,0.0
n6388,0.0
n7832,0.17647058823529413
n12974,0.0
n7516,0.0
n8487,0.25
n3933,0.05263157894736842
n13260,0.0
n3726,0.1111111111111111
n18804,0.17647058823529413
n4123,0.0
n8985,0.0
n861,0.25
n22551,0.0
n16863,0.05263157894736842
n14656,0.0
n9291,0.1111111111111111
n17993,0.05263157894736842
n6009,0.0
n13232,0.05263157894736842
n5714,0.05263157894736842
n7219,0.05263157894736842
n21993,0.1111111111111111
n5058,0.05263157894736842
n12016,0.0
n534,0.0
n16956,0.1111111111111111
n15936,0.17647058823529413
n21086,0.1111111111111111
n8521,0.25
n16691,0.3333333333333333
n11509,0.1111111111111111
n10231,0.0
n9101,0.0
n13218,0.17647058823529413
n16659,0.05263157894736842
n949,0.1111111111111111
n9973,0.1111111111111111
n15225,0.17647058823529413
n526,0.05263157894736842
n15432,0.1111111111111111
n18735,0.1111111111111111
n19019,0.0
n16700,0.05263157894736842
n16983,0.1111111111111111
n16955,0.05263157894736842
n12473,0.17647058823529413
n1596,0.0
n9686,0.0
n300,0.0
n11774,0.0
n12649,0.05263157894736842
n21382,0.0
n10634,0.0
n13231,0.25
n15731,0.1111111111111111
n4881,0.3333333333333333
n8431,0.05263157894736842
n15427,0.17647058823529413
n8378,0.05263157894736842
n176,0.17647058823529413
n6131,0.05263157894736842
n17142,0.0
n4034,0.17647058823529413
n9812,0.0
n4397,0.0
n12148,0.0
n10166,0.05263157894736842
n20785,0.3333333333333333
n8300,0.0
n17507,0.0
n18688,0.25
n10890,0.17647058823529413
n21487,0.05263157894736842
n9481,0.05263157894736842
n10223,0.05263157894736842
n16063,0.0
n22372,0.05263157894736842
n16449,0.1111111111111111
n20766,0.0
n2110,0.1111111111111111
n3899,0.0
n14132,0.25
n16317,0.1111111111111111
n18720,0.25
n16878,0.1111111111111111
n13978,0.17647058823529413
n8509,0.05263157894736842
n7787,0.05263157894736842
n20645,0.1111111111111111
n2914,0.05263157894736842
n7622,0.05263157894736842
n8626,0.05263157894736842
n13312,0.5384615384615384
n21324,0.17647058823529413
n22750,0.1111111111111111
n14822,0.0
n6288,0.05263157894736842
n6905,0.05263157894736842
n6981,0.0
n11868,0.0
n16721,0.0
n17306,0.1111111111111111
n22887,0.0
n12645,0.1111111111111111
n11837,0.0
n4418,0.0
n17918,0.0
n19003,0.1111111111111111
n20696,0.0
n7564,0.05263157894736842
n15999,0.0
n2370,0.0
n7435,0.25
n16022,0.05263157894736842
n19039,0.05263157894736842
n20631,0.0
n2100,0.1111111111111111
n8571,0.17647058823529413
n6740,0.25
n13394,0.05263157894736842
n20213,0.1111111111111111
n17970,0.0
n4897,0.0
n7704,0.0
n9031,0.0
n11866,0.0
n17944,0.0
n6503,0.0
n21258,0.25
n8477,0.1111111111111111
n19759,0.0
n11319,0.1111111111111111
n4382,0.05263157894736842
n20326,0.05263157894736842
n14373,0.0
n6780,0.05263157894736842
n18746,0.1111111111111111
n12283,0.1111111111111111
n7327,0.0
n4989,0.0
n15709,0.0
n1854,0.0
n7423,0.25
n21627,0.0
n21124,0.25
n6365,0.0
n18686,0.0
n1361,0.17647058823529413
n15445,0.1111111111111111
n4302,0.05263157894736842
n7755,0.05263157894736842
n13941,0.0
n9507,0.05263157894736842
n9318,0.0
n2202,0.1111111111111111
n17001,0.0
n1652,0.0
n20372,0.05263157894736842
n230,0.05263157894736842
n2790,0.05263157894736842
n16401,0.1111111111111111
n22433,0.05263157894736842
n16205,0.05263157894736842
n21521,0.17647058823529413
n9918,0.0
n11516,0.0
n5348,0.0
n6573,0.25
n6446,0.1111111111111111
n12240,0.25
n4775,0.1111111111111111
n13752,0.0
n20152,0.0
n10496,0.1111111111111111
n588,0.17647058823529413
n5114,0.1111111111111111
n14971,0.05263157894736842
n8877,0.1111111111111111
n13642,0.0
n4553,0.17647058823529413
n6843,0.05263157894736842
n8887,0.1111111111111111
n10163,0.0
n8139,0.0
n11124,0.0
n20808,0.0
n6682,0.0
n4514,0.25
n15500,0.0
n4518,0.0
n8515,0.0
n22709,0.25
n7254,0.1111111111111111
n6480,0.05263157894736842
n4825,0.17647058823529413
n10011,0.05263157894736842
n16228,0.0
n16536,0.05263157894736842
n6586,0.05263157894736842
n11340,0.05263157894736842
n13230,0.0
n800,0.1111111111111111
n1385,0.25
n4791,0.0
n17555,0.0
n21381,0.0
n21215,0.05263157894736842
n3203,0.25
n18420,0.0
n6669,0.25
n9879,0.1111111111111111
n17889,0.0
n19950,0.0
n1579,0.25
n7783,0.05263157894736842
n13024,0.1111111111111111
n3408,0.0
n679,0.1111111111111111
n8814,0.0
n16041,0.05263157894736842
n15093,0.05263157894736842
n14156,0.0
n15013,0.0
n20805,0.17647058823529413
n12335,0.1111111111111111
n4226,0.0
n3129,0.05263157894736842
n2322,0.0
n4709,0.0
n8682,0.17647058823529413
n4938,0.0
n21232,0.0
n1794,0.05263157894736842
n18869,0.0
n579,0.1111111111111111
n6386,0.0
n8321,0.0
n3856,0.0
n1061,0.05263157894736842
n20843,0.05263157894736842
n21839,0.05263157894736842
n12154,0.17647058823529413
n17952,0.1111111111111111
n15107,0.1111111111111111
n8044,0.1111111111111111
n5312,0.17647058823529413
n7234,0.17647058823529413
n18257,0.0
n2595,0.0
n15694,0.1111111111111111
n19068,0.3333333333333333
n13009,0.25
n2785,0.0
n17276,0.1111111111111111
n20581,0.05263157894736842
n11688,0.1111111111111111
n2801,0.0
n10828,0.05263157894736842
n12653,0.3333333333333333
n16900,0.0
n20859,0.17647058823529413
n16688,0.0
n21434,0.1111111111111111
n6821,0.1111111111111111
n11329,0.3333333333333333
n5211,0.0
n4714,0.17647058823529413
n12788,0.05263157894736842
n87,0.0
n12533,0.05263157894736842
n13180,0.05263157894736842
n2051,0.0
n1706,0.05263157894736842
n10266,0.05263157894736842
n3893,0.0
n19216,0.05263157894736842
n6378,0.05263157894736842
n12099,0.1111111111111111
n3344,0.17647058823529413
n17381,0.1111111111111111
n16482,0.05263157894736842
n2471,0.1111111111111111
n20889,0.05263157894736842
n78,0.0
n18909,0.05263157894736842
n8840,0.1111111111111111
n4035,0.1111111111111111
n14945,0.17647058823529413
n17885,0.0
n13741,0.0
n3226,0.05263157894736842
n20659,0.1111111111111111
n15684,0.0
n7959,0.05263157894736842
n8117,0.05263157894736842
n17607,0.0
n9770,0.05263157894736842
n1664,0.1111111111111111
n20250,0.1111111111111111
n9166,0.1111111111111111
n16226,0.17647058823529413
n15020,0.05263157894736842
n11181,0.17647058823529413
n19183,0.17647058823529413
n4174,0.05263157894736842
n14924,0.1111111111111111
n22019,0.25
n1275,0.0
n13939,0.17647058823529413
n4435,0.05263157894736842
n560,0.17647058823529413
n17922,0.0
n1477,0.1111111111111111
n17415,0.0
n3483,0.05263157894736842
n8748,0.05263157894736842
n12214,0.25
n366,0.1111111111111111
n16539,0.0
n12915,0.1111111111111111
n20426,0.05263157894736842
n21027,0.1111111111111111
n9905,0.0
n4265,0.05263157894736842
n963,0.05263157894736842
n18862,0.05263157894736842
n3927,0.25
n19620,0.05263157894736842
n20751,0.05263157894736842
n6150,0.17647058823529413
n7407,0.25
n11349,0.17647058823529413
n8137,0.0
n14888,0.0
n769,0.0
n6770,0.1111111111111111
n9959,0.17647058823529413
n11466,0.42857142857142855
n17627,0.1111111111111111
n6600,0.25
n20676,0.17647058823529413
n12751,0.05263157894736842
n11999,0.0
n14198,0.1111111111111111
n20650,0.1111111111111111
n10508,0.1111111111111111
n10576,0.1111111111111111
n13201,0.0
n5585,0.1111111111111111
n9908,0.25
n21193,0.17647058823529413
n21289,0.17647058823529413
n22144,0.1111111111111111
n1312,0.1111111111111111
n17810,0.0
n3318,0.05263157894736842
n4940,0.17647058823529413
n13567,0.0
n17358,0.42857142857142855
n6189,0.05263157894736842
n11357,0.42857142857142855
n13667,0.0
n18791,0.0
n1896,0.0
n7528,0.1111111111111111
n21122,0.1111111111111111
n5417,0.1111111111111111
n7012,0.42857142857142855
n11365,0.1111111111111111
n21416,0.0
n16030,0.05263157894736842
n9449,0.05263157894736842
n10159,0.0
n2122,0.05263157894736842
n11740,0.05263157894736842
n15964,0.0
n22736,0.0
n17224,0.25
n16588,0.05263157894736842
n17201,0.05263157894736842
n4070,0.42857142857142855
n4451,0.1111111111111111
n16098,0.0
n12244,0.05263157894736842
n8412,0.05263157894736842
n18572,0.17647058823529413
n6584,0.0
n17533,0.0
n5581,0.0
n6084,0.0
n2963,0.0
n11234,0.25
n19979,0.17647058823529413
n1769,0.05263157894736842
n10834,0.0
n18248,0.05263157894736842
n2290,0.05263157894736842
n4598,0.17647058823529413
n12435,0.1111111111111111
n20922,0.05263157894736842
n11276,0.0
n14425,0.05263157894736842
n1672,0.0
n8591,0.42857142857142855
n12378,0.05263157894736842
n8435,0.25
n9349,0.0
n22823,0.05263157894736842
n10203,0.1111111111111111
n1307,0.3333333333333333
n7037,0.05263157894736842
n7279,0.0
n21216,0.1111111111111111
n20577,0.3333333333333333
n4429,0.1111111111111111
n17989,0.05263157894736842
n7054,0.1111111111111111
n14153,0.0
n507,0.05263157894736842
n17052,0.05263157894736842
n2442,0.05263157894736842
n5339,0.0
n20562,0.0
n6689,0.05263157894736842
n10536,0.25
n3849,0.0
n8246,0.25
n20451,0.17647058823529413
n9862,0.0
n1878,0.1111111111111111
n6397,0.05263157894736842
n4138,0.05263157894736842
n5498,0.0
n10187,0.0
n14047,0.0
n15634,0.05263157894736842
n7635,0.0
n19764,0.1111111111111111
n16245,0.0
n7609,0.05263157894736842
n15572,0.1111111111111111
n3982,0.0
n9188,0.1111111111111111
n6588,0.05263157894736842
n6794,0.0
n5368,0.05263157894736842
n2234,0.05263157894736842
n8404,0.1111111111111111
n15958,0.05263157894736842
n21492,0.17647058823529413
n13247,0.25
n2779,0.25
n5472,0.17647058823529413
n17223,0.0
n10716,0.05263157894736842
n17421,0.17647058823529413
n363,0.25
n481,0.17647058823529413
n9116,0.05263157894736842
n7949,0.0
n3926,0.05263157894736842
n2892,0.17647058823529413
n2716,0.42857142857142855
n16268,0.0
n11293,0.1111111111111111
n7909,0.17647058823529413
n9142,0.5384615384615384
n1489,0.1111111111111111
n9421,0.0
n7073,0.1111111111111111
n18245,0.17647058823529413
n19832,0.0
n22721,0.05263157894736842
n7908,0.0
n15002,0.0
n12041,0.0
n3481,0.05263157894736842
n15887,0.05263157894736842
n865,0.1111111111111111
n18002,0.05263157894736842
n22234,0.17647058823529413
n15760,0.25
n2237,0.05263157894736842
n21020,0.0
n1725,0.0
n14317,0.05263157894736842
n22124,0.0
n15697,0.0
n1199,0.0
n8209,0.05263157894736842
n10813,0.17647058823529413
n7371,0.1111111111111111
n11542,0.0
n13697,0.05263157894736842
n17494,0.0
n5003,0.3333333333333333
n9695,0.1111111111111111
n11485,0.0
n22012,0.0
n16575,0.0
n22891,0.17647058823529413
n2876,0.0
n532,0.3333333333333333
n20508,0.3333333333333333
n8111,0.0
n11162,0.3333333333333333
n22711,0.05263157894736842
n11606,0.05263157894736842
n16153,0.1111111111111111
n21918,0.17647058823529413
n14831,0.0
n7735,0.0
n14275,0.0
n10054,0.25
n2377,0.17647058823529413
n17988,0.1111111111111111
n7230,0.0
n6826,0.17647058823529413
n10049,0.0
n12512,0.0
n20358,0.17647058823529413
n382,0.0
n16215,0.1111111111111111
n6469,0.05263157894736842
n9410,0.0
n6259,0.0
n15193,0.0
n8190,0.17647058823529413
n14405,0.1111111111111111
n15639,0.05263157894736842
n13690,0.0
n1176,0.0
n20493,0.05263157894736842
n7541,0.05263157894736842
n9666,0.05263157894736842
n10145,0.17647058823529413
n11386,0.1111111111111111
n18101,0.1111111111111111
n17499,0.0
n19849,0.1111111111111111
n11694,0.25
n1762,0.25
n3999,0.25
n16781,0.25
n3930,0.05263157894736842
n11532,0.3333333333333333
n20574,0.17647058823529413
n20529,0.05263157894736842
n3184,0.0
n12454,0.1111111111111111
n4031,0.0
n8617,0.1111111111111111
n16455,0.17647058823529413
n9173,0.05263157894736842
n22354,0.0
n12075,0.0
n4124,0.17647058823529413
n2485,0.25
n19754,0.0
n14771,0.1111111111111111
n13735,0.1111111111111111
n7887,0.0
n21722,0.0
n16074,0.0
n16743,0.05263157894736842
n8541,0.1111111111111111
n3,0.0
n9172,0.0
n18292,0.05263157894736842
n13650,0.05263157894736842
n20576,0.0
n8889,0.25
n5090,0.17647058823529413
n18802,0.17647058823529413
n1537,0.0
n13457,0.3333333333333333
n11884,0.0
n15216,0.42857142857142855
n1299,0.0
n5867,0.0
n11000,0.25
n12419,0.05263157894736842
n19530,0.0
n20469,0.0
n9493,0.05263157894736842
n1203,0.05263157894736842
n5133,0.0
n9972,0.05263157894736842
n5577,0.0
n8337,0.3333333333333333
n19084,0.0
n15103,0.1111111111111111
n286,0.25
n10442,0.05263157894736842
n224,0.05263157894736842
n11996,0.05263157894736842
n15357,0.0
n19153,0.1111111111111111
n17394,0.0
n6663,0.17647058823529413
n13406,0.0
n5594,0.05263157894736842
n11156,0.0
n11781,0.05263157894736842
n4305,0.1111111111111111
n15705,0.1111111111111111
n10618,0.25
n22831,0.0
n8927,0.05263157894736842
n17766,0.05263157894736842
n9194,0.1111111111111111
n11936,0.05263157894736842
n12852,0.17647058823529413
n9155,0.05263157894736842
n3217,0.1111111111111111
n6284,0.3333333333333333
n10990,0.17647058823529413
n11852,0.3333333333333333
n20557,0.17647058823529413
n14218,0.17647058823529413
n8755,0.05263157894736842
n11574,0.0
n22464,0.05263157894736842
n3903,0.05263157894736842
n13962,0.0
n3582,0.25
n15453,0.25
n16266,0.0
n1539,0.0
n2154,0.17647058823529413
n9953,0.0
n8835,0.05263157894736842
n10312,0.0
n1316,0.0
n585,0.17647058823529413
n16601,0.0
n18489,0.05263157894736842
n17636,0.05263157894736842
n18796,0.25
n19705,0.17647058823529413
n12315,0.0
n8181,0.0
n21693,0.17647058823529413
n7281,0.0
n7222,0.0
n4336,0.0
n22245,0.42857142857142855
n15483,0.05263157894736842
n20300,0.1111111111111111
n1788,0.05263157894736842
n3323,0.0
n3324,0.0
n14298,0.05263157894736842
n17795,0.0
n10862,0.05263157894736842
n20979,0.0
n18226,0.17647058823529413
n388,0.1111111111111111
n12438,0.05263157894736842
n13858,0.0
n20541,0.1111111111111111
n10512,0.0
n21085,0.17647058823529413
n15984,0.0
n18785,0.05263157894736842
n10072,0.0
n18905,0.05263157894736842
n6560,0.0
n5537,0.0
n4670,0.1111111111111111
n19913,0.0
n21852,0.0
n15561,0.0
n15576,0.1111111111111111
n13967,0.05263157894736842
n6282,0.17647058823529413
n17134,0.17647058823529413
n1172,0.0
n6564,0.0
n20352,0.05263157894736842
n13438,0.0
n3805,0.1111111111111111
n16269,0.05263157894736842
n10639,0.05263157894736842
n4022,0.0
n15263,0.1111111111111111
n16975,0.1111111111111111
n9692,0.05263157894736842
n14891,0.05263157894736842
n6045,0.05263157894736842
n3813,0.1111111111111111
n18487,0.05263157894736842
n4876,0.0
n7815,0.0
n14170,0.17647058823529413
n20821,0.05263157894736842
n10100,0.0
n13604,0.1111111111111111
n16243,0.05263157894736842
n3066,0.5384615384615384
n13187,0.1111111111111111
n21984,0.05263157894736842
n2082,0.05263157894736842
n6299,0.3333333333333333
n1828,0.17647058823529413
n22932,0.05263157894736842
n6909,0.05263157894736842
n20716,0.0
n20182,0.1111111111111111
n16885,0.17647058823529413
n10633,0.05263157894736842
n21771,0.0
n11892,0.05263157894736842
n21427,0.0
n16630,0.0
n17191,0.05263157894736842
n14563,0.05263157894736842
n3115,0.1111111111111111
n21306,0.05263157894736842
n9667,0.05263157894736842
n13803,0.0
n7771,0.1111111111111111
n14484,0.25
n14846,0.0
n18229,0.1111111111111111
n6953,0.05263157894736842
n5579,0.05263157894736842
n5558,0.0
n3543,0.42857142857142855
n12529,0.05263157894736842
n4697,0.17647058823529413
n6316,0.0
n18304,0.05263157894736842
n21991,0.17647058823529413
n11752,0.05263157894736842
n2729,0.3333333333333333
n19904,0.05263157894736842
n18872,0.17647058823529413
n9662,0.05263157894736842
n17366,0.0
n15444,0.05263157894736842
n5576,0.0
n16419,0.1111111111111111
n15406,0.05263157894736842
n18986,0.1111111111111111
n3880,0.05263157894736842
n13630,0.1111111111111111
n7578,0.25
n18541,0.0
n7608,0.17647058823529413
n4633,0.1111111111111111
n9427,0.1111111111111111
n8259,0.17647058823529413
n2029,0.0
n18384,0.1111111111111111
n3773,0.0
n14138,0.25
n12001,0.1111111111111111
n14537,0.5384615384615384
n21548,0.0
n19760,0.1111111111111111
n19845,0.1111111111111111
n8025,0.05263157894736842
n9808,0.0
n17024,0.17647058823529413
n18613,0.0
n7397,0.1111111111111111
n13129,0.05263157894736842
n8058,0.1111111111111111
n9742,0.17647058823529413
n10437,0.17647058823529413
n21439,0.17647058823529413
n2792,0.05263157894736842
n7606,0.0
n8681,0.0
n13006,0.1111111111111111
n12995,0.1111111111111111
n22959,0.0
n9970,0.05263157894736842
n15810,0.05263157894736842
n2283,0.05263157894736842
n356,0.17647058823529413
n6868,0.17647058823529413
n12366,0.05263157894736842
n3568,0.0
n13744,0.3333333333333333
n3644,0.0
n6122,0.0
n11059,0.25
n10143,0.0
n6727,0.3333333333333333
n17424,0.3333333333333333
n7652,0.17647058823529413
n136,0.1111111111111111
n2180,0.05263157894736842
n8779,0.1111111111111111
n15528,0.17647058823529413
n17385,0.42857142857142855
n7014,0.3333333333333333
n163,0.05263157894736842
n13842,0.17647058823529413
n3285,0.25
n1119,0.1111111111111111
n20615,0.05263157894736842
n7918,0.05263157894736842
n10149,0.05263157894736842
n21338,0.17647058823529413
n6275,0.0
n17519,0.25
n9250,0.17647058823529413
n1002,0.0
n11170,0.0
n17546,0.05263157894736842
n9747,0.17647058823529413
n20944,0.1111111111111111
n79,0.0
n17902,0.17647058823529413
n15588,0.25
n17632,0.25
n18307,0.1111111111111111
n18964,0.25
n5304,0.05263157894736842
n2512,0.05263157894736842
n7093,0.1111111111111111
n2102,0.1111111111111111
n18955,0.3333333333333333
n10626,0.0
n15258,0.05263157894736842
n2598,0.0
n14712,0.1111111111111111
n1585,0.1111111111111111
n11310,0.0
n16922,0.05263157894736842
n3712,0.25
n6911,0.1111111111111111
n20634,0.1111111111111111
n20545,0.05263157894736842
n12416,0.1111111111111111
n20251,0.25
n9073,0.1111111111111111
n1542,0.0
n19989,0.0
n2503,0.0
n1938,0.1111111111111111
n2800,0.17647058823529413
n4925,0.42857142857142855
n5934,0.05263157894736842
n7027,0.1111111111111111
n7257,0.0
n12660,0.0
n15559,0.1111111111111111
n20107,0.0
n5734,0.0
n8373,0.17647058823529413
n2046,0.42857142857142855
n13728,0.0
n14179,0.17647058823529413
n19708,0.0
n6710,0.05263157894736842
n12511,0.17647058823529413
n20160,0.0
n1786,0.0
n11698,0.17647058823529413
n17182,0.0
n888,0.0
n1410,0.0
n19862,0.05263157894736842
n2493,0.0
n19264,0.17647058823529413
n611,0.05263157894736842
n20233,0.0
n16150,0.0
n21763,0.0
n4433,0.17647058823529413
n18192,0.17647058823529413
n7584,0.1111111111111111
n6844,0.05263157894736842
n16159,0.1111111111111111
n5162,0.0
n4153,0.05263157894736842
n18534,0.0
n6637,0.0
n18289,0.0
n21309,0.0
n11912,0.1111111111111111
n4943,0.0
n14935,0.1111111111111111
n6934,0.17647058823529413
n13330,0.0
n16216,0.0
n11121,0.17647058823529413
n18575,0.0
n19824,0.1111111111111111
n7919,0.05263157894736842
n15673,0.05263157894736842
n20313,0.0
n7924,0.0
n20425,0.1111111111111111
n2346,0.05263157894736842
n15533,0.05263157894736842
n9435,0.1111111111111111
n6078,0.05263157894736842
n2891,0.05263157894736842
n12908,0.0
n12745,0.0
n12297,0.1111111111111111
n15929,0.05263157894736842
n2005,0.1111111111111111
n3486,0.0
n6621,0.0
n7669,0.0
n5428,0.05263157894736842
n10012,0.1111111111111111
n13750,0.1111111111111111
n19034,0.1111111111111111
n21134,0.3333333333333333
n7954,0.1111111111111111
n18941,0.05263157894736842
n9707,0.1111111111111111
n18520,0.05263157894736842
n7125,0.05263157894736842
n18726,0.0
n18689,0.1111111111111111
n3360,0.3333333333333333
n4827,0.1111111111111111
n6481,0.0
n1387,0.1111111111111111
n9583,0.0
n13084,0.05263157894736842
n18124,0.0
n20288,0.25
n18379,0.0
n6850,0.25
n14355,0.1111111111111111
n13029,0.0
n7264,0.0
n19089,0.05263157894736842
n1688,0.3333333333333333
n14309,0.0
n5922,0.0
n1642,0.0
n13396,0.1111111111111111
n21444,0.0
n18403,0.25
n18141,0.0
n13531,0.05263157894736842
n18317,0.0
n22495,0.0
n3529,0.1111111111111111
n9048,0.05263157894736842
n13409,0.17647058823529413
n4148,0.1111111111111111
n4615,0.1111111111111111
n1907,0.17647058823529413
n20534,0.05263157894736842
n12047,0.0
n6017,0.05263157894736842
n16000,0.0
n21272,0.0
n9810,0.0
n16746,0.1111111111111111
n22439,0.0
n13270,0.05263157894736842
n19158,0.0
n1734,0.1111111111111111
n3607,0.0
n6788,0.0
n12700,0.1111111111111111
n3857,0.17647058823529413
n7801,0.0
n4122,0.1111111111111111
n6719,0.0
n2762,0.0
n17238,0.05263157894736842
n20920,0.17647058823529413
n14005,0.25
n19093,0.1111111111111111
n13942,0.05263157894736842
n21904,0.0
n4872,0.1111111111111111
n20850,0.05263157894736842
n10659,0.0
n18006,0.0
n14307,0.17647058823529413
n6853,0.0
n6895,0.05263157894736842
n22871,0.0
n13783,0.05263157894736842
n12979,0.17647058823529413
n17042,0.05263157894736842
n5492,0.05263157894736842
n17937,0.0
n9954,0.1111111111111111
n19658,0.1111111111111111
n22914,0.05263157894736842
n11672,0.17647058823529413
n10642,0.17647058823529413
n14106,0.42857142857142855
n18805,0.05263157894736842
n4696,0.0
n4508,0.1111111111111111
n21507,0.6666666666666666
n3172,0.0
n1638,0.25
n9693,0.42857142857142855
n3350,0.17647058823529413
n1809,0.05263157894736842
n22724,0.05263157894736842
n19821,0.05263157894736842
n4135,0.0
n2813,0.05263157894736842
n15949,0.1111111111111111
n14572,0.25
n9415,0.1111111111111111
n10139,0.05263157894736842
n5294,0.0
n3854,0.05263157894736842
n14639,0.05263157894736842
n3747,0.0
n14319,0.05263157894736842
n3855,0.1111111111111111
n2894,0.3333333333333333
n22520,0.0
n21460,0.05263157894736842
n2730,0.17647058823529413
n2591,0.0
n18752,0.1111111111111111
n6366,0.05263157894736842
n19687,0.1111111111111111
n18653,0.1111111111111111
n19159,0.0
n538,0.3333333333333333
n7690,0.17647058823529413
n21628,0.0
n15335,0.0
n2417,0.17647058823529413
n12941,0.05263157894736842
n8771,0.1111111111111111
n12166,0.0
n14944,0.05263157894736842
n4000,0.05263157894736842
n21660,0.05263157894736842
n7760,0.0
n14894,0.05263157894736842
n22337,0.0
n3670,0.0
n18918,0.1111111111111111
n6069,0.1111111111111111
n4394,0.05263157894736842
n15794,0.17647058823529413
n2601,0.05263157894736842
n17365,0.05263157894736842
n18858,0.25
n21577,0.17647058823529413
n18490,0.1111111111111111
n22139,0.0
n7128,0.05263157894736842
n22373,0.25
n11758,0.1111111111111111
n2566,0.05263157894736842
n6941,0.17647058823529413
n2060,0.05263157894736842
n12655,0.1111111111111111
n21076,0.05263157894736842
n18838,0.1111111111111111
n7515,0.05263157894736842
n11289,0.42857142857142855
n6007,0.17647058823529413
n13370,0.05263157894736842
n16642,0.05263157894736842
n1493,0.05263157894736842
n7243,0.05263157894736842
n10708,0.05263157894736842
n3536,0.0
n541,0.3333333333333333
n17900,0.0
n18400,0.5384615384615384
n8631,0.17647058823529413
n8652,0.1111111111111111
n10718,0.05263157894736842
n1329,0.0
n18026,0.0
n22494,0.0
n4771,0.5384615384615384
n1857,0.0
n772,0.0
n11307,0.0
n16967,0.1111111111111111
n20540,0.0
n3334,0.1111111111111111
n11173,0.05263157894736842
n20962,0.05263157894736842
n16729,0.17647058823529413
n21821,0.0
n15437,0.0
n4701,0.17647058823529413
n13863,0.1111111111111111
n14955,0.05263157894736842
n15522,0.1111111111111111
n17836,0.0
n20558,0.0
n17880,0.17647058823529413
n1631,0.05263157894736842
n2011,0.17647058823529413
n7475,0.05263157894736842
n19423,0.0
n5313,0.3333333333333333
n5286,0.0
n4482,0.0
n10052,0.1111111111111111
n1340,0.1111111111111111
n18463,0.0
n11471,0.0
n17522,0.05263157894736842
n1418,0.0
n7657,0.0
n7660,0.05263157894736842
n4027,0.0
n6443,0.1111111111111111
n4891,0.17647058823529413
n3623,0.17647058823529413
n6875,0.17647058823529413
n10761,0.0
n22103,0.17647058823529413
n15787,0.17647058823529413
n17189,0.0
n4673,0.17647058823529413
n846,0.3333333333333333
n8881,0.05263157894736842
n10632,0.42857142857142855
n13605,0.3333333333333333
n7274,0.17647058823529413
n18333,0.1111111111111111
n7634,0.05263157894736842
n12530,0.05263157894736842
n17451,0.05263157894736842
n13746,0.25
n20287,0.17647058823529413
n1530,0.0
n15096,0.17647058823529413
n4178,0.0
n19176,0.17647058823529413
n5993,0.25
n12980,0.1111111111111111
n555,0.25
n19204,0.42857142857142855
n10616,0.0
n4916,0.17647058823529413
n5164,0.17647058823529413
n7951,0.1111111111111111
n15421,0.05263157894736842
n16043,0.42857142857142855
n13883,0.0
n15515,0.1111111111111111
n18638,0.25
n5253,0.17647058823529413
n4606,0.05263157894736842
n16604,0.05263157894736842
n3418,0.1111111111111111
n3986,0.05263157894736842
n18916,0.25
n19112,0.1111111111111111
n3307,0.0
n11759,0.25
n4923,0.0
n1466,0.1111111111111111
n4804,0.1111111111111111
n11935,0.05263157894736842
n15392,0.05263157894736842
n12112,0.1111111111111111
n9502,0.1111111111111111
n3319,0.0
n9299,0.05263157894736842
n1746,0.25
n6049,0.0
n10756,0.05263157894736842
n5352,0.0
n13547,0.0
n174,0.1111111111111111
n22893,0.05263157894736842
n15471,0.17647058823529413
n20487,0.17647058823529413
n11465,0.1111111111111111
n10471,0.1111111111111111
n287,0.0
n7650,0.17647058823529413
n11713,0.05263157894736842
n11980,0.0
n22501,0.3333333333333333
n4471,0.05263157894736842
n751,0.0
n11364,0.1111111111111111
n11642,0.05263157894736842
n14362,0.0
n22170,0.17647058823529413
n16565,0.05263157894736842
n7701,0.05263157894736842
n6908,0.05263157894736842
n6214,0.05263157894736842
n16200,0.42857142857142855
n1479,0.0
n2901,0.17647058823529413
n11573,0.0
n1860,0.0
n3199,0.17647058823529413
n11772,0.17647058823529413
n21717,0.05263157894736842
n22345,0.0
n6816,0.1111111111111111
n12599,0.05263157894736842
n16263,0.05263157894736842
n13956,0.17647058823529413
n4578,0.05263157894736842
n6958,0.05263157894736842
n3308,0.0
n15713,0.05263157894736842
n11355,0.0
n6128,0.05263157894736842
n15379,0.1111111111111111
n6391,0.0
n10296,0.05263157894736842
n13552,0.0
n20307,0.05263157894736842
n20799,0.0
n11680,0.0
n1541,0.1111111111111111
n4644,0.05263157894736842
n3993,0.05263157894736842
n11422,0.1111111111111111
n655,0.0
n15280,0.1111111111111111
n18993,0.0
n20555,0.1111111111111111
n18852,0.0
n3606,0.0
n8325,0.0
n11608,0.25
n19274,0.0
n3376,0.1111111111111111
n20867,0.0
n8457,0.05263157894736842
n11523,0.0
n11428,0.05263157894736842
n4570,0.1111111111111111
n9441,0.05263157894736842
n3929,0.17647058823529413
n15470,0.1111111111111111
n8428,0.17647058823529413
n14918,0.17647058823529413
n18737,0.1111111111111111
n4930,0.05263157894736842
n6109,0.1111111111111111
n6609,0.1111111111111111
n21049,0.0
n6737,0.0
n11267,0.1111111111111111
n19813,0.1111111111111111
n11439,0.05263157894736842
n13749,0.25
n18003,0.1111111111111111
n20879,0.17647058823529413
n359,0.05263157894736842
n14887,0.3333333333333333
n7805,0.1111111111111111
n20196,0.05263157894736842
n12014,0.0
n15200,0.0
n3474,0.05263157894736842
n14602,0.05263157894736842
n16728,0.05263157894736842
n5314,0.25
n19726,0.1111111111111111
n22540,0.05263157894736842
n10483,0.0
n1555,0.1111111111111111
n620,0.05263157894736842
n18899,0.1111111111111111
n19030,0.0
n19048,0.1111111111111111
n18456,0.1111111111111111
n3284,0.25
n1091,0.17647058823529413
n16609,0.05263157894736842
n1600,0.0
n2883,0.5384615384615384
n8609,0.17647058823529413
n14279,0.05263157894736842
n9120,0.1111111111111111
n18544,0.0
n9546,0.0
n1546,0.42857142857142855
n14143,0.0
n17166,0.0
n22855,0.0
n13733,0.05263157894736842
n14513,0.1111111111111111
n15802,0.05263157894736842
n18940,0.17647058823529413
n8464,0.25
n21970,0.1111111111111111
n18305,0.05263157894736842
n20503,0.1111111111111111
n3044,0.0
n2131,0.17647058823529413
n3009,0.05263157894736842
n10869,0.17647058823529413
n3490,0.0
n11153,0.1111111111111111
n7849,0.3333333333333333
n5972,0.05263157894736842
n11411,0.1111111111111111
n15496,0.0
n7039,0.0
n4298,0.1111111111111111
n18892,0.05263157894736842
n16330,0.1111111111111111
n3410,0.0
n9394,0.0
n2900,0.1111111111111111
n6608,0.17647058823529413
n7764,0.05263157894736842
n12386,0.0
n15503,0.17647058823529413
n8825,0.05263157894736842
n5957,0.25
n681,0.0
n10924,0.0
n12740,0.42857142857142855
n1126,0.05263157894736842
n21098,0.25
n837,0.1111111111111111
n7702,0.0
n18020,0.5384615384615384
n2782,0.17647058823529413
n9847,0.0
n13869,0.17647058823529413
n17915,0.17647058823529413
n14893,0.05263157894736842
n6561,0.1111111111111111
n8610,0.1111111111111111
n2705,0.0
n4721,0.0
n10600,0.0
n1736,0.05263157894736842
n16487,0.0
n16527,0.05263157894736842
n2999,0.05263157894736842
n849,0.1111111111111111
n2772,0.0
n7060,0.0
n7722,0.0
n11706,0.05263157894736842
n8627,0.1111111111111111
n18404,0.05263157894736842
n51,0.0
n21767,0.1111111111111111
n3557,0.05263157894736842
n3179,0.0
n674,0.0
n7705,0.05263157894736842
n1891,0.05263157894736842
n7003,0.05263157894736842
n21144,0.05263157894736842
n13350,0.05263157894736842
n18873,0.25
n12031,0.17647058823529413
n12005,0.0
n10900,0.17647058823529413
n17641,0.1111111111111111
n17176,0.0
n3402,0.0
n6463,0.1111111111111111
n1949,0.05263157894736842
n15460,0.0
n7995,0.0
n7614,0.0
n8517,0.05263157894736842
n10349,0.25
n11553,0.05263157894736842
n9837,0.0
n10122,0.05263157894736842
n12352,0.17647058823529413
n12509,0.05263157894736842
n9086,0.05263157894736842
n5165,0.0
n686,0.0
n18982,0.05263157894736842
n15741,0.1111111111111111
n18592,0.1111111111111111
n4506,0.05263157894736842
n20176,0.0
n11025,0.0
n13242,0.0
n16805,0.25
n7011,0.05263157894736842
n12042,0.05263157894736842
n15076,0.0
n20437,0.17647058823529413
n15434,0.05263157894736842
n11470,0.17647058823529413
n22670,0.0
n17446,0.05263157894736842
n16181,0.1111111111111111
n15342,0.0
n10348,0.05263157894736842
n20795,0.25
n18913,0.0
n16552,0.0
n13078,0.0
n713,0.05263157894736842
n6302,0.17647058823529413
n18834,0.17647058823529413
n22421,0.17647058823529413
n6346,0.05263157894736842
n15352,0.3333333333333333
n4217,0.05263157894736842
n6642,0.0
n2590,0.1111111111111111
n4700,0.0
n12574,0.1111111111111111
n15616,0.25
n14231,0.0
n1680,0.05263157894736842
n18509,0.05263157894736842
n10598,0.0
n20519,0.1111111111111111
n17362,0.17647058823529413
n21093,0.0
n14653,0.0
n2327,0.05263157894736842
n12282,0.1111111111111111
n6303,0.1111111111111111
n7253,0.0
n10759,0.1111111111111111
n21158,0.05263157894736842
n22820,0.05263157894736842
n5524,0.25
n13758,0.05263157894736842
n11499,0.05263157894736842
n1130,0.05263157894736842
n14368,0.1111111111111111
n17911,0.25
n1710,0.05263157894736842
n3975,0.0
n13416,0.0
n21369,0.05263157894736842
n22061,0.17647058823529413
n16249,0.0
n7410,0.0
n16190,0.0
n16996,0.05263157894736842
n4423,0.05263157894736842
n21006,0.05263157894736842
n8905,0.05263157894736842
n8387,0.17647058823529413
n12270,0.1111111111111111
n1371,0.17647058823529413
n6619,0.25
n5224,0.05263157894736842
n9026,0.1111111111111111
n8524,0.17647058823529413
n774,0.0
n16571,0.1111111111111111
n6902,0.05263157894736842
n14940,0.05263157894736842
n3201,0.0
n5226,0.0
n12434,0.05263157894736842
n16264,0.17647058823529413
n16759,0.0
n12937,0.25
n22500,0.0
n15585,0.0
n19293,0.0
n8001,0.1111111111111111
n11315,0.05263157894736842
n20767,0.05263157894736842
n10599,0.1111111111111111
n19227,0.05263157894736842
n7170,0.0
n20847,0.05263157894736842
n7402,0.0
n21808,0.1111111111111111
n8279,0.1111111111111111
n20727,0.0
n7965,0.0
n13878,0.05263157894736842
n18205,0.25
n21448,0.1111111111111111
n7766,0.25
n11016,0.0
n15413,0.1111111111111111
n19587,0.05263157894736842
n1257,0.1111111111111111
n4723,0.1111111111111111
n8088,0.05263157894736842
n13905,0.17647058823529413
n21307,0.17647058823529413
n11199,0.0
n20798,0.17647058823529413
n19861,0.25
n16946,0.0
n8357,0.1111111111111111
n2676,0.0
n1196,0.0
n2127,0.05263157894736842
n152,0.05263157894736842
n4339,0.0
n17049,0.1111111111111111
n18976,0.05263157894736842
n6961,0.0
n9178,0.05263157894736842
n5599,0.25
n16893,0.25
n6627,0.05263157894736842
n8319,0.3333333333333333
n12346,0.1111111111111111
n14813,0.05263157894736842
n22836,0.0
n6226,0.17647058823529413
n801,0.1111111111111111
n15442,0.17647058823529413
n1378,0.05263157894736842
n18707,0.0
n10460,0.1111111111111111
n6633,0.1111111111111111
n17910,0.0
n2574,0.0
n11250,0.1111111111111111
n1858,0.05263157894736842
n9782,0.25
n11916,0.0
n17379,0.1111111111111111
n19922,0.1111111111111111
n15557,0.1111111111111111
n18771,0.1111111111111111
n22343,0.17647058823529413
n1633,0.0
n15462,0.25
n11,0.0
n23,0.05263157894736842
n1190,0.1111111111111111
n22970,0.05263157894736842
n20189,0.17647058823529413
n13860,0.0
n8261,0.05263157894736842
n11733,0.1111111111111111
n21237,0.0
n21377,0.17647058823529413
n2798,0.05263157894736842
n12100,0.1111111111111111
n18271,0.05263157894736842
n4077,0.0
n13872,0.17647058823529413
n12917,0.0
n21016,0.1111111111111111
n22294,0.17647058823529413
n6262,0.05263157894736842
n7719,0.0
n11953,0.6666666666666666
n15708,0.1111111111111111
n19399,0.0
n10863,0.25
n1357,0.17647058823529413
n3125,0.0
n21079,0.17647058823529413
n4826,0.05263157894736842
n16299,0.3333333333333333
n1586,0.0
n16490,0.05263157894736842
n17708,0.17647058823529413
n6823,0.1111111111111111
n21805,0.3333333333333333
n19609,0.05263157894736842
n17975,0.05263157894736842
n7197,0.05263157894736842
n21643,0.0
n15372,0.1111111111111111
n124,0.1111111111111111
n20,0.05263157894736842
n2002,0.3333333333333333
n4117,0.05263157894736842
n12156,0.0
n20731,0.0
n9295,0.0
n9473,0.0
n15423,0.05263157894736842
n18846,0.1111111111111111
n7040,0.05263157894736842
n6955,0.1111111111111111
n6330,0.1111111111111111
n226,0.05263157894736842
n12528,0.1111111111111111
n12185,0.05263157894736842
n15362,0.0
n12661,0.05263157894736842
n1404,0.25
n8920,0.0
n15641,0.0
n21301,0.1111111111111111
n16375,0.0
n2077,0.0
n6748,0.05263157894736842
n8957,0.1111111111111111
n10856,0.1111111111111111
n7029,0.17647058823529413
n13654,0.25
n17372,0.05263157894736842
n5433,0.0
n21543,0.05263157894736842
n12201,0.05263157894736842
n3135,0.05263157894736842
n2908,0.17647058823529413
n7554,0.05263157894736842
n15627,0.17647058823529413
n10092,0.0
n19868,0.1111111111111111
n21713,0.0
n15574,0.05263157894736842
n4205,0.05263157894736842
n13583,0.0
n15754,0.25
n12153,0.0
n12536,0.1111111111111111
n19867,0.0
n7006,0.42857142857142855
n12377,0.0
n3147,0.1111111111111111
n18949,0.05263157894736842
n6940,0.17647058823529413
n7273,0.05263157894736842
n14188,0.05263157894736842
n20231,0.0
n20208,0.05263157894736842
n12510,0.05263157894736842
n5831,0.0
n16010,0.0
n21120,0.0
n9487,0.05263157894736842
n21348,0.05263157894736842
n22058,0.05263157894736842
n15930,0.1111111111111111
n19940,0.0
n22336,0.42857142857142855
n22137,0.0
n20671,0.17647058823529413
n18641,0.1111111111111111
n4674,0.0
n9542,0.0
n7266,0.05263157894736842
n5818,0.05263157894736842
n13557,0.0
n18402,0.0
n14412,0.1111111111111111
n4539,0.17647058823529413
n6420,0.25
n3835,0.17647058823529413
n20226,0.0
n5725,0.17647058823529413
n21210,0.0
n3143,0.1111111111111111
n5536,0.0
n20310,0.42857142857142855
n11749,0.0
n6456,0.3333333333333333
n9721,0.05263157894736842
n11972,0.17647058823529413
n21063,0.1111111111111111
n9420,0.1111111111111111
n13355,0.42857142857142855
n3249,0.3333333333333333
n16242,0.0
n3007,0.0
n12351,0.17647058823529413
n11216,0.1111111111111111
n5049,0.1111111111111111
n13763,0.0
n7349,0.25
n20401,0.05263157894736842
n20703,0.05263157894736842
n17088,0.0
n10463,0.17647058823529413
n11202,0.17647058823529413
n12990,0.1111111111111111
n16222,0.05263157894736842
n20202,0.1111111111111111
n18005,0.1111111111111111
n10414,0.42857142857142855
n16183,0.0
n6434,0.05263157894736842
n22335,0.05263157894736842
n1715,0.42857142857142855
n9061,0.1111111111111111
n13910,0.0
n14807,0.05263157894736842
n19380,0.05263157894736842
n2983,0.1111111111111111
n1494,0.0
n14055,0.17647058823529413
n18215,0.0
n10592,0.0
n3709,0.1111111111111111
n15283,0.0
n4278,0.17647058823529413
n5620,0.17647058823529413
n14977,0.1111111111111111
n20347,0.05263157894736842
n5198,0.1111111111111111
n22870,0.0
n5679,0.3333333333333333
n22417,0.0
n12887,0.1111111111111111
n11086,0.17647058823529413
n22779,0.05263157894736842
n8704,0.25
n6783,0.3333333333333333
n9670,0.0
n11531,0.05263157894736842
n18092,0.1111111111111111
n7806,0.1111111111111111
n10895,0.05263157894736842
n11146,0.1111111111111111
n18915,0.0
n5532,0.0
n4747,0.0
n4252,0.0
n19636,0.05263157894736842
n15899,0.0
n10081,0.0
n4360,0.25
n19905,0.0
n5404,0.25
n9465,0.42857142857142855
n21741,0.0
n545,0.25
n482,0.1111111111111111
n22029,0.05263157894736842
n10893,0.25
n4366,0.0
n6204,0.05263157894736842
n11764,0.25
n12803,0.05263157894736842
n22329,0.05263157894736842
n17225,0.25
n14783,0.17647058823529413
n8362,0.05263157894736842
n3689,0.1111111111111111
n10465,0.25
n22869,0.1111111111111111
n20262,0.0
n10544,0.05263157894736842
n16136,0.05263157894736842
n6702,0.1111111111111111
n14302,0.1111111111111111
n5568,0.0
n20604,0.05263157894736842
n22054,0.0
n22874,0.05263157894736842
n13937,0.1111111111111111
n15085,0.0
n8799,0.0
n8197,0.1111111111111111
n19173,0.17647058823529413
n19955,0.05263157894736842
n22872,0.0
n4857,0.0
n15807,0.25
n5053,0.1111111111111111
n16441,0.05263157894736842
n18111,0.0
n7153,0.0
n11209,0.25
n1791,0.0
n12858,0.0
n10625,0.0
n13623,0.25
n13987,0.1111111111111111
n2547,0.1111111111111111
n9873,0.25
n13185,0.0
n10162,0.5384615384615384
n3751,0.1111111111111111
n13627,0.17647058823529413
n2043,0.05263157894736842
n1766,0.25
n1318,0.0
n20082,0.05263157894736842
n20269,0.0
n16238,0.1111111111111111
n11214,0.0
n11144,0.1111111111111111
n19111,0.42857142857142855
n6660,0.0
n22246,0.25
n5341,0.0
n10157,0.0
n3058,0.0
n15816,0.17647058823529413
n9652,0.0
n11451,0.0
n14838,0.05263157894736842
n11519,0.0
n8415,0.17647058823529413
n5070,0.0
n1447,0.17647058823529413
n9690,0.0
n15580,0.1111111111111111
n19100,0.0
n10892,0.1111111111111111
n12485,0.05263157894736842
n8023,0.0
n17352,0.1111111111111111
n20187,0.1111111111111111
n2747,0.1111111111111111
n17235,0.0
n7338,0.1111111111111111
n18812,0.0
n15963,0.0
n21365,0.1111111111111111
n6677,0.05263157894736842
n8425,0.05263157894736842
n613,0.0
n4583,0.1111111111111111
n4760,0.0
n21035,0.3333333333333333
n18396,0.1111111111111111
n4653,0.05263157894736842
n20894,0.25
n10064,0.05263157894736842
n10450,0.0
n19604,0.5384615384615384
n1730,0.1111111111111111
n20626,0.05263157894736842
n20596,0.0
n16343,0.0
n8563,0.0
n11604,0.25
n20936,0.1111111111111111
n6336,0.17647058823529413
n1141,0.05263157894736842
n8371,0.17647058823529413
n16440,0.0
n18931,0.1111111111111111
n19750,0.25
n6380,0.25
n20638,0.3333333333333333
n12207,0.0
n17433,0.0
n19755,0.05263157894736842
n19833,0.1111111111111111
n20916,0.0
n18882,0.0
n16959,0.0
n3315,0.05263157894736842
n5157,0.05263157894736842
n6006,0.05263157894736842
n18051,0.05263157894736842
n9778,0.05263157894736842
n6187,0.05263157894736842
n9283,0.05263157894736842
n15395,0.05263157894736842
n2357,0.0
n14167,0.25
n12381,0.3333333333333333
n6944,0.0
n22843,0.05263157894736842
n17348,0.05263157894736842
n6058,0.05263157894736842
n6359,0.0
n6390,0.0
n8341,0.1111111111111111
n19800,0.05263157894736842
n20188,0.17647058823529413
n22051,0.17647058823529413
n1622,0.0
n10870,0.42857142857142855
n6499,0.05263157894736842
n1922,0.0
n2252,0.05263157894736842
n8796,0.05263157894736842
n15642,0.0
n8995,0.05263157894736842
n10550,0.0
n2152,0.17647058823529413
n15683,0.17647058823529413
n7123,0.0
n11913,0.0
n7395,0.0
n10842,0.0
n6739,0.05263157894736842
n1356,0.0
n2885,0.1111111111111111
n1353,0.25
n4937,0.05263157894736842
n10269,0.17647058823529413
n5489,0.0
n10136,0.17647058823529413
n11165,0.0
n19680,0.17647058823529413
n2153,0.05263157894736842
n21379,0.0
n10346,0.05263157894736842
n22222,0.0
n2335,0.17647058823529413
n5743,0.1111111111111111
n20103,0.25
n11110,0.0
n15892,0.17647058823529413
n18760,0.0
n11639,0.1111111111111111
n16766,0.1111111111111111
n17548,0.1111111111111111
n1768,0.25
n15910,0.05263157894736842
n2288,0.0
n1510,0.17647058823529413
n21323,0.0
n7353,0.25
n6484,0.1111111111111111
n14839,0.17647058823529413
n5658,0.1111111111111111
n1569,0.1111111111111111
n9967,0.0
n6402,0.0
n10018,0.1111111111111111
n6935,0.0
n15361,0.05263157894736842
n10014,0.1111111111111111
n19536,0.0
n16351,0.05263157894736842
n9545,0.0
n15755,0.17647058823529413
n21705,0.1111111111111111
n11300,0.1111111111111111
n16371,0.05263157894736842
n12730,0.1111111111111111
n13754,0.17647058823529413
n15317,0.05263157894736842
n22586,0.05263157894736842
n21253,0.05263157894736842
n9933,0.0
n20330,0.05263157894736842
n22900,0.05263157894736842
n11776,0.0
n7699,0.05263157894736842
n1023,0.0
n10063,0.05263157894736842
n4886,0.0
n14951,0.17647058823529413
n18366,0.05263157894736842
n15382,0.1111111111111111
n804,0.05263157894736842
n7033,0.0
n2045,0.17647058823529413
n3556,0.25
n11378,0.0
n16348,0.0
n5766,0.05263157894736842
n18218,0.05263157894736842
n10009,0.0
n1759,0.0
n17148,0.17647058823529413
n17452,0.0
n10160,0.05263157894736842
n8867,0.0
n10845,0.17647058823529413
n2052,0.05263157894736842
n37,0.1111111111111111
n688,0.1111111111111111
n19063,0.0
n3940,0.05263157894736842
n19373,0.05263157894736842
n5477,0.05263157894736842
n10104,0.0
n14033,0.1111111111111111
n18650,0.25
n7090,0.0
n5615,0.0
n6962,0.0
n21312,0.05263157894736842
n22526,0.1111111111111111
n11928,0.17647058823529413
n2639,0.05263157894736842
n3987,0.0
n16899,0.1111111111111111
n3793,0.1111111111111111
n3223,0.05263157894736842
n3637,0.25
n3765,0.17647058823529413
n8506,0.3333333333333333
n20225,0.17647058823529413
n20784,0.0
n7648,0.0
n4089,0.0
n8546,0.25
n1606,0.25
n6185,0.05263157894736842
n5932,0.0
n1756,0.0
n3665,0.1111111111111111
n16453,0.0
n2517,0.0
n7256,0.1111111111111111
n12527,0.0
n22303,0.1111111111111111
n5563,0.17647058823529413
n9772,0.0
n14318,0.3333333333333333
n8212,0.0
n336,0.25
n20450,0.05263157894736842
n8474,0.1111111111111111
n17169,0.05263157894736842
n21489,0.25
n22658,0.0
n12072,0.0
n18934,0.0
n8053,0.05263157894736842
n6489,0.17647058823529413
n8665,0.0
n6252,0.05263157894736842
n8949,0.05263157894736842
n6239,0.0
n16652,0.05263157894736842
n17613,0.0
n18430,0.1111111111111111
n1684,0.05263157894736842
n15941,0.17647058823529413
n7745,0.25
n22094,0.1111111111111111
n1951,0.0
n22380,0.05263157894736842
n4334,0.05263157894736842
n13340,0.05263157894736842
n9207,0.25
n9637,0.1111111111111111
n11722,0.0
n10788,0.0
n22132,0.0
n22328,0.1111111111111111
n21572,0.0
n2913,0.17647058823529413
n8062,0.1111111111111111
n14530,0.1111111111111111
n1207,0.0
n4262,0.05263157894736842
n1173,0.1111111111111111
n13452,0.05263157894736842
n8064,0.05263157894736842
n9499,0.05263157894736842
n14933,0.3333333333333333
n9844,0.0
n13513,0.25
n16170,0.05263157894736842
n5996,0.0
n10733,0.1111111111111111
n10293,0.0
n2028,0.05263157894736842
n1948,0.17647058823529413
n10328,0.0
n4710,0.0
n9968,0.0
n20890,0.1111111111111111
n3613,0.0
n15222,0.0
n18710,0.05263157894736842
n21895,0.0
n20415,0.1111111111111111
n3584,0.3333333333333333
n3518,0.17647058823529413
n15021,0.17647058823529413
n12230,0.05263157894736842
n5287,0.05263157894736842
n529,0.1111111111111111
n15558,0.05263157894736842
n16717,0.0
n6512,0.05263157894736842
n16934,0.05263157894736842
n10372,0.25
n15631,0.05263157894736842
n11883,0.0
n7511,0.1111111111111111
n3330,0.0
n6025,0.1111111111111111
n13737,0.05263157894736842
n22545,0.05263157894736842
n1700,0.3333333333333333
n12662,0.1111111111111111
n6235,0.0
n21861,0.1111111111111111
n13360,0.42857142857142855
n13957,0.1111111111111111
n9478,0.1111111111111111
n16555,0.17647058823529413
n7271,0.05263157894736842
n22921,0.05263157894736842
n231,0.05263157894736842
n513,0.0
n15022,0.1111111111111111
n15027,0.25
n4712,0.05263157894736842
n21442,0.25
n15795,0.17647058823529413
n8534,0.1111111111111111
n12,0.05263157894736842
n13418,0.17647058823529413
n18148,0.17647058823529413
n167,0.25
n11103,0.1111111111111111
n21465,0.0
n22731,0.05263157894736842
n8950,0.05263157894736842
n6142,0.0
n20565,0.05263157894736842
n17438,0.05263157894736842
n18356,0.1111111111111111
n8016,0.0
n8909,0.05263157894736842
n6622,0.05263157894736842
n13419,0.17647058823529413
n16895,0.17647058823529413
n6423,0.05263157894736842
n3188,0.0
n1988,0.1111111111111111
n20714,0.3333333333333333
n11543,0.0
n8249,0.0
n7546,0.17647058823529413
n498,0.0
n15652,0.3333333333333333
n5055,0.0
n4899,0.0
n20900,0.0
n2840,0.1111111111111111
n14562,0.17647058823529413
n14791,0.1111111111111111
n3976,0.25
n4048,0.17647058823529413
n21636,0.1111111111111111
n22674,0.0
n20457,0.1111111111111111
n2556,0.1111111111111111
n15721,0.3333333333333333
n6324,0.0
n4161,0.05263157894736842
n16470,0.05263157894736842
n18064,0.05263157894736842
n1306,0.0
n6741,0.25
n3093,0.0
n6750,0.25
n1778,0.17647058823529413
n16121,0.1111111111111111
n18230,0.0
n1846,0.0
n16715,0.17647058823529413
n16949,0.17647058823529413
n6994,0.17647058823529413
n20442,0.17647058823529413
n6572,0.0
n17666,0.25
n582,0.17647058823529413
n1735,0.05263157894736842
n15706,0.05263157894736842
n16140,0.05263157894736842
n2088,0.1111111111111111
n15838,0.1111111111111111
n17894,0.1111111111111111
n18719,0.1111111111111111
n8277,0.05263157894736842
n4325,0.0
n7645,0.17647058823529413
n12671,0.0
n18566,0.0
n7051,0.1111111111111111
n18914,0.0
n20856,0.05263157894736842
n10541,0.1111111111111111
n18757,0.3333333333333333
n14621,0.05263157894736842
n4636,0.17647058823529413
n18390,0.05263157894736842
n17968,0.0
n20050,0.0
n15789,0.17647058823529413
n14950,0.05263157894736842
n13894,0.1111111111111111
n15855,0.1111111111111111
n2198,0.05263157894736842
n11556,0.42857142857142855
n4810,0.05263157894736842
n21978,0.0
n8224,0.05263157894736842
n20822,0.1111111111111111
n4468,0.1111111111111111
n17232,0.05263157894736842
n20898,0.05263157894736842
n6594,0.0
n8364,0.42857142857142855
n10036,0.0
n10674,0.05263157894736842
n838,0.0
n6773,0.05263157894736842
n2307,0.05263157894736842
n6287,0.5384615384615384
n12239,0.1111111111111111
n18249,0.05263157894736842
n11798,0.25
n6301,0.0
n10085,0.05263157894736842
n6878,0.05263157894736842
n6704,0.1111111111111111
n10338,0.25
n18008,0.05263157894736842
n15738,0.1111111111111111
n22632,0.05263157894736842
n1451,0.17647058823529413
n6274,0.05263157894736842
n18851,0.17647058823529413
n14201,0.17647058823529413
n11696,0.05263157894736842
n21297,0.05263157894736842
n19201,0.3333333333333333
n14786,0.5384615384615384
n4736,0.05263157894736842
n7227,0.0
n11971,0.05263157894736842
n10,0.1111111111111111
n8650,0.17647058823529413
n20899,0.42857142857142855
n7440,0.05263157894736842
n12496,0.05263157894736842
n17991,0.0
n6952,0.1111111111111111
n17305,0.1111111111111111
n22760,0.25
n16500,0.1111111111111111
n17349,0.0
n12258,0.0
n8122,0.17647058823529413
n10384,0.0
n18506,0.17647058823529413
n5865,0.0
n2609,0.1111111111111111
n5205,0.05263157894736842
n6121,0.25
n5493,0.05263157894736842
n20526,0.05263157894736842
n19036,0.1111111111111111
n2006,0.1111111111111111
n6229,0.1111111111111111
n14715,0.1111111111111111
n12801,0.1111111111111111
n380,0.1111111111111111
n17946,0.17647058823529413
n983,0.25
n16040,0.0
n22190,0.05263157894736842
n1761,0.0
n18158,0.1111111111111111
n15937,0.1111111111111111
n10222,0.0
n16526,0.0
n829,0.0
n2220,0.1111111111111111
n12085,0.1111111111111111
n15077,0.0
n16105,0.1111111111111111
n4478,0.17647058823529413
n11731,0.05263157894736842
n6020,0.05263157894736842
n10947,0.17647058823529413
n18235,0.05263157894736842
n12262,0.0
n16497,0.1111111111111111
n9239,0.1111111111111111
n1904,0.0
n19372,0.25
n13470,0.42857142857142855
n10965,0.0
n7434,0.05263157894736842
n10652,0.0
n16764,0.05263157894736842
n7425,0.17647058823529413
n10146,0.0
n13901,0.05263157894736842
n16755,0.05263157894736842
n3088,0.1111111111111111
n20668,0.05263157894736842
n6432,0.42857142857142855
n3803,0.0
n11368,0.05263157894736842
n11730,0.05263157894736842
n5077,0.1111111111111111
n13990,0.1111111111111111
n17316,0.1111111111111111
n19147,0.05263157894736842
n20770,0.05263157894736842
n4801,0.05263157894736842
n1573,0.0
n473,0.0
n10608,0.05263157894736842
n7403,0.1111111111111111
n13013,0.0
n22498,0.0
n6052,0.17647058823529413
n14947,0.0
n20122,0.0
n18762,0.1111111111111111
n13989,0.0
n21499,0.0
n15860,0.1111111111111111
n17674,0.05263157894736842
n3710,0.0
n6694,0.17647058823529413
n1373,0.05263157894736842
n11064,0.17647058823529413
n11380,0.17647058823529413
n7716,0.1111111111111111
n18046,0.05263157894736842
n18990,0.05263157894736842
n21826,0.05263157894736842
n2227,0.25
n6283,0.05263157894736842
n7558,0.0
n8458,0.05263157894736842
n7119,0.05263157894736842
n18040,0.25
n17934,0.0
n20872,0.17647058823529413
n17688,0.0
n1690,0.1111111111111111
n3527,0.0
n17463,0.05263157894736842
n6910,0.05263157894736842
n12689,0.0
n22878,0.05263157894736842
n18900,0.05263157894736842
n8225,0.0
n7285,0.05263157894736842
n13747,0.0
n17763,0.0
n7053,0.1111111111111111
n7302,0.0
n14606,0.1111111111111111
n10662,0.3333333333333333
n6544,0.05263157894736842
n2720,0.17647058823529413
n11335,0.0
n7221,0.05263157894736842
n12117,0.0
n18279,0.0
n22729,0.1111111111111111
n6421,0.1111111111111111
n10888,0.17647058823529413
n1568,0.1111111111111111
n7008,0.25
n19062,0.0
n1305,0.17647058823529413
n1726,0.17647058823529413
n8983,0.1111111111111111
n9891,0.0
n3742,0.05263157894736842
n1892,0.0
n21264,0.05263157894736842
n5717,0.3333333333333333
n6551,0.0
n13973,0.3333333333333333
n15010,0.17647058823529413
n3270,0.0
n6140,0.05263157894736842
n851,0.05263157894736842
n12233,0.1111111111111111
n14861,0.0
n3809,0.05263157894736842
n48,0.17647058823529413
n4766,0.05263157894736842
n3262,0.05263157894736842
n8097,0.05263157894736842
n12672,0.25
n4353,0.0
n22005,0.0
n22765,0.1111111111111111
n20738,0.0
n7443,0.1111111111111111
n6425,0.05263157894736842
n1814,0.0
n12084,0.0
n17071,0.05263157894736842
n4424,0.05263157894736842
n14097,0.0
n20348,0.05263157894736842
n20748,0.0
n9919,0.1111111111111111
n15951,0.05263157894736842
n19537,0.1111111111111111
n1471,0.1111111111111111
n13323,0.05263157894736842
n22211,0.0
n19108,0.17647058823529413
n13160,0.1111111111111111
n10389,0.25
n14225,0.25
n17617,0.1111111111111111
n21464,0.17647058823529413
n9418,0.0
n17409,0.1111111111111111
n3754,0.0
n4201,0.17647058823529413
n12073,0.0
n9158,0.0
n8216,0.05263157894736842
n22875,0.05263157894736842
n8642,0.0
n12286,0.42857142857142855
n4304,0.05263157894736842
n9229,0.05263157894736842
n18611,0.0
n10543,0.42857142857142855
n10754,0.0
n21243,0.0
n4054,0.0
n14210,0.1111111111111111
n15384,0.05263157894736842
n20725,0.25
n22129,0.05263157894736842
n4716,0.05263157894736842
n16409,0.0
n18284,0.1111111111111111
n318,0.17647058823529413
n11903,0.1111111111111111
n19592,0.17647058823529413
n21181,0.25
n21533,0.0
n15934,0.1111111111111111
n6310,0.0
n14384,0.05263157894736842
n16918,0.0
n7618,0.1111111111111111
n21341,0.17647058823529413
n13907,0.1111111111111111
n22622,0.1111111111111111
n20343,0.0
n22947,0.0
n1604,0.0
n11330,0.1111111111111111
n9226,0.0
n5011,0.0
n483,0.1111111111111111
n7864,0.0
n13765,0.17647058823529413
n15917,0.17647058823529413
n5155,0.05263157894736842
n5395,0.25
n2670,0.05263157894736842
n18233,0.0
n21364,0.1111111111111111
n22340,0.1111111111111111
n5031,0.05263157894736842
n10363,0.25
n19394,0.0
n1654,0.25
n15814,0.25
n17036,0.0
n1408,0.17647058823529413
n16914,0.1111111111111111
n18189,0.3333333333333333
n22885,0.05263157894736842
n19902,0.05263157894736842
n17827,0.0
n10313,0.05263157894736842
n12290,0.1111111111111111
n15928,0.05263157894736842
n3841,0.05263157894736842
n18740,0.1111111111111111
n20836,0.05263157894736842
n1829,0.0
n10080,0.05263157894736842
n17574,0.0
n3901,0.0
n6511,0.0
n3343,0.1111111111111111
n11561,0.17647058823529413
n4074,0.1111111111111111
n8853,0.17647058823529413
n19827,0.05263157894736842
n22864,0.05263157894736842
n3214,0.0
n16197,0.25
n17039,0.05263157894736842
n20516,0.05263157894736842
n9132,0.0
n4597,0.0
n1685,0.3333333333333333
n10548,0.25
n18450,0.0
n5812,0.05263157894736842
n13251,0.0
n3278,0.0
n16191,0.25
n20720,0.0
n9255,0.0
n12334,0.25
n862,0.0
n9157,0.05263157894736842
n11301,0.42857142857142855
n21136,0.05263157894736842
n19156,0.0
n17719,0.05263157894736842
n22510,0.0
n9598,0.1111111111111111
n18950,0.1111111111111111
n15862,0.05263157894736842
n1895,0.1111111111111111
n14765,0.05263157894736842
n15031,0.1111111111111111
n13539,0.05263157894736842
n20004,0.0
n12681,0.0
n9259,0.05263157894736842
n15700,0.1111111111111111
n18093,0.0
n13357,0.1111111111111111
n16887,0.05263157894736842
n2418,0.1111111111111111
n16567,0.0
n17010,0.05263157894736842
n4167,0.17647058823529413
n13867,0.5384615384615384
n3377,0.0
n17983,0.0
n17405,0.05263157894736842
n18278,0.05263157894736842
n22350,0.05263157894736842
n16948,0.0
n6224,0.1111111111111111
n17399,0.0
n19769,0.05263157894736842
n11440,0.0
n1508,0.25
n20312,0.05263157894736842
n19893,0.05263157894736842
n12451,0.1111111111111111
n22971,0.25
n19381,0.1111111111111111
n5398,0.05263157894736842
n18332,0.25
n19704,0.05263157894736842
n9345,0.0
n10161,0.0
n22922,0.1111111111111111
n9468,0.0
n17764,0.25
n17563,0.1111111111111111
n10445,0.0
n10999,0.3333333333333333
n870,0.0
n20336,0.1111111111111111
n4892,0.05263157894736842
n21916,0.0
n2522,0.05263157894736842
n12398,0.25
n2235,0.1111111111111111
n6372,0.05263157894736842
n21280,0.0
n19870,0.05263157894736842
n2374,0.25
n13820,0.05263157894736842
n18640,0.05263157894736842
n1389,0.17647058823529413
n1363,0.0
n18925,0.05263157894736842
n1266,0.25
n5184,0.05263157894736842
n19207,0.0
n8214,0.05263157894736842
n3394,0.0
n930,0.1111111111111111
n17114,0.0
n16856,0.1111111111111111
n1189,0.17647058823529413
n16189,0.17647058823529413
n10156,0.05263157894736842
n12281,0.3333333333333333
n21034,0.1111111111111111
n17892,0.0
n2297,0.0
n1605,0.0
n1557,0.05263157894736842
n6764,0.05263157894736842
n12769,0.05263157894736842
n2524,0.0
n14178,0.1111111111111111
n13281,0.1111111111111111
n975,0.05263157894736842
n3205,0.17647058823529413
n10603,0.05263157894736842
n15961,0.05263157894736842
n11155,0.05263157894736842
n17685,0.0
n4567,0.05263157894736842
n8850,0.17647058823529413
n15590,0.25
n15311,0.0
n4988,0.05263157894736842
n20428,0.1111111111111111
n3996,0.1111111111111111
n16846,0.3333333333333333
n19936,0.0
n7777,0.17647058823529413
n11302,0.0
n20018,0.17647058823529413
n21694,0.05263157894736842
n9200,0.0
n18659,0.0
n9371,0.05263157894736842
n21378,0.1111111111111111
n4253,0.25
n15578,0.05263157894736842
n1499,0.0
n7589,0.05263157894736842
n10093,0.05263157894736842
n1817,0.05263157894736842
n10575,0.1111111111111111
n17322,0.0
n9092,0.0
n11780,0.1111111111111111
n21948,0.05263157894736842
n18606,0.0
n6076,0.0
n15030,0.0
n13808,0.3333333333333333
n19171,0.0
n11700,0.0
n6001,0.05263157894736842
n952,0.05263157894736842
n8481,0.0
n5154,0.1111111111111111
n8402,0.17647058823529413
n21505,0.0
n18067,0.17647058823529413
n22056,0.0
n7226,0.3333333333333333
n10295,0.25
n14772,0.17647058823529413
n21549,0.1111111111111111
n215,0.05263157894736842
n18355,0.0
n20522,0.17647058823529413
n22766,0.05263157894736842
n14625,0.05263157894736842
n8263,0.05263157894736842
n4999,0.25
n12194,0.05263157894736842
n16945,0.1111111111111111
n6010,0.05263157894736842
n3932,0.1111111111111111
n15049,0.0
n10101,0.1111111111111111
n21241,0.3333333333333333
n7935,0.05263157894736842
n9763,0.0
n13443,0.0
n16286,0.17647058823529413
n15891,0.25
n5380,0.05263157894736842
n11792,0.17647058823529413
n13751,0.05263157894736842
n6754,0.05263157894736842
n4409,0.0
n12191,0.05263157894736842
n1161,0.0
n7004,0.17647058823529413
n7715,0.1111111111111111
n10995,0.0
n8601,0.0
n5362,0.0
n2012,0.05263157894736842
n11985,0.0
n15685,0.1111111111111111
n6458,0.05263157894736842
n13167,0.0
n8818,0.1111111111111111
n12029,0.05263157894736842
n5491,0.0
n14802,0.17647058823529413
n10769,0.1111111111111111
n6411,0.0
n6636,0.17647058823529413
n9298,0.17647058823529413
n5754,0.05263157894736842
n11094,0.5384615384615384
n21481,0.0
n3037,0.0
n5583,0.05263157894736842
n21262,0.17647058823529413
n8146,0.0
n15487,0.05263157894736842
n15051,0.17647058823529413
n11656,0.25
n18691,0.0
n6155,0.17647058823529413
n17646,0.0
n10171,0.0
n10915,0.05263157894736842
n22626,0.0
n8141,0.05263157894736842
n9962,0.0
n11331,0.0
n2118,0.1111111111111111
n13665,0.17647058823529413
n21159,0.05263157894736842
n3142,0.0
n13762,0.17647058823529413
n2301,0.0
n9983,0.1111111111111111
n13785,0.25
n5924,0.0
n10469,0.05263157894736842
n1036,0.17647058823529413
n8002,0.0
n6285,0.0
n3743,0.17647058823529413
n19963,0.0
n16207,0.0
n20624,0.1111111111111111
n8126,0.0
n18496,0.0
n9733,0.0
n16872,0.05263157894736842
n5702,0.05263157894736842
n8806,0.0
n12343,0.0
n9024,0.1111111111111111
n22075,0.0
n13955,0.3333333333333333
n14083,0.0
n18887,0.17647058823529413
n16849,0.0
n16750,0.0
n5457,0.17647058823529413
n6202,0.05263157894736842
n8065,0.0
n9547,0.17647058823529413
n11240,0.25
n15663,0.17647058823529413
n7587,0.17647058823529413
n20473,0.05263157894736842
n9534,0.17647058823529413
n10359,0.25
n22832,0.1111111111111111
n18811,0.1111111111111111
n20675,0.05263157894736842
n18080,0.0
n16018,0.05263157894736842
n21019,0.05263157894736842
n510,0.1111111111111111
n18662,0.05263157894736842
n6772,0.17647058823529413
n6797,0.0
n326,0.0
n16540,0.0
n609,0.05263157894736842
n11735,0.05263157894736842
n14664,0.05263157894736842
n14885,0.0
n21764,0.05263157894736842
n7161,0.05263157894736842
n12299,0.17647058823529413
n2866,0.25
n7927,0.0
n11151,0.05263157894736842
n796,0.0
n8302,0.0
n21819,0.0
n9993,0.05263157894736842
n12229,0.17647058823529413
n1505,0.17647058823529413
n5954,0.25
n13584,0.05263157894736842
n3489,0.1111111111111111
n12716,0.05263157894736842
n8724,0.3333333333333333
n4355,0.1111111111111111
n11196,0.1111111111111111
n22164,0.0
n22331,0.25
n5066,0.1111111111111111
n18494,0.0
n521,0.0
n20161,0.05263157894736842
n21568,0.05263157894736842
n1330,0.05263157894736842
n17616,0.17647058823529413
n17879,0.05263157894736842
n16928,0.0
n6845,0.3333333333333333
n6188,0.05263157894736842
n7070,0.0
n22066,0.25
n5827,0.0
n8369,0.05263157894736842
n21109,0.17647058823529413
n22829,0.05263157894736842
n21803,0.17647058823529413
n8331,0.25
n15375,0.05263157894736842
n18285,0.0
n11802,0.05263157894736842
n3441,0.0
n9007,0.17647058823529413
n14011,0.1111111111111111
n19703,0.0
n19895,0.05263157894736842
n15771,0.0
n22305,0.05263157894736842
n9422,0.05263157894736842
n4944,0.0
n6087,0.42857142857142855
n3482,0.1111111111111111
n12819,0.05263157894736842
n14448,0.05263157894736842
n16753,0.05263157894736842
n12252,0.05263157894736842
n21002,0.17647058823529413
n15122,0.0
n9409,0.05263157894736842
n11350,0.0
n4741,0.1111111111111111
n21511,0.0
n3187,0.0
n13319,0.17647058823529413
n6200,0.0
n8055,0.05263157894736842
n20411,0.3333333333333333
n9966,0.25
n14341,0.25
n2437,0.0
n3077,0.0
n7260,0.1111111111111111
n9738,0.05263157894736842
n1707,0.1111111111111111
n17184,0.1111111111111111
n13645,0.05263157894736842
n14002,0.05263157894736842
n18661,0.05263157894736842
n636,0.3333333333333333
n14806,0.0
n8574,0.17647058823529413
n3766,0.05263157894736842
n17211,0.05263157894736842
n13023,0.0
n10117,0.25
n16206,0.05263157894736842
n17714,0.0
n20030,0.0
n7955,0.1111111111111111
n5218,0.05263157894736842
n7661,0.0
n9882,0.17647058823529413
n4487,0.1111111111111111
n6576,0.0
n530,0.0
n4622,0.3333333333333333
n639,0.0
n13453,0.05263157894736842
n17128,0.05263157894736842
n15833,0.17647058823529413
n21515,0.17647058823529413
n12248,0.1111111111111111
n14305,0.05263157894736842
n22233,0.17647058823529413
n4145,0.05263157894736842
n11582,0.1111111111111111
n3688,0.1111111111111111
n10464,0.0
n22701,0.17647058823529413
n8421,0.1111111111111111
n12493,0.17647058823529413
n21058,0.1111111111111111
n4099,0.42857142857142855
n22357,0.3333333333333333
n14086,0.05263157894736842
n4102,0.0
n17888,0.25
n10275,0.05263157894736842
n4980,0.25
n3631,0.3333333333333333
n15553,0.05263157894736842
n16003,0.17647058823529413
n21255,0.1111111111111111
n6854,0.17647058823529413
n15978,0.0
n4519,0.0
n7933,0.05263157894736842
n9078,0.0
n12247,0.0
n13468,0.1111111111111111
n6039,0.0
n7225,0.0
n1966,0.05263157894736842
n897,0.05263157894736842
n12531,0.1111111111111111
n17573,0.17647058823529413
n17693,0.1111111111111111
n18623,0.1111111111111111
n19554,0.05263157894736842
n17199,0.0
n20369,0.25
n4640,0.05263157894736842
n4081,0.0
n17796,0.05263157894736842
n18337,0.0
n4140,0.1111111111111111
n15394,0.1111111111111111
n22174,0.0
n6344,0.0
n5027,0.17647058823529413
n2422,0.3333333333333333
n2654,0.05263157894736842
n5855,0.17647058823529413
n22069,0.17647058823529413
n6338,0.0
n7165,0.0
n21496,0.0
n16690,0.25
n19009,0.1111111111111111
n5580,0.0
n10374,0.05263157894736842
n15449,0.17647058823529413
n22197,0.1111111111111111
n9028,0.17647058823529413
n13276,0.0
n15269,0.0
n3724,0.05263157894736842
n19106,0.1111111111111111
n6635,0.05263157894736842
n11454,0.05263157894736842
n17905,0.25
n9529,0.17647058823529413
n21425,0.25
n4682,0.1111111111111111
n9017,0.1111111111111111
n20828,0.05263157894736842
n18655,0.05263157894736842
n8987,0.1111111111111111
n22681,0.1111111111111111
n4513,0.1111111111111111
n1856,0.0
n4181,0.17647058823529413
n13571,0.05263157894736842
n11911,0.05263157894736842
n14021,0.1111111111111111
n8077,0.0
n5420,0.25
n20480,0.05263157894736842
n9672,0.17647058823529413
n7263,0.0
n20023,0.17647058823529413
n6389,0.0
n22151,0.0
n5876,0.1111111111111111
n7940,0.0
n18857,0.05263157894736842
n16219,0.0
n21101,0.0
n5131,0.1111111111111111
n21959,0.05263157894736842
n17514,0.05263157894736842
n4029,0.1111111111111111
n21110,0.0
n15562,0.0
n9494,0.0
n11252,0.17647058823529413
n20674,0.0
n18060,0.0
n15125,0.0
n10268,0.05263157894736842
n8723,0.3333333333333333
n1813,0.05263157894736842
n1646,0.05263157894736842
n20504,0.17647058823529413
n14073,0.1111111111111111
n16172,0.0
n5641,0.0
n8969,0.0
n11756,0.5384615384615384
n17185,0.05263157894736842
n19190,0.25
n14949,0.0
n15353,0.05263157894736842
n5852,0.25
n18532,0.0
n3372,0.6666666666666666
n21471,0.17647058823529413
n324,0.17647058823529413
n10582,0.0
n9688,0.0
n9575,0.25
n18253,0.0
n2149,0.1111111111111111
n10661,0.0
n16713,0.3333333333333333
n22318,0.1111111111111111
n2968,0.1111111111111111
n13354,0.3333333333333333
n5389,0.0
n11287,0.0
n5152,0.17647058823529413
n11679,0.17647058823529413
n15348,0.1111111111111111
n22857,0.0
n7111,0.0
n9198,0.05263157894736842
n66,0.0
n14795,0.3333333333333333
n8856,0.17647058823529413
n19161,0.1111111111111111
n8301,0.0
n9115,0.0
n14510,0.1111111111111111
n9467,0.25
n22879,0.25
n1276,0.17647058823529413
n354,0.05263157894736842
n21009,0.0
n4750,0.0
n10292,0.1111111111111111
n13423,0.0
n10573,0.25
n5032,0.1111111111111111
n33,0.05263157894736842
n4186,0.0
n8679,0.05263157894736842
n18161,0.1111111111111111
n20590,0.3333333333333333
n4947,0.17647058823529413
n10369,0.25
n9118,0.1111111111111111
n9000,0.05263157894736842
n8528,0.0
n11710,0.05263157894736842
n12538,0.0
n12222,0.3333333333333333
n2141,0.25
n5139,0.0
n9950,0.0
n18492,0.0
n13902,0.17647058823529413
n10812,0.1111111111111111
n472,0.05263157894736842
n16232,0.0
n19480,0.1111111111111111
n11937,0.0
n2416,0.1111111111111111
n4349,0.05263157894736842
n18825,0.1111111111111111
n11093,0.3333333333333333
n13757,0.0
n22006,0.05263157894736842
n16696,0.25
n634,0.0
n20509,0.0
n20619,0.05263157894736842
n8013,0.0
n19182,0.1111111111111111
n21503,0.3333333333333333
n14628,0.0
n18262,0.0
n4004,0.17647058823529413
n6581,0.17647058823529413
n17057,0.05263157894736842
n20849,0.05263157894736842
n20356,0.0
n21438,0.05263157894736842
n1507,0.0
n7615,0.1111111111111111
n11347,0.05263157894736842
n4157,0.0
n4751,0.1111111111111111
n15925,0.17647058823529413
n6641,0.0
n18863,0.1111111111111111
n22085,0.0
n2625,0.0
n22808,0.1111111111111111
n12508,0.1111111111111111
n1398,0.0
n1819,0.1111111111111111
n15998,0.0
n17407,0.17647058823529413
n10545,0.05263157894736842
n13204,0.25
n17841,0.17647058823529413
n6184,0.17647058823529413
n7364,0.1111111111111111
n8456,0.05263157894736842
n12094,0.05263157894736842
n6190,0.0
n12407,0.05263157894736842
n6409,0.0
n18495,0.05263157894736842
n10403,0.05263157894736842
n5181,0.25
n6360,0.05263157894736842
n15080,0.05263157894736842
n350,0.0
n8839,0.1111111111111111
n1030,0.3333333333333333
n2540,0.05263157894736842
n17942,0.0
n18813,0.3333333333333333
n22706,0.0
n10615,0.05263157894736842
n13327,0.25
n1142,0.05263157894736842
n259,0.05263157894736842
n14803,0.0
n6768,0.25
n9401,0.25
n10235,0.0
n21974,0.0
n19208,0.1111111111111111
n8520,0.17647058823529413
n21065,0.05263157894736842
n2874,0.0
n18523,0.0
n6369,0.17647058823529413
n22038,0.05263157894736842
n21204,0.05263157894736842
n16256,0.0
n16718,0.17647058823529413
n17800,0.0
n9735,0.17647058823529413
n6312,0.05263157894736842
n1226,0.0
n15582,0.05263157894736842
n22585,0.05263157894736842
n20017,0.05263157894736842
n16599,0.1111111111111111
n116,0.1111111111111111
n14357,0.05263157894736842
n9268,0.0
n17513,0.0
n1121,0.17647058823529413
n6602,0.0
n650,0.0
n19483,0.0
n20116,0.1111111111111111
n1947,0.25
n1747,0.1111111111111111
n4083,0.0
n11949,0.25
n12140,0.3333333333333333
n19498,0.0
n16355,0.17647058823529413
n8165,0.17647058823529413
n16016,0.0
n16092,0.25
n22269,0.05263157894736842
n2354,0.17647058823529413
n4474,0.05263157894736842
n7734,0.05263157894736842
n20053,0.3333333333333333
n16560,0.17647058823529413
n16488,0.05263157894736842
n18556,0.0
n22561,0.0
n16066,0.05263157894736842
n4485,0.1111111111111111
n1613,0.05263157894736842
n9790,0.1111111111111111
n20490,0.0
n18238,0.05263157894736842
n4933,0.17647058823529413
n15524,0.25
n13925,0.25
n20996,0.0
n13203,0.05263157894736842
n15248,0.0
n19723,0.1111111111111111
n371,0.25
n1502,0.17647058823529413
n10738,0.05263157894736842
n12537,0.05263157894736842
n2212,0.05263157894736842
n1134,0.05263157894736842
n18696,0.05263157894736842
n12802,0.05263157894736842
n7838,0.05263157894736842
n1135,0.05263157894736842
n4025,0.17647058823529413
n5382,0.0
n6819,0.0
n9476,0.25
n7501,0.17647058823529413
n15704,0.05263157894736842
n5591,0.17647058823529413
n9759,0.1111111111111111
n7641,0.05263157894736842
n20515,0.0
n3121,0.25
n3879,0.25
n18033,0.25
n10365,0.25
n9294,0.0
n7827,0.0
n4410,0.1111111111111111
n3661,0.17647058823529413
n15425,0.05263157894736842
n18722,0.05263157894736842
n3851,0.0
n21410,0.05263157894736842
n5473,0.1111111111111111
n2115,0.1111111111111111
n18056,0.1111111111111111
n10074,0.0
n17094,0.05263157894736842
n14776,0.1111111111111111
n17196,0.05263157894736842
n15969,0.05263157894736842
n21889,0.42857142857142855
n1128,0.1111111111111111
n2121,0.0
n5078,0.05263157894736842
n13632,0.05263157894736842
n19522,0.0
n22781,0.05263157894736842
n20974,0.17647058823529413
n15751,0.1111111111111111
n22399,0.05263157894736842
n13361,0.05263157894736842
n13393,0.0
n15608,0.0
n9376,0.0
n3430,0.0
n3733,0.1111111111111111
n13673,0.1111111111111111
n12668,0.05263157894736842
n6936,0.05263157894736842
n16916,0.05263157894736842
n18177,0.0
n15346,0.17647058823529413
n11921,0.05263157894736842
n20390,0.05263157894736842
n19040,0.0
n3479,0.1111111111111111
n7842,0.1111111111111111
n9232,0.0
n10237,0.0
n15439,0.0
n20881,0.1111111111111111
n22964,0.0
n18912,0.1111111111111111
n20327,0.1111111111111111
n14360,0.17647058823529413
n18714,0.1111111111111111
n2706,0.25
n11193,0.1111111111111111
n22641,0.1111111111111111
n11140,0.0
n11488,0.25
n4635,0.05263157894736842
n19880,0.0
n3913,0.42857142857142855
n3387,0.17647058823529413
n22042,0.1111111111111111
n12280,0.25
n3810,0.0
n3628,0.42857142857142855
n11816,0.3333333333333333
n6892,0.05263157894736842
n15321,0.17647058823529413
n330,0.05263157894736842
n8011,0.05263157894736842
n12738,0.1111111111111111
n8854,0.05263157894736842
n16067,0.0
n1775,0.25
n12227,0.1111111111111111
n15538,0.1111111111111111
n1831,0.0
n16888,0.25
n2285,0.05263157894736842
n21834,0.0
n6307,0.0
n10053,0.05263157894736842
n15938,0.25
n18551,0.05263157894736842
n21666,0.1111111111111111
n3210,0.05263157894736842
n6620,0.17647058823529413
n16725,0.0
n15529,0.0
n18261,0.17647058823529413
n6383,0.05263157894736842
n7742,0.05263157894736842
n19033,0.05263157894736842
n3312,0.25
n17187,0.05263157894736842
n4128,0.0
n6215,0.05263157894736842
n4430,0.1111111111111111
n115,0.0
n7336,0.1111111111111111
n19402,0.1111111111111111
n21562,0.0
n6083,0.1111111111111111
n8532,0.0
n9585,0.0
n15006,0.25
n20538,0.05263157894736842
n2107,0.0
n3300,0.0
n17359,0.0
n15844,0.05263157894736842
n1178,0.05263157894736842
n4537,0.0
n10571,0.1111111111111111
n19016,0.0
n6198,0.0
n7929,0.05263157894736842
n8447,0.05263157894736842
n10133,0.05263157894736842
n20835,0.05263157894736842
n8812,0.05263157894736842
n4143,0.1111111111111111
n2713,0.25
n712,0.0
n2010,0.1111111111111111
n10426,0.17647058823529413
n14800,0.05263157894736842
n9984,0.1111111111111111
n16145,0.05263157894736842
n6830,0.17647058823529413
n14168,0.05263157894736842
n9640,0.1111111111111111
n1367,0.0
n6472,0.0
n522,0.1111111111111111
n9685,0.0
n18712,0.1111111111111111
n9872,0.17647058823529413
n20323,0.05263157894736842
n12043,0.1111111111111111
n21388,0.05263157894736842
n17851,0.17647058823529413
n17171,0.0
n14938,0.0
n18266,0.0
n13339,0.05263157894736842
n14346,0.0
n12236,0.0
n15474,0.05263157894736842
n20368,0.17647058823529413
n9650,0.17647058823529413
n3660,0.1111111111111111
n17110,0.25
n9489,0.3333333333333333
n9433,0.05263157894736842
n15881,0.0
n12269,0.25
n824,0.0
n4739,0.17647058823529413
n3887,0.0
n18063,0.05263157894736842
n22877,0.17647058823529413
n3277,0.05263157894736842
n19719,0.0
n7439,0.1111111111111111
n13914,0.3333333333333333
n10583,0.0
n18612,0.05263157894736842
n21177,0.3333333333333333
n22627,0.0
n17056,0.0
n7246,0.1111111111111111
n8621,0.05263157894736842
n11743,0.0
n6487,0.05263157894736842
n15424,0.25
n15396,0.0
n13926,0.1111111111111111
n7758,0.05263157894736842
n8769,0.17647058823529413
n12417,0.17647058823529413
n13646,0.25
n22250,0.0
n1352,0.05263157894736842
n3228,0.0
n4490,0.25
n11290,0.0
n11139,0.05263157894736842
n372,0.05263157894736842
n22092,0.0
n16910,0.0
n5170,0.0
n7663,0.05263157894736842
n8677,0.0
n22325,0.05263157894736842
n18047,0.25
n10189,0.0
n16800,0.3333333333333333
n11805,0.05263157894736842
n21032,0.0
n9227,0.05263157894736842
n4199,0.0
n18367,0.0
n20319,0.05263157894736842
n16202,0.42857142857142855
n6723,0.0
n19733,0.0
n4085,0.05263157894736842
n10874,0.05263157894736842
n15292,0.0
n15364,0.17647058823529413
n487,0.3333333333333333
n15408,0.1111111111111111
n3224,0.17647058823529413
n6793,0.0
n5611,0.25
n16499,0.0
n17289,0.05263157894736842
n10153,0.05263157894736842
n19073,0.05263157894736842
n11245,0.1111111111111111
n4638,0.0
n11651,0.1111111111111111
n19045,0.3333333333333333
n1481,0.17647058823529413
n2768,0.17647058823529413
n13649,0.0
n17047,0.17647058823529413
n1013,0.25
n1890,0.05263157894736842
n4287,0.1111111111111111
n6680,0.17647058823529413
n11084,0.17647058823529413
n12888,0.05263157894736842
n5649,0.3333333333333333
n3092,0.0
n12170,0.17647058823529413
n9396,0.25
n14733,0.0
n18269,0.05263157894736842
n20873,0.05263157894736842
n3016,0.17647058823529413
n9645,0.1111111111111111
n20866,0.0
n20222,0.1111111111111111
n21290,0.05263157894736842
n18806,0.1111111111111111
n16853,0.25
n16943,0.0
n19285,0.1111111111111111
n1771,0.1111111111111111
n1656,0.1111111111111111
n16697,0.05263157894736842
n15302,0.0
n8943,0.1111111111111111
n6836,0.1111111111111111
n22854,0.25
n10490,0.3333333333333333
n2793,0.0
n11020,0.0
n20079,0.17647058823529413
n10279,0.05263157894736842
n16732,0.05263157894736842
n20717,0.25
n4649,0.0
n10250,0.05263157894736842
n1193,0.0
n21096,0.0
n217,0.42857142857142855
n11951,0.05263157894736842
n8675,0.0
n10065,0.25
n1175,0.05263157894736842
n6653,0.1111111111111111
n5541,0.0
n4018,0.05263157894736842
n12120,0.17647058823529413
n1861,0.0
n16306,0.0
n3073,0.25
n21405,0.17647058823529413
n1313,0.05263157894736842
n6305,0.05263157894736842
n20443,0.0
n7493,0.0
n21994,0.0
n4327,0.17647058823529413
n16867,0.17647058823529413
n17406,0.0
n19083,0.05263157894736842
n21510,0.0
n7077,0.0
n21564,0.3333333333333333
n2990,0.1111111111111111
n20681,0.05263157894736842
n20802,0.25
n15577,0.0
n15187,0.0
n13264,0.1111111111111111
n10731,0.42857142857142855
n10622,0.3333333333333333
n10889,0.25
n21656,0.0
n8015,0.42857142857142855
n10142,0.17647058823529413
n1295,0.0
n8352,0.05263157894736842
n17098,0.05263157894736842
n10385,0.05263157894736842
n3552,0.0
n7370,0.25
n11469,0.0
n1419,0.05263157894736842
n15367,0.0
n14517,0.17647058823529413
n15491,0.17647058823529413
n18068,0.0
n19136,0.3333333333333333
n1331,0.05263157894736842
n7693,0.1111111111111111
n15654,0.05263157894736842
n18195,0.1111111111111111
n16723,0.25
n9122,0.1111111111111111
n2158,0.0
n7411,0.17647058823529413
n8202,0.0
n14101,0.05263157894736842
n22275,0.0
n18960,0.17647058823529413
n1065,0.17647058823529413
n839,0.0
n15450,0.1111111111111111
n7946,0.0
n9644,0.0
n11791,0.1111111111111111
n748,0.05263157894736842
n9228,0.0
n5534,0.0
n8157,0.05263157894736842
n8084,0.0
n15247,0.0
n20677,0.0
n8272,0.1111111111111111
n6085,0.0
n6863,0.05263157894736842
n1832,0.0
n12772,0.0
n14936,0.05263157894736842
n14723,0.0
n166,0.05263157894736842
n2181,0.05263157894736842
n6678,0.0
n2755,0.17647058823529413
n20354,0.05263157894736842
n2424,0.3333333333333333
n3561,0.05263157894736842
n20491,0.0
n13954,0.3333333333333333
n14758,0.0
n15896,0.0
n15304,0.25
n17481,0.17647058823529413
n2196,0.3333333333333333
n13797,0.05263157894736842
n19390,0.0
n20740,0.25
n6051,0.05263157894736842
n9460,0.1111111111111111
n4075,0.0
n9700,0.05263157894736842
n17725,0.0
n21703,0.05263157894736842
n4926,0.05263157894736842
n22819,0.25
n7162,0.25
n11977,0.0
n21646,0.05263157894736842
n12553,0.05263157894736842
n16772,0.1111111111111111
n9760,0.05263157894736842
n15870,0.1111111111111111
n22232,0.0
n12466,0.05263157894736842
n18012,0.05263157894736842
n6136,0.0
n15114,0.05263157894736842
n20403,0.0
n20705,0.1111111111111111
n12526,0.05263157894736842
n17670,0.0
n15644,0.1111111111111111
n2454,0.05263157894736842
n1681,0.1111111111111111
n21199,0.0
n2610,0.1111111111111111
n2036,0.0
n17086,0.0
n9102,0.05263157894736842
n19360,0.1111111111111111
n15343,0.17647058823529413
n3980,0.1111111111111111
n17248,0.05263157894736842
n17457,0.0
n11566,0.05263157894736842
n19047,0.05263157894736842
n8661,0.05263157894736842
n22059,0.05263157894736842
n16496,0.0
n158,0.0
n6683,0.3333333333333333
n1384,0.1111111111111111
n22768,0.0
n22572,0.0
n7017,0.1111111111111111
n20143,0.1111111111111111
n11720,0.1111111111111111
n5175,0.05263157894736842
n16566,0.17647058823529413
n13233,0.05263157894736842
n9249,0.17647058823529413
n13799,0.05263157894736842
n6162,0.1111111111111111
n21762,0.0
n1182,0.17647058823529413
n18651,0.1111111111111111
n7067,0.05263157894736842
n1774,0.0
n10402,0.25
n2402,0.05263157894736842
n10467,0.1111111111111111
n13439,0.17647058823529413
n11192,0.25
n17139,0.0
n20865,0.0
n13454,0.1111111111111111
n11966,0.05263157894736842
n19272,0.1111111111111111
n16218,0.1111111111111111
n15105,0.05263157894736842
n7404,0.05263157894736842
n21239,0.0
n2169,0.17647058823529413
n2027,0.05263157894736842
n17210,0.1111111111111111
n19635,0.3333333333333333
n10684,0.1111111111111111
n20713,0.0
n2348,0.05263157894736842
n11361,0.05263157894736842
n7910,0.17647058823529413
n7938,0.05263157894736842
n7329,0.05263157894736842
n17219,0.1111111111111111
n21333,0.25
n9634,0.05263157894736842
n21749,0.05263157894736842
n16212,0.05263157894736842
n3415,0.05263157894736842
n8588,0.05263157894736842
n21223,0.17647058823529413
n22356,0.05263157894736842
n18411,0.05263157894736842
n15681,0.17647058823529413
n2838,0.05263157894736842
n2380,0.05263157894736842
n3290,0.0
n4481,0.17647058823529413
n20750,0.05263157894736842
n6514,0.05263157894736842
n9279,0.0
n14992,0.0
n1006,0.17647058823529413
n7943,0.0
n7768,0.1111111111111111
n15605,0.05263157894736842
n11968,0.0
n12753,0.05263157894736842
n15657,0.1111111111111111
n14536,0.05263157894736842
n16478,0.0
n15669,0.0
n10763,0.0
n5207,0.0
n8143,0.05263157894736842
n9108,0.17647058823529413
n11975,0.05263157894736842
n16828,0.05263157894736842
n9214,0.05263157894736842
n21720,0.05263157894736842
n14461,0.05263157894736842
n2381,0.0
n15543,0.1111111111111111
n8842,0.05263157894736842
n4609,0.1111111111111111
n16046,0.05263157894736842
n4582,0.1111111111111111
n7711,0.05263157894736842
n17079,0.05263157894736842
n19553,0.1111111111111111
n9849,0.25
n15345,0.05263157894736842
n16864,0.0
n11998,0.0
n19986,0.17647058823529413
n1122,0.0
n16909,0.05263157894736842
n14182,0.17647058823529413
n21080,0.1111111111111111
n13972,0.1111111111111111
n13570,0.05263157894736842
n5508,0.1111111111111111
n7127,0.0
n18197,0.17647058823529413
n20292,0.0
n19712,0.1111111111111111
n1490,0.05263157894736842
n1432,0.05263157894736842
n3406,0.1111111111111111
n8564,0.0
n2737,0.1111111111111111
n4493,0.25
n18370,0.0
n4250,0.17647058823529413
n11979,0.1111111111111111
n16187,0.0
n19197,0.1111111111111111
n1116,0.17647058823529413
n5527,0.17647058823529413
n21040,0.05263157894736842
n11904,0.0
n14321,0.17647058823529413
n11787,0.0
n14568,0.25
n6828,0.17647058823529413
n18564,0.25
n22534,0.17647058823529413
n21141,0.0
n21969,0.17647058823529413
n684,0.1111111111111111
n19289,0.05263157894736842
n556,0.05263157894736842
n8676,0.25
n15536,0.25
n21418,0.17647058823529413
n9935,0.0
n9077,0.0
n4491,0.42857142857142855
n16230,0.1111111111111111
n3678,0.05263157894736842
n5885,0.42857142857142855
n20940,0.0
n5136,0.05263157894736842
n6925,0.0
n17299,0.05263157894736842
n4033,0.05263157894736842
n335,0.05263157894736842
n502,0.0
n4115,0.0
n14496,0.0
n17271,0.05263157894736842
n10301,0.1111111111111111
n4959,0.1111111111111111
n5520,0.25
n15759,0.1111111111111111
n13738,0.0
n3421,0.0
n6838,0.05263157894736842
n18732,0.05263157894736842
n20439,0.0
n21284,0.05263157894736842
n7052,0.0
n7662,0.0
n10060,0.05263157894736842
n16326,0.1111111111111111
n19053,0.05263157894736842
n8512,0.1111111111111111
n464,0.0
n3886,0.17647058823529413
n6800,0.05263157894736842
n12842,0.0
n13982,0.1111111111111111
n17587,0.1111111111111111
n18599,0.17647058823529413
n4612,0.3333333333333333
n22400,0.0
n10559,0.1111111111111111
n20314,0.3333333333333333
n9781,0.0
n17097,0.0
n6671,0.1111111111111111
n9321,0.0
n10408,0.0
n15797,0.17647058823529413
n20445,0.05263157894736842
n3790,0.0
n15401,0.17647058823529413
n22299,0.1111111111111111
n858,0.25
n8643,0.0
n15607,0.0
n1698,0.0
n1504,0.05263157894736842
n11247,0.17647058823529413
n18628,0.0
n766,0.0
n8275,0.05263157894736842
n4420,0.05263157894736842
n19357,0.0
n4531,0.05263157894736842
n13933,0.0
n4831,0.5384615384615384
n11799,0.05263157894736842
n10219,0.0
n13091,0.0
n13721,0.25
n11895,0.0
n10244,0.0
n7747,0.0
n1724,0.1111111111111111
n4164,0.0
n17145,0.05263157894736842
n22014,0.05263157894736842
n754,0.05263157894736842
n2487,0.05263157894736842
n22244,0.25
n7048,0.1111111111111111
n3390,0.0
n21825,0.25
n15879,0.0
n14216,0.05263157894736842
n6569,0.0
n5040,0.05263157894736842
n18241,0.05263157894736842
n3782,0.05263157894736842
n21855,0.0
n16927,0.05263157894736842
n10951,0.1111111111111111
n5285,0.25
n18985,0.05263157894736842
n12376,0.05263157894736842
n14141,0.05263157894736842
n18090,0.05263157894736842
n20185,0.17647058823529413
n20877,0.05263157894736842
n17517,0.0
n7320,0.1111111111111111
n22360,0.05263157894736842
n6457,0.17647058823529413
n10476,0.05263157894736842
n15418,0.0
n608,0.25
n18633,0.1111111111111111
n1540,0.0
n22429,0.1111111111111111
n19514,0.0
n21172,0.05263157894736842
n3910,0.1111111111111111
n4162,0.05263157894736842
n15847,0.3333333333333333
n596,0.17647058823529413
n13395,0.0
n15988,0.05263157894736842
n6976,0.1111111111111111
n15875,0.25
n18318,0.1111111111111111
n16870,0.25
n18216,0.05263157894736842
n18677,0.05263157894736842
n16722,0.05263157894736842
n20496,0.05263157894736842
n22257,0.1111111111111111
n13672,0.05263157894736842
n8552,0.0
n15595,0.0
n533,0.0
n15852,0.17647058823529413
n10169,0.05263157894736842
n18084,0.0
n4808,0.17647058823529413
n18234,0.05263157894736842
n8975,0.0
n7160,0.05263157894736842
n4503,0.3333333333333333
n845,0.0
n14183,0.05263157894736842
n14385,0.0
n5332,0.0
n10137,0.0
n14408,0.25
n6546,0.0
n20908,0.05263157894736842
n21870,0.0
n9789,0.3333333333333333
n12919,0.05263157894736842
n4536,0.17647058823529413
n13796,0.1111111111111111
n11793,0.17647058823529413
n261,0.3333333333333333
n4434,0.0
n7868,0.0
n7141,0.1111111111111111
n20851,0.0
n3800,0.25
n1457,0.05263157894736842
n9265,0.0
n14354,0.05263157894736842
n9210,0.05263157894736842
n21387,0.05263157894736842
n5640,0.3333333333333333
n2209,0.1111111111111111
n10859,0.0
n4362,0.25
n16049,0.05263157894736842
n13574,0.0
n6424,0.05263157894736842
n1304,0.1111111111111111
n1109,0.0
n13333,0.25
n18211,0.3333333333333333
n19270,0.1111111111111111
n9039,0.1111111111111111
n5467,0.3333333333333333
n15501,0.25
n21473,0.0
n2003,0.25
n1333,0.1111111111111111
n4967,0.05263157894736842
n6309,0.0
n15957,0.25
n21604,0.0
n1704,0.0
n14678,0.0
n22383,0.0
n11238,0.42857142857142855
n1409,0.25
n3423,0.05263157894736842
n17022,0.05263157894736842
n18944,0.42857142857142855
n12475,0.0
n293,0.42857142857142855
n6784,0.0
n10202,0.05263157894736842
n22927,0.0
n11246,0.1111111111111111
n16629,0.17647058823529413
n15767,0.05263157894736842
n12354,0.1111111111111111
n13467,0.17647058823529413
n3335,0.05263157894736842
n9878,0.17647058823529413
n11468,0.05263157894736842
n6522,0.0
n9367,0.1111111111111111
n22929,0.1111111111111111
n11920,0.0
n5739,0.0
n5104,0.1111111111111111
n16372,0.1111111111111111
n8413,0.05263157894736842
n6834,0.05263157894736842
n19875,0.05263157894736842
n16869,0.05263157894736842
n373,0.25
n10459,0.0
n12479,0.25
n14297,0.0
n14675,0.05263157894736842
n18252,0.25
n1514,0.1111111111111111
n3550,0.5384615384615384
n7417,0.05263157894736842
n6728,0.25
n21462,0.17647058823529413
n5102,0.0
n6361,0.0
n9432,0.25
n15849,0.17647058823529413
n13802,0.1111111111111111
n15717,0.05263157894736842
n6339,0.05263157894736842
n18772,0.05263157894736842
n10119,0.0
n10530,0.17647058823529413
n1720,0.0
n10345,0.05263157894736842
n20108,0.05263157894736842
n20760,0.05263157894736842
n4475,0.0
n12958,0.25
n16984,0.1111111111111111
n18763,0.17647058823529413
n17007,0.05263157894736842
n1810,0.1111111111111111
n3955,0.0
n22883,0.1111111111111111
n9697,0.1111111111111111
n10563,0.0
n4977,0.0
n10150,0.1111111111111111
n17435,0.1111111111111111
n19193,0.1111111111111111
n6210,0.1111111111111111
n8795,0.05263157894736842
