node_id,jaccard
n13723,0.1111111111111111
n603,0.0
n1734,0.17647058823529413
n13300,0.0
n18769,0.05263157894736842
n20315,0.1111111111111111
n179,0.0
n18959,0.3333333333333333
n14668,0.17647058823529413
n570,0.17647058823529413
n7787,0.0
n18547,0.17647058823529413
n3093,0.1111111111111111
n6047,0.1111111111111111
n14399,0.17647058823529413
n14486,0.25
n12732,0.0
n11997,0.0
n5518,0.6666666666666666
n18152,0.17647058823529413
n2394,0.05263157894736842
n7920,0.05263157894736842
n9645,0.25
n5082,0.0
n15397,0.05263157894736842
n18676,0.0
n21388,0.05263157894736842
n16000,0.05263157894736842
n21478,0.0
n16950,0.0
n14212,0.1111111111111111
n18824,0.05263157894736842
n6985,0.05263157894736842
n11802,0.05263157894736842
n12434,0.0
n14941,0.17647058823529413
n10649,0.25
n14675,0.05263157894736842
n2343,0.0
n12170,0.17647058823529413
n6386,0.0
n19233,0.17647058823529413
n16394,0.05263157894736842
n553,0.17647058823529413
n541,0.3333333333333333
n8196,0.0
n17892,0.05263157894736842
n11246,0.25
n12544,0.25
n13765,0.1111111111111111
n1684,0.05263157894736842
n8421,0.1111111111111111
n14373,0.0
n4606,0.0
n12401,0.25
n17024,0.17647058823529413
n10731,0.3333333333333333
n4469,0.05263157894736842
n18888,0.25
n19258,0.0
n8117,0.17647058823529413
n3855,0.17647058823529413
n13849,0.05263157894736842
n2055,0.05263157894736842
n7768,0.0
n8563,0.0
n3397,0.0
n10660,0.1111111111111111
n1825,0.05263157894736842
n19105,0.05263157894736842
n17508,0.0
n12645,0.05263157894736842
n4483,0.05263157894736842
n18027,0.1111111111111111
n15602,0.0
n13965,0.05263157894736842
n2064,0.17647058823529413
n15865,0.05263157894736842
n10609,0.3333333333333333
n9678,0.0
n4757,0.1111111111111111
n13870,0.5384615384615384
n14596,0.17647058823529413
n145,0.25
n18862,0.1111111111111111
n7640,0.17647058823529413
n20902,0.0
n13863,0.17647058823529413
n1816,0.05263157894736842
n13339,0.05263157894736842
n3231,0.0
n5949,0.17647058823529413
n11184,0.1111111111111111
n17136,0.1111111111111111
n15779,0.1111111111111111
n15789,0.5384615384615384
n5289,0.0
n562,0.0
n18165,0.0
n21431,0.05263157894736842
n21708,0.17647058823529413
n5105,0.05263157894736842
n16362,0.1111111111111111
n8940,0.05263157894736842
n1391,0.05263157894736842
n22002,0.1111111111111111
n15853,0.05263157894736842
n20480,0.0
n473,0.0
n13668,0.17647058823529413
n19074,0.25
n1445,0.0
n3899,0.0
n20021,0.25
n10031,0.0
n20687,0.1111111111111111
n13782,0.05263157894736842
n2108,0.0
n9379,0.1111111111111111
n14210,0.1111111111111111
n6145,0.25
n19097,0.0
n8144,0.1111111111111111
n11560,0.05263157894736842
n10618,0.05263157894736842
n2592,0.0
n19061,0.05263157894736842
n14226,0.05263157894736842
n1538,0.05263157894736842
n6251,0.05263157894736842
n20666,0.25
n4519,0.05263157894736842
n5187,0.1111111111111111
n6438,0.0
n17918,0.0
n17706,0.1111111111111111
n16201,0.05263157894736842
n18014,0.05263157894736842
n15138,0.1111111111111111
n15859,0.1111111111111111
n1371,0.1111111111111111
n1762,0.1111111111111111
n7648,0.05263157894736842
n9408,0.0
n12876,0.1111111111111111
n19087,0.17647058823529413
n18728,0.05263157894736842
n2102,0.25
n8441,0.0
n4492,0.1111111111111111
n8627,0.05263157894736842
n6637,0.0
n11876,0.05263157894736842
n20834,0.05263157894736842
n6996,0.0
n21141,0.0
n1892,0.0
n3246,0.0
n11047,0.17647058823529413
n16212,0.05263157894736842
n19756,0.0
n10547,0.05263157894736842
n18919,0.42857142857142855
n9705,0.0
n10105,0.05263157894736842
n6469,0.0
n12235,0.1111111111111111
n22350,0.05263157894736842
n10578,0.1111111111111111
n13753,0.0
n148,0.25
n20991,0.0
n5083,0.25
n11292,0.17647058823529413
n19025,0.0
n1314,0.1111111111111111
n12395,0.05263157894736842
n11411,0.17647058823529413
n7706,0.05263157894736842
n3364,0.17647058823529413
n9791,0.3333333333333333
n1770,0.0
n19732,0.1111111111111111
n4598,0.17647058823529413
n5865,0.05263157894736842
n17721,0.1111111111111111
n15629,0.1111111111111111
n14588,0.1111111111111111
n21544,0.0
n11663,0.05263157894736842
n3587,0.3333333333333333
n17256,0.0
n17576,0.05263157894736842
n21007,0.1111111111111111
n20929,0.05263157894736842
n4357,0.17647058823529413
n10393,0.1111111111111111
n13599,0.05263157894736842
n12436,0.0
n17566,0.1111111111111111
n18913,0.05263157894736842
n7938,0.25
n6690,0.3333333333333333
n15518,0.0
n10527,0.0
n10920,0.05263157894736842
n2213,0.0
n7821,0.05263157894736842
n17725,0.0
n11923,0.1111111111111111
n2295,0.3333333333333333
n6635,0.17647058823529413
n547,0.05263157894736842
n5332,0.0
n6184,0.1111111111111111
n7135,0.1111111111111111
n18592,0.17647058823529413
n10446,0.0
n11108,0.17647058823529413
n519,0.17647058823529413
n3484,0.0
n21119,0.0
n11520,0.05263157894736842
n11879,0.1111111111111111
n3281,0.17647058823529413
n11642,0.17647058823529413
n10593,0.25
n11490,0.05263157894736842
n19101,0.1111111111111111
n7738,0.0
n18230,0.0
n22166,0.0
n12247,0.17647058823529413
n22018,0.05263157894736842
n6392,0.0
n16239,0.0
n4337,0.05263157894736842
n13744,0.3333333333333333
n4891,0.1111111111111111
n10592,0.1111111111111111
n11146,0.05263157894736842
n2706,0.25
n9526,0.1111111111111111
n4058,0.0
n10830,0.05263157894736842
n10880,0.05263157894736842
n20860,0.05263157894736842
n14906,0.42857142857142855
n1778,0.17647058823529413
n15621,0.1111111111111111
n18227,0.05263157894736842
n19905,0.05263157894736842
n4920,0.3333333333333333
n22869,0.05263157894736842
n18246,0.1111111111111111
n9698,0.05263157894736842
n9188,0.25
n6742,0.05263157894736842
n4293,0.05263157894736842
n12431,0.05263157894736842
n11677,0.0
n10695,0.05263157894736842
n14886,0.25
n15379,0.1111111111111111
n11681,0.05263157894736842
n11361,0.1111111111111111
n14954,0.0
n17669,0.1111111111111111
n21971,0.05263157894736842
n1832,0.0
n1925,0.17647058823529413
n11755,0.0
n1873,0.05263157894736842
n20210,0.0
n994,0.1111111111111111
n16775,0.17647058823529413
n6971,0.17647058823529413
n11315,0.0
n1177,0.3333333333333333
n16202,0.3333333333333333
n7816,0.0
n19535,0.05263157894736842
n11747,0.1111111111111111
n20067,0.17647058823529413
n10330,0.1111111111111111
n16380,0.05263157894736842
n12419,0.05263157894736842
n6341,0.25
n3959,0.05263157894736842
n1362,0.05263157894736842
n4137,0.42857142857142855
n12155,0.05263157894736842
n14132,0.05263157894736842
n4148,0.05263157894736842
n18190,0.1111111111111111
n3032,0.17647058823529413
n19156,0.17647058823529413
n20072,0.0
n22864,0.17647058823529413
n16560,0.05263157894736842
n17981,0.05263157894736842
n18243,0.1111111111111111
n19128,0.05263157894736842
n3807,0.0
n8200,0.0
n15329,0.25
n1588,0.0
n7754,0.05263157894736842
n6855,0.0
n6771,0.42857142857142855
n7708,0.05263157894736842
n16562,0.17647058823529413
n11111,0.42857142857142855
n331,0.25
n21313,0.5384615384615384
n12510,0.05263157894736842
n11232,0.0
n21212,0.1111111111111111
n4117,0.0
n20960,0.0
n4390,0.0
n1602,0.17647058823529413
n19202,0.25
n12237,0.0
n21645,0.1111111111111111
n11799,0.1111111111111111
n6563,0.17647058823529413
n14550,0.17647058823529413
n22696,0.17647058823529413
n6518,0.0
n3098,0.1111111111111111
n12352,0.25
n279,0.25
n18193,0.3333333333333333
n1847,0.17647058823529413
n9123,0.0
n13539,0.05263157894736842
n7792,0.25
n19706,0.0
n9737,0.05263157894736842
n12418,0.05263157894736842
n17149,0.05263157894736842
n14116,0.0
n5493,0.05263157894736842
n15695,0.05263157894736842
n16890,0.25
n10548,0.25
n14964,0.1111111111111111
n17096,0.17647058823529413
n9675,0.1111111111111111
n13336,0.0
n4332,0.0
n10528,0.05263157894736842
n16118,0.0
n21379,0.0
n18675,0.1111111111111111
n18897,0.05263157894736842
n15902,0.17647058823529413
n19392,0.0
n3649,0.05263157894736842
n6620,0.3333333333333333
n9978,0.0
n17950,0.17647058823529413
n2883,0.25
n13355,0.42857142857142855
n7945,0.25
n19868,0.05263157894736842
n6863,0.0
n7652,0.3333333333333333
n13910,0.25
n2712,0.17647058823529413
n6426,0.05263157894736842
n20327,0.0
n11219,0.17647058823529413
n550,0.17647058823529413
n6918,0.25
n4688,0.3333333333333333
n18392,0.0
n14780,0.05263157894736842
n17163,0.0
n21091,0.05263157894736842
n22827,0.1111111111111111
n3502,0.0
n4214,0.17647058823529413
n18160,0.42857142857142855
n14533,0.05263157894736842
n14829,0.05263157894736842
n11941,0.17647058823529413
n10540,0.17647058823529413
n14219,0.0
n15471,0.1111111111111111
n14095,0.0
n8752,0.1111111111111111
n10022,0.17647058823529413
n7623,0.05263157894736842
n3904,0.0
n10145,0.3333333333333333
n18253,0.0
n5406,0.1111111111111111
n8707,0.0
n17621,0.17647058823529413
n7160,0.0
n8669,0.42857142857142855
n13987,0.1111111111111111
n17178,0.17647058823529413
n19984,0.0
n14802,0.17647058823529413
n16912,0.0
n18680,0.3333333333333333
n20842,0.0
n21723,0.17647058823529413
n2107,0.05263157894736842
n9734,0.0
n4380,0.17647058823529413
n7896,0.0
n10004,0.0
n19180,0.17647058823529413
n20851,0.0
n15268,0.05263157894736842
n20273,0.0
n1732,0.3333333333333333
n12541,0.1111111111111111
n17814,0.0
n22305,0.1111111111111111
n11165,0.05263157894736842
n2071,0.05263157894736842
n11153,0.1111111111111111
n7002,0.0
n13754,0.05263157894736842
n14883,0.05263157894736842
n18632,0.0
n7262,0.0
n5014,0.1111111111111111
n19805,0.25
n7175,0.0
n17379,0.1111111111111111
n15661,0.0
n15738,0.3333333333333333
n15411,0.17647058823529413
n14918,0.25
n18995,0.1111111111111111
n9637,0.05263157894736842
n18058,0.0
n9227,0.1111111111111111
n10410,0.0
n2512,0.05263157894736842
n11161,0.0
n15927,0.25
n16848,0.0
n4758,0.25
n2304,0.05263157894736842
n20181,0.1111111111111111
n7843,0.0
n16121,0.42857142857142855
n19160,0.42857142857142855
n9109,0.42857142857142855
n14744,0.0
n20998,0.0
n12397,0.25
n21747,0.05263157894736842
n20891,0.17647058823529413
n6099,0.25
n21481,0.0
n1934,0.05263157894736842
n3157,0.0
n16540,0.05263157894736842
n5026,0.05263157894736842
n14073,0.17647058823529413
n8091,0.0
n9052,0.0
n10361,0.1111111111111111
n9181,0.0
n11294,0.0
n5658,0.0
n1523,0.1111111111111111
n6339,0.0
n8285,0.17647058823529413
n8474,0.05263157894736842
n9301,0.1111111111111111
n22621,0.17647058823529413
n3407,0.05263157894736842
n337,0.05263157894736842
n7608,0.05263157894736842
n4171,0.3333333333333333
n20962,0.05263157894736842
n11926,0.25
n9247,0.1111111111111111
n18170,0.0
n3319,0.0
n10834,0.0
n17653,0.25
n3066,0.5384615384615384
n3908,0.1111111111111111
n9773,0.1111111111111111
n13771,0.05263157894736842
n9076,0.05263157894736842
n16905,0.0
n1782,0.0
n13379,0.0
n2826,0.17647058823529413
n19587,0.05263157894736842
n4231,0.0
n21720,0.05263157894736842
n15500,0.0
n18531,0.05263157894736842
n21090,0.0
n6013,0.1111111111111111
n5741,0.25
n17963,0.05263157894736842
n20487,0.1111111111111111
n1386,0.05263157894736842
n8850,0.17647058823529413
n16154,0.1111111111111111
n8135,0.0
n19096,0.05263157894736842
n9937,0.1111111111111111
n7926,0.05263157894736842
n11698,0.1111111111111111
n1125,0.1111111111111111
n13865,0.17647058823529413
n16488,0.05263157894736842
n4402,0.05263157894736842
n11922,0.25
n8578,0.42857142857142855
n3041,0.1111111111111111
n11297,0.05263157894736842
n14893,0.0
n18825,0.17647058823529413
n5128,0.0
n10076,0.0
n6421,0.1111111111111111
n18004,0.1111111111111111
n13364,0.0
n19216,0.0
n15871,0.17647058823529413
n10345,0.1111111111111111
n7197,0.0
n9429,0.25
n15719,0.0
n5006,0.42857142857142855
n14370,0.1111111111111111
n15967,0.1111111111111111
n5158,0.1111111111111111
n2168,0.17647058823529413
n11274,0.0
n10132,0.1111111111111111
n1853,0.0
n4218,0.05263157894736842
n11735,0.0
n15757,0.05263157894736842
n16243,0.17647058823529413
n6020,0.05263157894736842
n10219,0.1111111111111111
n1470,0.0
n10376,0.0
n17714,0.0
n19196,0.3333333333333333
n18823,0.17647058823529413
n10083,0.05263157894736842
n21110,0.0
n13350,0.0
n1730,0.3333333333333333
n1712,0.1111111111111111
n8927,0.05263157894736842
n2182,0.0
n2075,0.0
n1564,0.0
n12344,0.0
n352,0.0
n10821,0.05263157894736842
n1514,0.25
n6821,0.1111111111111111
n15809,0.0
n13739,0.1111111111111111
n15494,0.0
n5009,0.05263157894736842
n21046,0.0
n18354,0.1111111111111111
n6306,0.05263157894736842
n14049,0.05263157894736842
n9418,0.0
n9221,0.0
n20901,0.3333333333333333
n18880,0.05263157894736842
n6908,0.0
n8096,0.5384615384615384
n6375,0.25
n66,0.17647058823529413
n1607,0.25
n19738,0.1111111111111111
n21616,0.0
n6714,0.05263157894736842
n6494,0.05263157894736842
n11205,0.0
n6936,0.0
n16188,0.05263157894736842
n22351,0.0
n6028,0.0
n15524,0.17647058823529413
n10056,0.05263157894736842
n4249,0.0
n4988,0.1111111111111111
n5008,0.05263157894736842
n21327,0.05263157894736842
n11145,0.0
n10804,0.05263157894736842
n8913,0.3333333333333333
n3019,0.25
n6128,0.1111111111111111
n16690,0.3333333333333333
n13731,0.0
n22781,0.1111111111111111
n4838,0.05263157894736842
n6290,0.25
n11761,0.1111111111111111
n19387,0.0
n12405,0.17647058823529413
n20048,0.05263157894736842
n19022,0.17647058823529413
n12647,0.0
n6314,0.25
n2483,0.0
n4523,0.0
n22318,0.0
n9812,0.05263157894736842
n20782,0.0
n11678,0.0
n21985,0.17647058823529413
n11157,0.0
n2010,0.1111111111111111
n10594,0.0
n20676,0.1111111111111111
n18854,0.0
n7657,0.0
n12236,0.0
n9207,0.1111111111111111
n17009,0.25
n801,0.05263157894736842
n10544,0.1111111111111111
n16975,0.05263157894736842
n11056,0.25
n133,0.1111111111111111
n19759,0.0
n14084,0.17647058823529413
n19408,0.05263157894736842
n7147,0.0
n8488,0.17647058823529413
n18094,0.0
n18215,0.05263157894736842
n6051,0.17647058823529413
n11756,0.42857142857142855
n15716,0.05263157894736842
n3681,0.25
n5934,0.17647058823529413
n21039,0.0
n11764,0.25
n20802,0.3333333333333333
n4429,0.05263157894736842
n11324,0.05263157894736842
n13316,0.17647058823529413
n15830,0.3333333333333333
n20993,0.0
n8090,0.1111111111111111
n21446,0.1111111111111111
n311,0.17647058823529413
n22001,0.05263157894736842
n3485,0.05263157894736842
n22622,0.17647058823529413
n6639,0.17647058823529413
n11144,0.1111111111111111
n21408,0.1111111111111111
n7277,0.1111111111111111
n12047,0.05263157894736842
n613,0.0
n22335,0.17647058823529413
n19151,0.05263157894736842
n15511,0.0
n11220,0.3333333333333333
n14092,0.0
n18697,0.0
n5600,0.25
n18062,0.0
n18623,0.05263157894736842
n6138,0.1111111111111111
n13574,0.0
n15569,0.0
n15811,0.05263157894736842
n14264,0.05263157894736842
n8410,0.0
n10389,0.25
n3714,0.17647058823529413
n13357,0.1111111111111111
n15828,0.25
n16711,0.17647058823529413
n21361,0.05263157894736842
n6693,0.3333333333333333
n12426,0.05263157894736842
n17183,0.0
n18997,0.0
n6691,0.05263157894736842
n20793,0.05263157894736842
n9732,0.0
n11264,0.1111111111111111
n14196,0.1111111111111111
n19733,0.05263157894736842
n13536,0.0
n1844,0.0
n4907,0.17647058823529413
n8599,0.5384615384615384
n21343,0.05263157894736842
n4135,0.0
n4881,0.17647058823529413
n20645,0.1111111111111111
n9131,0.0
n4415,0.05263157894736842
n13333,0.17647058823529413
n20169,0.1111111111111111
n12369,0.17647058823529413
n15614,0.1111111111111111
n21393,0.1111111111111111
n9543,0.0
n19207,0.25
n7008,0.05263157894736842
n679,0.0
n20800,0.0
n4076,0.05263157894736842
n8509,0.05263157894736842
n9471,0.17647058823529413
n20912,0.05263157894736842
n11509,0.25
n14852,0.17647058823529413
n17941,0.0
n3284,0.0
n17987,0.25
n15722,0.1111111111111111
n18907,0.3333333333333333
n20474,0.1111111111111111
n8139,0.17647058823529413
n2688,0.17647058823529413
n4264,0.05263157894736842
n7400,0.25
n5680,0.3333333333333333
n2355,0.0
n674,0.0
n14951,0.3333333333333333
n4814,0.0
n20343,0.05263157894736842
n21384,0.05263157894736842
n22615,0.05263157894736842
n4287,0.17647058823529413
n14209,0.05263157894736842
n16836,0.05263157894736842
n18288,0.05263157894736842
n21214,0.0
n5571,0.0
n4754,0.3333333333333333
n8888,0.1111111111111111
n11571,0.17647058823529413
n5073,0.17647058823529413
n15845,0.17647058823529413
n13452,0.3333333333333333
n14072,0.05263157894736842
n21323,0.0
n6308,0.05263157894736842
n19261,0.1111111111111111
n16,0.05263157894736842
n22540,0.1111111111111111
n10401,0.05263157894736842
n13728,0.05263157894736842
n17368,0.3333333333333333
n21378,0.0
n13326,0.1111111111111111
n16764,0.1111111111111111
n18349,0.0
n6764,0.05263157894736842
n8376,0.1111111111111111
n4525,0.1111111111111111
n1866,0.1111111111111111
n2605,0.0
n12242,0.05263157894736842
n12916,0.3333333333333333
n1893,0.0
n14378,0.0
n21525,0.1111111111111111
n18934,0.1111111111111111
n101,0.17647058823529413
n14345,0.0
n22865,0.17647058823529413
n16961,0.1111111111111111
n15605,0.0
n4712,0.0
n9499,0.17647058823529413
n17720,0.05263157894736842
n16018,0.0
n13808,0.25
n8897,0.17647058823529413
n2787,0.05263157894736842
n8671,0.1111111111111111
n3056,0.05263157894736842
n2736,0.25
n6462,0.1111111111111111
n10342,0.0
n12548,0.3333333333333333
n9768,0.17647058823529413
n6326,0.17647058823529413
n6875,0.05263157894736842
n12988,0.1111111111111111
n3969,0.1111111111111111
n20944,0.05263157894736842
n14154,0.3333333333333333
n14962,0.0
n20799,0.0
n17627,0.05263157894736842
n19038,0.0
n6596,0.1111111111111111
n13654,0.25
n6117,0.25
n7498,0.25
n6330,0.25
n17765,0.05263157894736842
n9420,0.25
n17374,0.17647058823529413
n1491,0.0
n17959,0.0
n4212,0.0
n9598,0.05263157894736842
n14796,0.42857142857142855
n17189,0.0
n4951,0.1111111111111111
n16873,0.1111111111111111
n20398,0.17647058823529413
n3932,0.17647058823529413
n16480,0.05263157894736842
n2707,0.1111111111111111
n13862,0.3333333333333333
n6773,0.05263157894736842
n22382,0.0
n16696,0.17647058823529413
n12346,0.1111111111111111
n5016,0.0
n5032,0.1111111111111111
n6369,0.05263157894736842
n17421,0.25
n10512,0.05263157894736842
n8840,0.25
n10038,0.05263157894736842
n13962,0.17647058823529413
n8015,0.3333333333333333
n10046,0.17647058823529413
n14786,0.3333333333333333
n3030,0.1111111111111111
n20803,0.0
n8799,0.0
n11975,0.05263157894736842
n8858,0.17647058823529413
n1687,0.1111111111111111
n8540,0.5384615384615384
n9866,0.17647058823529413
n10411,0.1111111111111111
n3158,0.0
n21365,0.1111111111111111
n17837,0.05263157894736842
n10702,0.0
n16254,0.0
n14141,0.05263157894736842
n1658,0.0
n1344,0.0
n17253,0.25
n14149,0.0
n18218,0.0
n21428,0.05263157894736842
n7699,0.0
n9122,0.05263157894736842
n5564,0.1111111111111111
n20928,0.1111111111111111
n17914,0.25
n22704,0.0
n10176,0.0
n15766,0.0
n1461,0.3333333333333333
n616,0.3333333333333333
n10653,0.1111111111111111
n21387,0.0
n15667,0.05263157894736842
n13437,0.05263157894736842
n7007,0.0
n10250,0.05263157894736842
n7090,0.05263157894736842
n21311,0.05263157894736842
n16929,0.17647058823529413
n3381,0.17647058823529413
n11556,0.25
n13006,0.0
n8209,0.0
n10079,0.0
n1590,0.25
n14945,0.0
n17849,0.1111111111111111
n11905,0.05263157894736842
n18184,0.1111111111111111
n6243,0.05263157894736842
n21694,0.0
n21035,0.42857142857142855
n12017,0.3333333333333333
n20797,0.1111111111111111
n9760,0.0
n8507,0.17647058823529413
n11892,0.05263157894736842
n13328,0.17647058823529413
n17966,0.1111111111111111
n10651,0.25
n1913,0.17647058823529413
n18811,0.25
n8502,0.05263157894736842
n11779,0.05263157894736842
n13037,0.05263157894736842
n2283,0.0
n5285,0.17647058823529413
n10571,0.1111111111111111
n162,0.17647058823529413
n16381,0.05263157894736842
n22331,0.17647058823529413
n7221,0.05263157894736842
n20925,0.17647058823529413
n6674,0.0
n22340,0.17647058823529413
n475,0.0
n18796,0.25
n9464,0.1111111111111111
n11421,0.0
n8749,0.1111111111111111
n2204,0.17647058823529413
n7997,0.1111111111111111
n10101,0.0
n13018,0.0
n17225,0.3333333333333333
n6396,0.05263157894736842
n5599,0.17647058823529413
n18033,0.17647058823529413
n7252,0.1111111111111111
n4824,0.17647058823529413
n7859,0.3333333333333333
n4482,0.0
n9934,0.0
n21566,0.1111111111111111
n16134,0.17647058823529413
n15903,0.25
n10795,0.05263157894736842
n16603,0.17647058823529413
n15713,0.05263157894736842
n17964,0.0
n3526,0.05263157894736842
n8758,0.5384615384615384
n11154,0.05263157894736842
n11263,0.05263157894736842
n48,0.25
n8346,0.1111111111111111
n11664,0.0
n8769,0.1111111111111111
n6208,0.0
n20916,0.0
n3936,0.17647058823529413
n2907,0.1111111111111111
n7613,0.0
n15466,0.17647058823529413
n3406,0.25
n10039,0.5384615384615384
n16257,0.17647058823529413
n6542,0.25
n12700,0.1111111111111111
n15440,0.1111111111111111
n18469,0.0
n6377,0.05263157894736842
n12730,0.0
n11638,0.05263157894736842
n15920,0.1111111111111111
n5030,0.05263157894736842
n13982,0.17647058823529413
n8034,0.05263157894736842
n18804,0.05263157894736842
n4139,0.1111111111111111
n7641,0.05263157894736842
n1402,0.05263157894736842
n5488,0.0
n2903,0.25
n9776,0.0
n19205,0.17647058823529413
n10406,0.1111111111111111
n4314,0.05263157894736842
n2242,0.05263157894736842
n9892,0.1111111111111111
n14467,0.17647058823529413
n2025,0.0
n322,0.0
n4121,0.0
n9271,0.1111111111111111
n11964,0.1111111111111111
n14583,0.0
n13521,0.3333333333333333
n9146,0.0
n5951,0.0
n5399,0.25
n12512,0.0
n14038,0.17647058823529413
n9178,0.0
n8854,0.17647058823529413
n20357,0.1111111111111111
n2438,0.17647058823529413
n16881,0.05263157894736842
n6309,0.05263157894736842
n9711,0.25
n16213,0.1111111111111111
n4120,0.0
n6176,0.05263157894736842
n13763,0.0
n4979,0.05263157894736842
n19618,0.0
n9050,0.0
n20730,0.0
n13942,0.17647058823529413
n5601,0.1111111111111111
n6268,0.05263157894736842
n19042,0.0
n495,0.1111111111111111
n6645,0.1111111111111111
n1674,0.05263157894736842
n20434,0.0
n8641,0.42857142857142855
n15275,0.05263157894736842
n22232,0.0
n9189,0.1111111111111111
n9954,0.25
n13045,0.05263157894736842
n8812,0.05263157894736842
n10756,0.0
n11978,0.17647058823529413
n15850,0.05263157894736842
n21342,0.0
n11329,0.42857142857142855
n5686,0.1111111111111111
n5863,0.17647058823529413
n20090,0.05263157894736842
n7745,0.1111111111111111
n18355,0.0
n21755,0.3333333333333333
n17364,0.1111111111111111
n1625,0.42857142857142855
n11351,0.17647058823529413
n19712,0.17647058823529413
n11963,0.3333333333333333
n16561,0.0
n2653,0.05263157894736842
n9647,0.05263157894736842
n2080,0.1111111111111111
n16462,0.17647058823529413
n8123,0.17647058823529413
n22019,0.17647058823529413
n15352,0.25
n1299,0.05263157894736842
n6770,0.0
n540,0.3333333333333333
n18598,0.17647058823529413
n10141,0.1111111111111111
n11061,0.0
n11732,0.05263157894736842
n11792,0.1111111111111111
n19840,0.05263157894736842
n22197,0.05263157894736842
n17123,0.17647058823529413
n13231,0.05263157894736842
n3553,0.25
n6164,0.0
n16438,0.17647058823529413
n2408,0.0
n16205,0.05263157894736842
n164,0.05263157894736842
n349,0.05263157894736842
n8077,0.1111111111111111
n5716,0.17647058823529413
n9066,0.0
n5338,0.1111111111111111
n11231,0.42857142857142855
n14482,0.0
n14719,0.5384615384615384
n15765,0.17647058823529413
n544,0.0
n11528,0.1111111111111111
n5147,0.0
n18496,0.1111111111111111
n10205,0.1111111111111111
n3106,0.17647058823529413
n11429,0.05263157894736842
n1171,0.0
n10990,0.05263157894736842
n12773,0.42857142857142855
n17218,0.25
n17363,0.05263157894736842
n17901,0.05263157894736842
n16630,0.1111111111111111
n12878,0.05263157894736842
n21760,0.05263157894736842
n16445,0.1111111111111111
n18964,0.25
n4,0.0
n13257,0.1111111111111111
n2705,0.0
n19744,0.05263157894736842
n22859,0.1111111111111111
n15368,0.0
n1763,0.0
n15954,0.3333333333333333
n3045,0.05263157894736842
n15476,0.0
n20648,0.0
n20247,0.1111111111111111
n5352,0.0
n19764,0.05263157894736842
n21468,0.05263157894736842
n6577,0.1111111111111111
n7582,0.0
n15260,0.05263157894736842
n3026,0.5384615384615384
n19187,0.05263157894736842
n1432,0.1111111111111111
n17452,0.0
n19642,0.1111111111111111
n14815,0.17647058823529413
n21364,0.17647058823529413
n11924,0.05263157894736842
n1642,0.05263157894736842
n12974,0.0
n15994,0.05263157894736842
n2281,0.0
n4052,0.25
n15820,0.05263157894736842
n19615,0.1111111111111111
n20884,0.0
n16182,0.3333333333333333
n17128,0.05263157894736842
n3709,0.1111111111111111
n10699,0.17647058823529413
n16003,0.25
n16066,0.05263157894736842
n6880,0.05263157894736842
n17402,0.17647058823529413
n9972,0.17647058823529413
n11621,0.0
n10529,0.17647058823529413
n1302,0.25
n6680,0.17647058823529413
n1996,0.5384615384615384
n17762,0.25
n4007,0.1111111111111111
n6845,0.25
n12041,0.0
n4123,0.1111111111111111
n7662,0.0
n15749,0.0
n18298,0.17647058823529413
n12053,0.0
n11785,0.1111111111111111
n15405,0.0
n20956,0.25
n6846,0.1111111111111111
n260,0.3333333333333333
n19023,0.05263157894736842
n2765,0.0
n14629,0.05263157894736842
n10672,0.25
n14887,0.17647058823529413
n11087,0.1111111111111111
n17510,0.05263157894736842
n21009,0.05263157894736842
n4723,0.17647058823529413
n15700,0.1111111111111111
n21298,0.0
n10429,0.0
n13268,0.0
n12393,0.17647058823529413
n5534,0.0
n8593,0.1111111111111111
n11816,0.3333333333333333
n5814,0.0
n15710,0.1111111111111111
n19515,0.17647058823529413
n1752,0.17647058823529413
n6102,0.17647058823529413
n6123,0.1111111111111111
n6580,0.1111111111111111
n10764,0.1111111111111111
n10001,0.05263157894736842
n17179,0.0
n13573,0.1111111111111111
n7260,0.1111111111111111
n8326,0.25
n2726,0.25
n20448,0.1111111111111111
n2566,0.0
n17800,0.0
n20491,0.0
n16928,0.0
n11641,0.1111111111111111
n20057,0.05263157894736842
n6976,0.05263157894736842
n22841,0.17647058823529413
n19386,0.1111111111111111
n7399,0.3333333333333333
n11000,0.1111111111111111
n22388,0.05263157894736842
n19117,0.17647058823529413
n6578,0.0
n18254,0.0
n4568,0.0
n11023,0.05263157894736842
n21604,0.05263157894736842
n13579,0.0
n632,0.0
n18509,0.17647058823529413
n2714,0.05263157894736842
n13697,0.0
n22366,0.17647058823529413
n1464,0.0
n987,0.0
n7992,0.42857142857142855
n14275,0.0
n14758,0.05263157894736842
n17196,0.1111111111111111
n17654,0.3333333333333333
n16177,0.0
n10217,0.0
n11469,0.05263157894736842
n1939,0.25
n15351,0.0
n11532,0.17647058823529413
n14537,0.25
n4328,0.0
n10162,0.5384615384615384
n14875,0.05263157894736842
n7748,0.1111111111111111
n22358,0.05263157894736842
n9704,0.0
n15835,0.17647058823529413
n1207,0.17647058823529413
n17133,0.17647058823529413
n18073,0.1111111111111111
n8143,0.05263157894736842
n2183,0.25
n10496,0.1111111111111111
n15544,0.0
n6334,0.17647058823529413
n9654,0.0
n21106,0.0
n15786,0.17647058823529413
n17923,0.1111111111111111
n7425,0.1111111111111111
n11781,0.05263157894736842
n15400,0.05263157894736842
n8385,0.42857142857142855
n19989,0.05263157894736842
n22310,0.05263157894736842
n13699,0.05263157894736842
n22257,0.17647058823529413
n12297,0.1111111111111111
n15975,0.0
n20322,0.0
n9026,0.0
n19126,0.1111111111111111
n18981,0.1111111111111111
n3678,0.25
n7308,0.17647058823529413
n609,0.1111111111111111
n8457,0.42857142857142855
n15410,0.0
n2248,0.0
n10137,0.0
n4379,0.05263157894736842
n18192,0.25
n2027,0.05263157894736842
n12681,0.0
n371,0.3333333333333333
n2030,0.0
n4554,0.25
n7263,0.0
n14321,0.05263157894736842
n9969,0.25
n12661,0.0
n18933,0.0
n6708,0.42857142857142855
n16136,0.17647058823529413
n11489,0.0
n4290,0.3333333333333333
n12219,0.0
n17125,0.05263157894736842
n17790,0.05263157894736842
n5594,0.0
n7512,0.0
n13857,0.25
n13105,0.0
n13642,0.0
n18701,0.17647058823529413
n12267,0.05263157894736842
n18930,0.0
n10725,0.0
n175,0.17647058823529413
n8986,0.05263157894736842
n18768,0.17647058823529413
n2082,0.0
n21889,0.6666666666666666
n6441,0.05263157894736842
n21413,0.0
n12741,0.0
n7705,0.05263157894736842
n14309,0.0
n1729,0.3333333333333333
n21614,0.0
n16908,0.1111111111111111
n7982,0.0
n7115,0.05263157894736842
n15912,0.3333333333333333
n20612,0.0
n8434,0.1111111111111111
n20705,0.1111111111111111
n1504,0.17647058823529413
n1735,0.0
n3462,0.0
n10085,0.05263157894736842
n22147,0.1111111111111111
n6333,0.1111111111111111
n20821,0.0
n21445,0.17647058823529413
n6777,0.0
n3950,0.05263157894736842
n8698,0.5384615384615384
n8644,0.0
n10027,0.6666666666666666
n6804,0.25
n16203,0.0
n14535,0.17647058823529413
n5256,0.05263157894736842
n6883,0.3333333333333333
n3058,0.0
n5717,0.1111111111111111
n16843,0.0
n16468,0.1111111111111111
n18005,0.1111111111111111
n15768,0.05263157894736842
n16228,0.0
n16043,0.25
n1966,0.0
n6016,0.1111111111111111
n9875,0.17647058823529413
n3085,0.0
n14175,0.05263157894736842
n6294,0.1111111111111111
n11548,0.05263157894736842
n8495,0.17647058823529413
n10642,0.3333333333333333
n17617,0.17647058823529413
n17007,0.05263157894736842
n4256,0.05263157894736842
n19051,0.25
n18851,0.17647058823529413
n8424,0.17647058823529413
n13340,0.1111111111111111
n17944,0.17647058823529413
n6842,0.0
n7865,0.1111111111111111
n16091,0.1111111111111111
n16842,0.0
n3850,0.05263157894736842
n15815,0.17647058823529413
n3394,0.0
n13764,0.05263157894736842
n3769,0.0
n21223,0.05263157894736842
n4516,0.1111111111111111
n20478,0.17647058823529413
n12327,0.0
n1624,0.05263157894736842
n9782,0.3333333333333333
n7026,0.0
n22304,0.3333333333333333
n6348,0.05263157894736842
n6082,0.3333333333333333
n12186,0.0
n2621,0.1111111111111111
n6820,0.0
n12264,0.05263157894736842
n5050,0.0
n19814,0.0
n4916,0.17647058823529413
n18903,0.3333333333333333
n22387,0.1111111111111111
n13977,0.3333333333333333
n17958,0.0
n15782,0.0
n12275,0.0
n12527,0.1111111111111111
n17795,0.05263157894736842
n16320,0.0
n12159,0.05263157894736842
n19170,0.17647058823529413
n8442,0.17647058823529413
n8726,0.42857142857142855
n20094,0.0
n2066,0.17647058823529413
n3162,0.0
n18815,0.17647058823529413
n20955,0.1111111111111111
n21225,0.05263157894736842
n22373,0.17647058823529413
n4044,0.05263157894736842
n4556,0.42857142857142855
n10339,0.25
n10400,0.17647058823529413
n18749,0.05263157894736842
n1532,0.05263157894736842
n8621,0.05263157894736842
n11218,0.0
n262,0.17647058823529413
n6010,0.0
n17906,0.0
n4567,0.0
n3859,0.1111111111111111
n1929,0.05263157894736842
n7382,0.5384615384615384
n18248,0.05263157894736842
n10318,0.05263157894736842
n11228,0.25
n16543,0.25
n9960,0.1111111111111111
n11266,0.05263157894736842
n8826,0.0
n2713,0.25
n8753,0.0
n9658,0.17647058823529413
n3631,0.42857142857142855
n11847,0.3333333333333333
n1187,0.1111111111111111
n22755,0.05263157894736842
n12229,0.1111111111111111
n4318,0.1111111111111111
n5403,0.0
n9767,0.05263157894736842
n20522,0.3333333333333333
n9694,0.1111111111111111
n1339,0.25
n15269,0.0
n8512,0.1111111111111111
n2743,0.05263157894736842
n12075,0.0
n15848,0.17647058823529413
n9058,0.05263157894736842
n20983,0.05263157894736842
n2190,0.1111111111111111
n20510,0.0
n10066,0.1111111111111111
n9961,0.17647058823529413
n22829,0.0
n17315,0.42857142857142855
n2834,0.1111111111111111
n8057,0.0
n9277,0.1111111111111111
n7760,0.0
n9951,0.0
n18766,0.17647058823529413
n3673,0.0
n6457,0.25
n11647,0.42857142857142855
n12226,0.05263157894736842
n14021,0.17647058823529413
n11325,0.25
n19190,0.17647058823529413
n18952,0.3333333333333333
n15637,0.1111111111111111
n18329,0.17647058823529413
n18099,0.0
n16375,0.05263157894736842
n1949,0.3333333333333333
n19137,0.25
n13925,0.3333333333333333
n4034,0.0
n13941,0.1111111111111111
n12385,0.17647058823529413
n12999,0.1111111111111111
n15983,0.3333333333333333
n13658,0.1111111111111111
n4341,0.1111111111111111
n18534,0.0
n2043,0.05263157894736842
n9009,0.1111111111111111
n20444,0.17647058823529413
n6477,0.1111111111111111
n13880,0.05263157894736842
n18022,0.05263157894736842
n15861,0.1111111111111111
n18739,0.0
n14792,0.05263157894736842
n327,0.0
n3933,0.1111111111111111
n17273,0.0
n20892,0.0
n14138,0.3333333333333333
n7201,0.1111111111111111
n18533,0.0
n21339,0.3333333333333333
n19372,0.05263157894736842
n2650,0.0
n15924,0.05263157894736842
n6111,0.17647058823529413
n12377,0.0
n9135,0.0
n2136,0.05263157894736842
n16880,0.1111111111111111
n5412,0.0
n1421,0.0
n20517,0.0
n10140,0.17647058823529413
n16732,0.0
n1317,0.25
n1644,0.1111111111111111
n1691,0.42857142857142855
n21370,0.1111111111111111
n19405,0.1111111111111111
n17181,0.05263157894736842
n17912,0.05263157894736842
n3725,0.0
n14318,0.3333333333333333
n18063,0.05263157894736842
n18679,0.05263157894736842
n21289,0.1111111111111111
n15536,0.0
n11312,0.1111111111111111
n17375,0.1111111111111111
n10221,0.05263157894736842
n14530,0.0
n11839,0.1111111111111111
n1375,0.0
n8147,0.17647058823529413
n8871,0.05263157894736842
n11608,0.05263157894736842
n11937,0.0
n9879,0.0
n9945,0.0
n21715,0.05263157894736842
n7589,0.05263157894736842
n7914,0.0
n6551,0.25
n7150,0.0
n6042,0.1111111111111111
n3091,0.1111111111111111
n4940,0.1111111111111111
n15532,0.1111111111111111
n15993,0.05263157894736842
n5121,0.05263157894736842
n8880,0.0
n12652,0.0
n10605,0.5384615384615384
n142,0.3333333333333333
n10467,0.05263157894736842
n18799,0.05263157894736842
n8373,0.05263157894736842
n8839,0.25
n5081,0.05263157894736842
n10010,0.05263157894736842
n21118,0.05263157894736842
n7713,0.17647058823529413
n21664,0.0
n17108,0.1111111111111111
n20096,0.05263157894736842
n12409,0.05263157894736842
n5065,0.0
n8321,0.0
n3982,0.0
n2046,0.17647058823529413
n6257,0.1111111111111111
n18169,0.05263157894736842
n11906,0.0
n11091,0.25
n7177,0.3333333333333333
n8149,0.0
n2999,0.3333333333333333
n17615,0.17647058823529413
n4886,0.0
n19703,0.0
n17109,0.17647058823529413
n1178,0.17647058823529413
n8585,0.3333333333333333
n20062,0.05263157894736842
n14364,0.3333333333333333
n10663,0.05263157894736842
n14057,0.17647058823529413
n16387,0.1111111111111111
n5045,0.0
n7530,0.3333333333333333
n12535,0.1111111111111111
n1266,0.3333333333333333
n18792,0.17647058823529413
n7302,0.0
n10035,0.05263157894736842
n16551,0.0
n17059,0.1111111111111111
n7590,0.17647058823529413
n19286,0.0
n3392,0.1111111111111111
n20103,0.1111111111111111
n13651,0.05263157894736842
n11516,0.05263157894736842
n8433,0.1111111111111111
n7055,0.1111111111111111
n2781,0.0
n12334,0.25
n11448,0.1111111111111111
n16180,0.0
n10662,0.42857142857142855
n20129,0.05263157894736842
n6964,0.0
n3034,0.05263157894736842
n18889,0.17647058823529413
n18373,0.1111111111111111
n11363,0.25
n14129,0.0
n10112,0.1111111111111111
n11481,0.1111111111111111
n17150,0.05263157894736842
n18706,0.0
n15767,0.1111111111111111
n10708,0.05263157894736842
n9103,0.05263157894736842
n5640,0.25
n12,0.1111111111111111
n17387,0.17647058823529413
n6736,0.0
n1469,0.17647058823529413
n5648,0.1111111111111111
n18203,0.05263157894736842
n1736,0.17647058823529413
n4462,0.1111111111111111
n7619,0.0
n2074,0.17647058823529413
n16442,0.05263157894736842
n7020,0.17647058823529413
n14841,0.1111111111111111
n10634,0.05263157894736842
n10675,0.05263157894736842
n9458,0.25
n20115,0.0
n1353,0.1111111111111111
n11711,0.05263157894736842
n1161,0.05263157894736842
n13913,0.17647058823529413
n19104,0.05263157894736842
n16207,0.0
n21148,0.0
n1950,0.1111111111111111
n18279,0.0
n16996,0.17647058823529413
n7782,0.17647058823529413
n18752,0.25
n7847,0.17647058823529413
n15341,0.1111111111111111
n18668,0.05263157894736842
n2072,0.05263157894736842
n16759,0.0
n20753,0.05263157894736842
n14476,0.1111111111111111
n15935,0.0
n12034,0.0
n8602,0.1111111111111111
n11243,0.05263157894736842
n13924,0.6666666666666666
n21315,0.17647058823529413
n13944,0.0
n2305,0.0
n6917,0.0
n1265,0.05263157894736842
n15570,0.17647058823529413
n14320,0.05263157894736842
n5309,0.0
n1533,0.1111111111111111
n9314,0.1111111111111111
n1319,0.25
n8392,0.0
n4203,0.05263157894736842
n5713,0.17647058823529413
n14015,0.42857142857142855
n650,0.05263157894736842
n4653,0.05263157894736842
n21357,0.17647058823529413
n13606,0.05263157894736842
n4564,0.1111111111111111
n4130,0.0
n1245,0.1111111111111111
n10748,0.05263157894736842
n271,0.25
n5809,0.25
n12282,0.1111111111111111
n11748,0.0
n5647,0.3333333333333333
n11298,0.42857142857142855
n20592,0.0
n11267,0.05263157894736842
n13828,0.17647058823529413
n7397,0.05263157894736842
n16896,0.1111111111111111
n12051,0.0
n18018,0.1111111111111111
n18868,0.3333333333333333
n8094,0.0
n7049,0.1111111111111111
n14932,0.0
n19287,0.0
n482,0.17647058823529413
n6289,0.05263157894736842
n18683,0.05263157894736842
n21098,0.17647058823529413
n545,0.1111111111111111
n17869,0.05263157894736842
n19208,0.05263157894736842
n6161,0.1111111111111111
n8772,0.05263157894736842
n493,0.1111111111111111
n18663,0.1111111111111111
n1159,0.05263157894736842
n18065,0.05263157894736842
n9386,0.17647058823529413
n14890,0.1111111111111111
n1249,0.0
n7736,0.0
n9170,0.05263157894736842
n18829,0.1111111111111111
n5745,0.0
n15852,0.17647058823529413
n13361,0.0
n7140,0.17647058823529413
n14295,0.0
n22628,0.0
n19176,0.25
n20669,0.1111111111111111
n20255,0.0
n8996,0.1111111111111111
n7490,0.05263157894736842
n11358,0.05263157894736842
n11759,0.17647058823529413
n10458,0.25
n15233,0.25
n14499,0.0
n16234,0.0
n8616,0.0
n11729,0.17647058823529413
n11670,0.1111111111111111
n21735,0.0
n1468,0.0
n10682,0.25
n1556,0.17647058823529413
n4099,0.3333333333333333
n7610,0.25
n16882,0.05263157894736842
n16902,0.05263157894736842
n18146,0.1111111111111111
n10503,0.05263157894736842
n8423,0.05263157894736842
n12690,0.05263157894736842
n10089,0.05263157894736842
n21390,0.0
n3039,0.3333333333333333
n4802,0.1111111111111111
n18551,0.05263157894736842
n19131,0.5384615384615384
n13894,0.1111111111111111
n9959,0.3333333333333333
n10169,0.0
n326,0.0
n13915,0.05263157894736842
n21146,0.0
n2752,0.05263157894736842
n18122,0.0
n10608,0.25
n6388,0.0
n22585,0.0
n3154,0.0
n18264,0.1111111111111111
n16548,0.6666666666666666
n3330,0.05263157894736842
n17389,0.0
n17420,0.0
n1415,0.17647058823529413
n13780,0.05263157894736842
n12157,0.05263157894736842
n4526,0.0
n1437,0.3333333333333333
n19079,0.1111111111111111
n15181,0.1111111111111111
n18023,0.05263157894736842
n7300,0.1111111111111111
n8611,0.0
n10316,0.3333333333333333
n6809,0.17647058823529413
n10426,0.17647058823529413
n16956,0.05263157894736842
n12072,0.0
n18671,0.3333333333333333
n4852,0.0
n5160,0.0
n17763,0.05263157894736842
n18686,0.0
n1688,0.5384615384615384
n1192,0.0
n17947,0.3333333333333333
n16469,0.25
n19036,0.17647058823529413
n9993,0.17647058823529413
n11096,0.0
n17006,0.1111111111111111
n16014,0.0
n8327,0.0
n13540,0.05263157894736842
n18319,0.1111111111111111
n6921,0.0
n9925,0.05263157894736842
n1462,0.17647058823529413
n22701,0.25
n225,0.3333333333333333
n16743,0.1111111111111111
n14014,0.1111111111111111
n2602,0.0
n12269,0.3333333333333333
n1458,0.05263157894736842
n15300,0.05263157894736842
n7948,0.05263157894736842
n3856,0.0
n7303,0.3333333333333333
n3680,0.1111111111111111
n19724,0.1111111111111111
n7061,0.0
n22738,0.1111111111111111
n4944,0.05263157894736842
n2049,0.1111111111111111
n7227,0.0
n18693,0.1111111111111111
n7278,0.05263157894736842
n4579,0.25
n16869,0.1111111111111111
n18666,0.1111111111111111
n8925,0.05263157894736842
n5869,0.0
n9044,0.05263157894736842
n17579,0.1111111111111111
n8713,0.5384615384615384
n13741,0.05263157894736842
n15583,0.0
n21598,0.17647058823529413
n3770,0.0
n6811,0.25
n11200,0.0
n18938,0.17647058823529413
n16555,0.0
n13816,0.1111111111111111
n19136,0.1111111111111111
n20529,0.0
n18555,0.25
n3739,0.25
n20725,0.25
n20001,0.0
n13756,0.0
n16416,0.1111111111111111
n17698,0.0
n19046,0.1111111111111111
n11168,0.25
n16746,0.1111111111111111
n21858,0.05263157894736842
n8560,0.25
n1475,0.17647058823529413
n514,0.05263157894736842
n15527,0.1111111111111111
n10374,0.05263157894736842
n17025,0.1111111111111111
n1535,0.25
n7964,0.05263157894736842
n15114,0.1111111111111111
n6121,0.1111111111111111
n15728,0.17647058823529413
n16914,0.1111111111111111
n2100,0.0
n8188,0.3333333333333333
n12074,0.5384615384615384
n22847,0.0
n15906,0.1111111111111111
n13428,0.0
n18072,0.25
n19198,0.17647058823529413
n22239,0.17647058823529413
n14260,0.25
n21480,0.0
n8898,0.25
n9468,0.0
n2680,0.0
n7814,0.0
n20693,0.42857142857142855
n634,0.0
n11912,0.1111111111111111
n9194,0.05263157894736842
n3487,0.05263157894736842
n8804,0.1111111111111111
n15551,0.17647058823529413
n2984,0.1111111111111111
n163,0.05263157894736842
n14943,0.3333333333333333
n21287,0.0
n9426,0.05263157894736842
n20881,0.05263157894736842
n9975,0.0
n19968,0.17647058823529413
n6118,0.0
n19086,0.1111111111111111
n21734,0.0
n20862,0.1111111111111111
n20734,0.0
n20816,0.1111111111111111
n14672,0.17647058823529413
n6854,0.42857142857142855
n4558,0.17647058823529413
n8538,0.5384615384615384
n1586,0.05263157894736842
n5613,0.1111111111111111
n6451,0.0
n2727,0.05263157894736842
n19112,0.17647058823529413
n4934,0.05263157894736842
n21702,0.05263157894736842
n6303,0.1111111111111111
n19139,0.1111111111111111
n21451,0.0
n668,0.0
n1301,0.1111111111111111
n1877,0.0
n13644,0.3333333333333333
n9463,0.3333333333333333
n956,0.0
n3930,0.1111111111111111
n3715,0.0
n21788,0.0
n7188,0.05263157894736842
n7598,0.1111111111111111
n8432,0.1111111111111111
n17614,0.25
n16418,0.05263157894736842
n2099,0.05263157894736842
n7413,0.1111111111111111
n14056,0.3333333333333333
n637,0.42857142857142855
n22605,0.0
n2132,0.0
n17462,0.1111111111111111
n18906,0.05263157894736842
n5873,0.17647058823529413
n1675,0.17647058823529413
n4926,0.25
n11084,0.0
n8478,0.3333333333333333
n1483,0.17647058823529413
n6619,0.25
n20233,0.0
n14598,0.1111111111111111
n8818,0.5384615384615384
n9235,0.0
n1822,0.05263157894736842
n6401,0.05263157894736842
n16341,0.3333333333333333
n18674,0.1111111111111111
n22821,0.17647058823529413
n11701,0.05263157894736842
n18386,0.1111111111111111
n1198,0.05263157894736842
n10370,0.17647058823529413
n2073,0.0
n140,0.17647058823529413
n14215,0.1111111111111111
n1693,0.0
n7785,0.05263157894736842
n1487,0.0
n10005,0.05263157894736842
n9217,0.0
n4042,0.05263157894736842
n6677,0.0
n7363,0.42857142857142855
n9769,0.3333333333333333
n15390,0.1111111111111111
n1916,0.17647058823529413
n18196,0.0
n20808,0.1111111111111111
n17292,0.0
n14772,0.1111111111111111
n11949,0.25
n6686,0.5384615384615384
n14849,0.1111111111111111
n2844,0.0
n8895,0.0
n20931,0.05263157894736842
n13538,0.1111111111111111
n18341,0.0
n16047,0.25
n18954,0.1111111111111111
n1456,0.17647058823529413
n8552,0.1111111111111111
n22158,0.3333333333333333
n14040,0.3333333333333333
n54,0.0
n6090,0.05263157894736842
n18650,0.17647058823529413
n10824,0.0
n6588,0.05263157894736842
n4980,0.05263157894736842
n19005,0.17647058823529413
n3910,0.17647058823529413
n299,0.05263157894736842
n8988,0.0
n13433,0.05263157894736842
n5817,0.25
n5151,0.05263157894736842
n1637,0.17647058823529413
n10171,0.05263157894736842
n9876,0.0
n15694,0.5384615384615384
n4320,0.0
n16159,0.05263157894736842
n9237,0.05263157894736842
n16323,0.05263157894736842
n10845,0.0
n22330,0.0
n15535,0.0
n16245,0.0
n10348,0.05263157894736842
n3427,0.0
n14097,0.0
n22421,0.1111111111111111
n14278,0.17647058823529413
n17907,0.05263157894736842
n11095,0.1111111111111111
n7763,0.1111111111111111
n18527,0.0
n17372,0.05263157894736842
n9447,0.42857142857142855
n7272,0.05263157894736842
n16992,0.1111111111111111
n17142,0.17647058823529413
n10572,0.1111111111111111
n7532,0.0
n5234,0.0
n22848,0.0
n18318,0.1111111111111111
n8387,0.3333333333333333
n7389,0.1111111111111111
n11797,0.05263157894736842
n5165,0.0
n4461,0.17647058823529413
n12230,0.0
n20888,0.05263157894736842
n9211,0.1111111111111111
n14353,0.05263157894736842
n22140,0.25
n3016,0.17647058823529413
n8808,0.05263157894736842
n370,0.0
n15219,0.3333333333333333
n14012,0.3333333333333333
n10541,0.05263157894736842
n15258,0.17647058823529413
n22240,0.05263157894736842
n16260,0.0
n10075,0.1111111111111111
n16160,0.1111111111111111
n20576,0.0
n3726,0.0
n19898,0.05263157894736842
n22309,0.17647058823529413
n14795,0.42857142857142855
n9716,0.1111111111111111
n15740,0.25
n6178,0.05263157894736842
n14184,0.0
n16712,0.25
n3947,0.0
n4424,0.1111111111111111
n20568,0.1111111111111111
n9078,0.0
n21376,0.0
n6886,0.17647058823529413
n3223,0.0
n15643,0.1111111111111111
n10706,0.1111111111111111
n12912,0.05263157894736842
n6029,0.05263157894736842
n4474,0.1111111111111111
n4855,0.05263157894736842
n7784,0.05263157894736842
n15576,0.05263157894736842
n20654,0.1111111111111111
n10607,0.05263157894736842
n22708,0.0
n4426,0.17647058823529413
n14950,0.0
n10671,0.0
n18134,0.1111111111111111
n4115,0.0
n6452,0.05263157894736842
n9043,0.05263157894736842
n4394,0.0
n21548,0.1111111111111111
n12416,0.05263157894736842
n6672,0.17647058823529413
n4507,0.0
n8677,0.0
n4666,0.17647058823529413
n22343,0.25
n16189,0.05263157894736842
n6916,0.0
n20819,0.25
n6628,0.1111111111111111
n10853,0.1111111111111111
n18009,0.3333333333333333
n6331,0.25
n4362,0.1111111111111111
n4053,0.0
n21423,0.05263157894736842
n11669,0.17647058823529413
n18943,0.0
n15391,0.05263157894736842
n9409,0.05263157894736842
n16440,0.0
n21109,0.17647058823529413
n8448,0.05263157894736842
n17144,0.17647058823529413
n18716,0.3333333333333333
n14217,0.17647058823529413
n22469,0.1111111111111111
n22903,0.05263157894736842
n12887,0.05263157894736842
n11673,0.17647058823529413
n4964,0.17647058823529413
n22233,0.1111111111111111
n17085,0.0
n13710,0.05263157894736842
n5881,0.42857142857142855
n1856,0.0
n19071,0.1111111111111111
n15274,0.05263157894736842
n4849,0.0
n6612,0.1111111111111111
n17028,0.05263157894736842
n9126,0.0
n15504,0.0
n5019,0.05263157894736842
n6796,0.42857142857142855
n10567,0.1111111111111111
n18235,0.0
n6411,0.25
n15585,0.0
n22729,0.05263157894736842
n5743,0.17647058823529413
n18708,0.25
n7438,0.0
n17632,0.25
n5197,0.05263157894736842
n19952,0.17647058823529413
n3795,0.17647058823529413
n4277,0.05263157894736842
n4828,0.0
n20336,0.25
n7918,0.0
n20599,0.05263157894736842
n8499,0.42857142857142855
n9693,0.25
n8922,0.25
n19637,0.17647058823529413
n10477,0.0
n11904,0.0
n20801,0.1111111111111111
n4493,0.25
n18109,0.0
n10228,0.05263157894736842
n10582,0.0
n8425,0.1111111111111111
n18932,0.17647058823529413
n1396,0.0
n1389,0.0
n6405,0.25
n15435,0.25
n1850,0.05263157894736842
n15785,0.0
n18123,0.05263157894736842
n9669,0.05263157894736842
n21660,0.25
n1454,0.05263157894736842
n17219,0.3333333333333333
n4043,0.17647058823529413
n3843,0.05263157894736842
n18878,0.1111111111111111
n21099,0.25
n2079,0.17647058823529413
n1321,0.0
n3940,0.0
n149,0.1111111111111111
n6358,0.05263157894736842
n8861,0.0
n15324,0.05263157894736842
n12507,0.1111111111111111
n4141,0.05263157894736842
n8833,0.17647058823529413
n19850,0.05263157894736842
n3365,0.05263157894736842
n8365,0.5384615384615384
n381,0.17647058823529413
n13713,0.1111111111111111
n14779,0.25
n19496,0.17647058823529413
n21541,0.05263157894736842
n21599,0.0
n9243,0.05263157894736842
n10364,0.25
n18316,0.05263157894736842
n5411,0.05263157894736842
n9032,0.0
n18982,0.17647058823529413
n17813,0.05263157894736842
n18540,0.05263157894736842
n1247,0.0
n7990,0.42857142857142855
n13549,0.05263157894736842
n7783,0.0
n7620,0.1111111111111111
n11335,0.05263157894736842
n17172,0.17647058823529413
n22315,0.25
n6492,0.0
n4736,0.1111111111111111
n10522,0.1111111111111111
n8962,0.05263157894736842
n8597,0.0
n8842,0.05263157894736842
n2302,0.25
n10561,0.1111111111111111
n9546,0.0
n1330,0.05263157894736842
n5347,0.05263157894736842
n17710,0.25
n12016,0.0
n20785,0.25
n1146,0.1111111111111111
n3995,0.17647058823529413
n5052,0.05263157894736842
n21304,0.0
n21131,0.1111111111111111
n15931,0.0
n4279,0.0
n16898,0.17647058823529413
n15846,0.25
n14949,0.0
n10532,0.05263157894736842
n15317,0.25
n5585,0.0
n8519,0.17647058823529413
n19106,0.05263157894736842
n18066,0.0
n16012,0.42857142857142855
n5084,0.05263157894736842
n22314,0.42857142857142855
n4589,0.17647058823529413
n8867,0.1111111111111111
n18028,0.25
n6222,0.0
n11340,0.05263157894736842
n1466,0.1111111111111111
n1591,0.0
n5092,0.05263157894736842
n7621,0.0
n18071,0.3333333333333333
n20844,0.5384615384615384
n5645,0.0
n13985,0.0
n1707,0.1111111111111111
n1742,0.05263157894736842
n8528,0.1111111111111111
n21547,0.05263157894736842
n18955,0.42857142857142855
n11141,0.0
n7810,0.05263157894736842
n13719,0.17647058823529413
n21951,0.0
n6344,0.05263157894736842
n20323,0.05263157894736842
n8823,0.05263157894736842
n112,0.0
n10420,0.05263157894736842
n15399,0.05263157894736842
n4119,0.1111111111111111
n6862,0.1111111111111111
n7860,0.05263157894736842
n4112,0.17647058823529413
n21340,0.05263157894736842
n19960,0.25
n5230,0.1111111111111111
n3193,0.05263157894736842
n1340,0.17647058823529413
n6015,0.1111111111111111
n22576,0.1111111111111111
n6500,0.17647058823529413
n10427,0.1111111111111111
n5576,0.1111111111111111
n10470,0.0
n638,0.05263157894736842
n11156,0.0
n18550,0.05263157894736842
n13310,0.1111111111111111
n10501,0.0
n5099,0.1111111111111111
n3074,0.0
n5702,0.0
n3009,0.0
n13104,0.25
n10163,0.05263157894736842
n9506,0.17647058823529413
n1167,0.0
n7764,0.1111111111111111
n15574,0.0
n18141,0.0
n20211,0.05263157894736842
n8686,0.0
n2723,0.3333333333333333
n13455,0.1111111111111111
n19337,0.05263157894736842
n10579,0.05263157894736842
n12218,0.05263157894736842
n8482,0.1111111111111111
n4753,0.1111111111111111
n18332,0.17647058823529413
n6125,0.05263157894736842
n11649,0.0
n9581,0.17647058823529413
n12214,0.5384615384615384
n16922,0.1111111111111111
n21100,0.0
n6038,0.05263157894736842
n10638,0.05263157894736842
n11066,0.17647058823529413
n11483,0.17647058823529413
n15662,0.1111111111111111
n12958,0.25
n9449,0.1111111111111111
n9376,0.0
n11536,0.1111111111111111
n8920,0.05263157894736842
n9532,0.25
n19102,0.05263157894736842
n1616,0.0
n5866,0.17647058823529413
n12745,0.1111111111111111
n17641,0.05263157894736842
n20867,0.0
n16865,0.3333333333333333
n16639,0.05263157894736842
n14509,0.17647058823529413
n5471,0.05263157894736842
n6516,0.05263157894736842
n10553,0.1111111111111111
n12515,0.1111111111111111
n14665,0.05263157894736842
n20701,0.17647058823529413
n9806,0.17647058823529413
n9833,0.0
n11715,0.1111111111111111
n17937,0.1111111111111111
n20162,0.05263157894736842
n18744,0.17647058823529413
n8141,0.1111111111111111
n6604,0.25
n11852,0.42857142857142855
n15663,0.17647058823529413
n13745,0.0
n14879,0.25
n18600,0.0
n7087,0.0
n17026,0.05263157894736842
n8907,0.1111111111111111
n3395,0.0
n6973,0.0
n9269,0.1111111111111111
n6397,0.1111111111111111
n9666,0.05263157894736842
n21027,0.05263157894736842
n10680,0.1111111111111111
n15425,0.05263157894736842
n12153,0.17647058823529413
n16567,0.0
n11919,0.6666666666666666
n12328,0.17647058823529413
n4497,0.17647058823529413
n6707,0.5384615384615384
n6772,0.05263157894736842
n3115,0.05263157894736842
n20946,0.0
n5677,0.25
n18720,0.05263157894736842
n3586,0.3333333333333333
n21253,0.0
n2077,0.0
n7983,0.0
n12154,0.17647058823529413
n3556,0.25
n12394,0.05263157894736842
n19845,0.0
n4449,0.25
n20380,0.1111111111111111
n20868,0.05263157894736842
n20330,0.17647058823529413
n2589,0.25
n11412,0.25
n7024,0.3333333333333333
n21229,0.05263157894736842
n12540,0.05263157894736842
n22853,0.0
n4943,0.05263157894736842
n19033,0.17647058823529413
n6568,0.0
n6415,0.05263157894736842
n19670,0.0
n6835,0.17647058823529413
n8884,0.05263157894736842
n3240,0.0
n3973,0.42857142857142855
n699,0.0
n1365,0.1111111111111111
n12227,0.1111111111111111
n6231,0.1111111111111111
n15946,0.17647058823529413
n8652,0.05263157894736842
n2603,0.05263157894736842
n8501,0.05263157894736842
n10466,0.25
n6877,0.25
n18210,0.25
n8541,0.1111111111111111
n15691,0.17647058823529413
n1530,0.0
n2753,0.05263157894736842
n11120,0.0
n16441,0.17647058823529413
n18474,0.05263157894736842
n4511,0.0
n10386,0.0
n7615,0.05263157894736842
n1540,0.17647058823529413
n2205,0.17647058823529413
n5442,0.0
n7223,0.0
n21129,0.17647058823529413
n6162,0.1111111111111111
n6393,0.25
n15640,0.0
n4945,0.17647058823529413
n18660,0.05263157894736842
n4626,0.0
n7740,0.17647058823529413
n16454,0.17647058823529413
n12156,0.0
n15389,0.1111111111111111
n12466,0.05263157894736842
n4413,0.05263157894736842
n181,0.3333333333333333
n3339,0.25
n3490,0.05263157894736842
n5453,0.0
n18198,0.17647058823529413
n13881,0.1111111111111111
n1784,0.0
n8820,0.0
n13666,0.05263157894736842
n14912,0.17647058823529413
n5062,0.05263157894736842
n1758,0.1111111111111111
n1764,0.05263157894736842
n1065,0.17647058823529413
n8315,0.0
n6011,0.1111111111111111
n5591,0.05263157894736842
n10377,0.0
n20721,0.1111111111111111
n14956,0.05263157894736842
n8787,0.17647058823529413
n2591,0.0
n11753,0.25
n4570,0.05263157894736842
n9772,0.0
n5570,0.25
n14409,0.17647058823529413
n21473,0.0
n8767,0.1111111111111111
n12511,0.05263157894736842
n5900,0.3333333333333333
n7951,0.05263157894736842
n2813,0.0
n6209,0.05263157894736842
n8589,0.1111111111111111
n16982,0.17647058823529413
n7947,0.25
n17868,0.25
n1975,0.0
n10421,0.1111111111111111
n10679,0.17647058823529413
n16686,0.1111111111111111
n11849,0.05263157894736842
n1357,0.17647058823529413
n13367,0.05263157894736842
n11088,0.0
n11656,0.05263157894736842
n6048,0.17647058823529413
n4253,0.17647058823529413
n2452,0.05263157894736842
n6357,0.0
n7822,0.3333333333333333
n9966,0.17647058823529413
n15491,0.17647058823529413
n5286,0.0
n1696,0.0
n7804,0.0
n12508,0.05263157894736842
n20488,0.17647058823529413
n11590,0.1111111111111111
n13353,0.1111111111111111
n1366,0.05263157894736842
n1613,0.1111111111111111
n5059,0.0
n21464,0.05263157894736842
n15498,0.0
n8801,0.17647058823529413
n3835,0.3333333333333333
n21211,0.05263157894736842
n20369,0.05263157894736842
n19847,0.0
n16820,0.05263157894736842
n19530,0.0
n9865,0.3333333333333333
n14522,0.3333333333333333
n20163,0.0
n15760,0.17647058823529413
n1810,0.1111111111111111
n14371,0.1111111111111111
n18217,0.17647058823529413
n6416,0.0
n12185,0.05263157894736842
n14774,0.05263157894736842
n22705,0.1111111111111111
n14163,0.05263157894736842
n5380,0.05263157894736842
n10560,0.25
n20225,0.1111111111111111
n18672,0.05263157894736842
n19973,0.1111111111111111
n14698,0.3333333333333333
n15365,0.05263157894736842
n22328,0.0
n15348,0.17647058823529413
n20450,0.05263157894736842
n2286,0.25
n19121,0.05263157894736842
n12459,0.0
n3415,0.05263157894736842
n10071,0.1111111111111111
n17928,0.05263157894736842
n13776,0.0
n18239,0.0
n11784,0.25
n8902,0.0
n9624,0.05263157894736842
n1203,0.0
n17702,0.25
n18965,0.0
n1951,0.17647058823529413
n6829,0.05263157894736842
n9816,0.1111111111111111
n18892,0.25
n7419,0.17647058823529413
n14312,0.0
n5183,0.1111111111111111
n18202,0.17647058823529413
n19312,0.05263157894736842
n15528,0.3333333333333333
n16861,0.05263157894736842
n18091,0.0
n9673,0.25
n7585,0.0
n15869,0.1111111111111111
n5341,0.0
n14316,0.05263157894736842
n9093,0.1111111111111111
n5557,0.17647058823529413
n11224,0.05263157894736842
n505,0.1111111111111111
n930,0.1111111111111111
n1882,0.05263157894736842
n17610,0.05263157894736842
n8097,0.0
n5034,0.1111111111111111
n20671,0.17647058823529413
n18821,0.1111111111111111
n11788,0.05263157894736842
n5130,0.0
n10268,0.05263157894736842
n1661,0.0
n19949,0.0
n8470,0.05263157894736842
n19197,0.05263157894736842
n20624,0.1111111111111111
n8010,0.05263157894736842
n14489,0.05263157894736842
n7225,0.0
n1638,0.25
n15934,0.25
n15685,0.1111111111111111
n11419,0.1111111111111111
n2656,0.25
n10645,0.05263157894736842
n5568,0.0
n16455,0.05263157894736842
n20795,0.05263157894736842
n4346,0.17647058823529413
n9213,0.05263157894736842
n11051,0.25
n11726,0.0
n8614,0.17647058823529413
n6266,0.0
n10028,0.05263157894736842
n22867,0.17647058823529413
n10622,0.3333333333333333
n15723,0.1111111111111111
n17401,0.0
n15761,0.0
n1394,0.0
n4921,0.5384615384615384
n15772,0.05263157894736842
n12124,0.17647058823529413
n17759,0.1111111111111111
n4572,0.0
n22823,0.1111111111111111
n3711,0.0
n2050,0.05263157894736842
n15428,0.05263157894736842
n7547,0.1111111111111111
n9691,0.25
n18119,0.1111111111111111
n6535,0.05263157894736842
n20079,0.17647058823529413
n20729,0.0
n15844,0.1111111111111111
n6301,0.0
n7159,0.0
n4263,0.05263157894736842
n2252,0.05263157894736842
n15084,0.0
n304,0.05263157894736842
n20154,0.05263157894736842
n6338,0.05263157894736842
n10595,0.25
n16634,0.05263157894736842
n7039,0.1111111111111111
n13939,0.3333333333333333
n15370,0.17647058823529413
n13130,0.17647058823529413
n22875,0.0
n15776,0.05263157894736842
n2983,0.1111111111111111
n4312,0.1111111111111111
n4420,0.0
n13467,0.05263157894736842
n15575,0.25
n8874,0.0
n17293,0.05263157894736842
n15863,0.3333333333333333
n17198,0.0
n21405,0.1111111111111111
n20772,0.05263157894736842
n7917,0.05263157894736842
n3302,0.0
n6631,0.25
n6579,0.1111111111111111
n6838,0.0
n19034,0.05263157894736842
n8370,0.17647058823529413
n12519,0.0
n18822,0.0
n20084,0.05263157894736842
n3737,0.0
n1621,0.1111111111111111
n14252,0.42857142857142855
n21403,0.0
n6860,0.0
n8936,0.17647058823529413
n19900,0.05263157894736842
n11250,0.1111111111111111
n16140,0.0
n18333,0.05263157894736842
n19132,0.0
n12777,0.1111111111111111
n3426,0.25
n19394,0.05263157894736842
n15659,0.05263157894736842
n1322,0.3333333333333333
n20168,0.05263157894736842
n1182,0.25
n2845,0.17647058823529413
n10488,0.5384615384615384
n14302,0.1111111111111111
n15346,0.1111111111111111
n11772,0.1111111111111111
n18977,0.1111111111111111
n4451,0.25
n22670,0.0
n20581,0.0
n16268,0.0
n12896,0.1111111111111111
n3474,0.25
n6327,0.05263157894736842
n4201,0.17647058823529413
n21280,0.17647058823529413
n10981,0.05263157894736842
n9740,0.0
n18055,0.25
n15335,0.05263157894736842
n9890,0.17647058823529413
n13013,0.05263157894736842
n14143,0.0
n14844,0.0
n18106,0.05263157894736842
n5018,0.1111111111111111
n19044,0.05263157894736842
n1204,0.05263157894736842
n21972,0.0
n4714,0.1111111111111111
n3341,0.05263157894736842
n2044,0.0
n18711,0.3333333333333333
n21294,0.0
n8456,0.17647058823529413
n12407,0.0
n4628,0.05263157894736842
n9668,0.0
n16795,0.0
n20712,0.1111111111111111
n15593,0.1111111111111111
n20781,0.0
n17018,0.25
n375,0.05263157894736842
n7956,0.0
n3114,0.0
n4992,0.42857142857142855
n2322,0.0
n12270,0.05263157894736842
n13508,0.25
n19054,0.1111111111111111
n21278,0.1111111111111111
n17176,0.17647058823529413
n16285,0.17647058823529413
n4323,0.05263157894736842
n15711,0.05263157894736842
n9240,0.05263157894736842
n17204,0.1111111111111111
n10559,0.25
n20933,0.0
n5420,0.1111111111111111
n3780,0.05263157894736842
n14023,0.1111111111111111
n8588,0.1111111111111111
n1871,0.0
n10126,0.0
n10533,0.17647058823529413
n18874,0.05263157894736842
n11208,0.0
n14789,0.25
n12018,0.17647058823529413
n610,0.5384615384615384
n479,0.1111111111111111
n6843,0.05263157894736842
n584,0.25
n9903,0.25
n18084,0.1111111111111111
n19185,0.05263157894736842
n9261,0.0
n13347,0.05263157894736842
n7075,0.1111111111111111
n4587,0.25
n7304,0.5384615384615384
n11381,0.0
n5605,0.0
n655,0.0
n8320,0.05263157894736842
n12279,0.1111111111111111
n14297,0.0
n17145,0.0
n18242,0.05263157894736842
n4421,0.0
n14606,0.1111111111111111
n8654,0.25
n22234,0.3333333333333333
n3288,0.0
n17555,0.0
n17271,0.05263157894736842
n6406,0.17647058823529413
n17434,0.05263157894736842
n18539,0.1111111111111111
n21389,0.0
n3548,0.25
n16343,0.0
n15823,0.1111111111111111
n3787,0.0
n9699,0.25
n22783,0.1111111111111111
n16452,0.05263157894736842
n3011,0.25
n100,0.05263157894736842
n7704,0.1111111111111111
n17935,0.05263157894736842
n17622,0.0
n2000,0.0
n11971,0.05263157894736842
n22843,0.0
n5037,0.05263157894736842
n11991,0.1111111111111111
n3349,0.0
n6489,0.25
n4366,0.05263157894736842
n13085,0.0
n20308,0.05263157894736842
n3529,0.05263157894736842
n20920,0.17647058823529413
n9090,0.0
n15540,0.25
n17804,0.1111111111111111
n6188,0.0
n15974,0.0
n15024,0.0
n16451,0.05263157894736842
n17222,0.1111111111111111
n1283,0.0
n21366,0.0
n11004,0.25
n18655,0.1111111111111111
n8142,0.05263157894736842
n21316,0.0
n6497,0.05263157894736842
n17886,0.0
n2762,0.0
n22474,0.05263157894736842
n1835,0.0
n20680,0.0
n10024,0.05263157894736842
n11976,0.0
n4124,0.17647058823529413
n4068,0.42857142857142855
n6124,0.0
n3954,0.3333333333333333
n10418,0.3333333333333333
n6733,0.1111111111111111
n18840,0.05263157894736842
n691,0.0
n15941,0.1111111111111111
n21194,0.1111111111111111
n4927,0.1111111111111111
n9979,0.25
n16415,0.0
n9427,0.17647058823529413
n21825,0.3333333333333333
n215,0.1111111111111111
n15918,0.3333333333333333
n2895,0.05263157894736842
n504,0.25
n19035,0.1111111111111111
n2224,0.1111111111111111
n5172,0.3333333333333333
n1581,0.17647058823529413
n14944,0.05263157894736842
n21619,0.0
n22143,0.0
n10019,0.25
n4966,0.17647058823529413
n18342,0.17647058823529413
n2757,0.0
n5125,0.05263157894736842
n10513,0.17647058823529413
n6132,0.05263157894736842
n13989,0.05263157894736842
n5454,0.05263157894736842
n13348,0.17647058823529413
n4211,0.0
n15706,0.0
n2780,0.0
n14104,0.05263157894736842
n3343,0.1111111111111111
n2109,0.17647058823529413
n16855,0.0
n12108,0.0
n20516,0.05263157894736842
n4085,0.05263157894736842
n15554,0.3333333333333333
n6312,0.05263157894736842
n20306,0.0
n8205,0.17647058823529413
n20436,0.3333333333333333
n2442,0.0
n6372,0.05263157894736842
n1631,0.0
n6775,0.17647058823529413
n5058,0.17647058823529413
n4755,0.42857142857142855
n18866,0.0
n12234,0.05263157894736842
n6083,0.1111111111111111
n16585,0.17647058823529413
n520,0.0
n21130,0.0
n21128,0.0
n18301,0.05263157894736842
n10011,0.1111111111111111
n16064,0.1111111111111111
n4291,0.42857142857142855
n12644,0.05263157894736842
n6062,0.05263157894736842
n14402,0.0
n15278,0.1111111111111111
n16613,0.3333333333333333
n10070,0.1111111111111111
n3404,0.17647058823529413
n6876,0.05263157894736842
n17513,0.05263157894736842
n22384,0.0
n16311,0.0
n3750,0.1111111111111111
n18046,0.05263157894736842
n19711,0.0
n15658,0.0
n20554,0.0
n4000,0.05263157894736842
n6995,0.1111111111111111
n11605,0.25
n15477,0.0
n20885,0.0
n8650,0.17647058823529413
n14480,0.05263157894736842
n4984,0.05263157894736842
n20524,0.05263157894736842
n4454,0.3333333333333333
n15998,0.1111111111111111
n19003,0.25
n2654,0.05263157894736842
n14508,0.1111111111111111
n4963,0.05263157894736842
n10147,0.17647058823529413
n2755,0.0
n20620,0.42857142857142855
n15457,0.1111111111111111
n3078,0.3333333333333333
n5642,0.05263157894736842
n7671,0.3333333333333333
n1489,0.05263157894736842
n3942,0.05263157894736842
n3708,0.05263157894736842
n10,0.17647058823529413
n20107,0.0
n16117,0.1111111111111111
n17549,0.1111111111111111
n4880,0.05263157894736842
n1907,0.1111111111111111
n989,0.0
n15751,0.0
n18669,0.1111111111111111
n8896,0.1111111111111111
n13395,0.05263157894736842
n6024,0.1111111111111111
n11913,0.1111111111111111
n3198,0.05263157894736842
n8879,0.1111111111111111
n2095,0.17647058823529413
n3445,0.1111111111111111
n8382,0.25
n17910,0.05263157894736842
n15645,0.0
n17530,0.25
n6868,0.1111111111111111
n6609,0.3333333333333333
n6478,0.42857142857142855
n12232,0.0
n11414,0.0
n19827,0.1111111111111111
n21491,0.1111111111111111
n17902,0.1111111111111111
n12445,0.0
n17371,0.17647058823529413
n4693,0.17647058823529413
n12920,0.17647058823529413
n16265,0.0
n6571,0.0
n21092,0.25
n8561,0.05263157894736842
n19152,0.1111111111111111
n17580,0.0
n15344,0.1111111111111111
n15301,0.05263157894736842
n21188,0.1111111111111111
n15919,0.1111111111111111
n19745,0.0
n20774,0.05263157894736842
n16024,0.1111111111111111
n15715,0.0
n4798,0.0
n13875,0.1111111111111111
n19722,0.1111111111111111
n15654,0.0
n17709,0.3333333333333333
n7651,0.3333333333333333
n7844,0.1111111111111111
n10734,0.0
n6066,0.1111111111111111
n10408,0.17647058823529413
n11487,0.25
n18482,0.0
n18197,0.3333333333333333
n18238,0.05263157894736842
n20715,0.1111111111111111
n15879,0.05263157894736842
n3087,0.05263157894736842
n18021,0.17647058823529413
n5169,0.0
n12030,0.05263157894736842
n14961,0.17647058823529413
n14771,0.1111111111111111
n5394,0.17647058823529413
n21995,0.05263157894736842
n15905,0.42857142857142855
n2587,0.0
n1526,0.05263157894736842
n10670,0.0
n15638,0.1111111111111111
n17565,0.05263157894736842
n20186,0.05263157894736842
n4440,0.0
n3667,0.1111111111111111
n15804,0.05263157894736842
n1766,0.17647058823529413
n11994,0.17647058823529413
n14368,0.25
n1226,0.0
n10425,0.1111111111111111
n13725,0.1111111111111111
n20495,0.05263157894736842
n10349,0.3333333333333333
n7047,0.05263157894736842
n7023,0.1111111111111111
n1257,0.0
n21333,0.0
n10558,0.17647058823529413
n585,0.17647058823529413
n13902,0.17647058823529413
n18942,0.05263157894736842
n13369,0.05263157894736842
n15657,0.05263157894736842
n10632,0.05263157894736842
n10930,0.1111111111111111
n3377,0.0
n6874,0.17647058823529413
n8398,0.1111111111111111
n1861,0.0
n6744,0.3333333333333333
n15331,0.0
n1380,0.3333333333333333
n17470,0.0
n18898,0.17647058823529413
n11843,0.25
n21241,0.17647058823529413
n13945,0.1111111111111111
n4382,0.0
n4411,0.17647058823529413
n14553,0.3333333333333333
n14517,0.17647058823529413
n5136,0.05263157894736842
n11378,0.0
n12248,0.1111111111111111
n18773,0.05263157894736842
n22193,0.25
n16005,0.3333333333333333
n11508,0.25
n21309,0.0
n13917,0.17647058823529413
n12147,0.17647058823529413
n1170,0.25
n19055,0.05263157894736842
n15345,0.05263157894736842
n6286,0.17647058823529413
n8687,0.0
n7084,0.05263157894736842
n18077,0.0
n19186,0.05263157894736842
n19683,0.0
n5036,0.3333333333333333
n10640,0.1111111111111111
n11450,0.05263157894736842
n7612,0.25
n19995,0.1111111111111111
n960,0.1111111111111111
n18909,0.05263157894736842
n15825,0.1111111111111111
n22345,0.05263157894736842
n17489,0.0
n8099,0.0
n3732,0.1111111111111111
n9394,0.0
n21076,0.05263157894736842
n14568,0.25
n18816,0.17647058823529413
n12383,0.1111111111111111
n18731,0.05263157894736842
n20615,0.1111111111111111
n9828,0.1111111111111111
n10554,0.25
n17913,0.0
n10314,0.42857142857142855
n22741,0.0
n5458,0.42857142857142855
n14507,0.1111111111111111
n16041,0.05263157894736842
n6504,0.05263157894736842
n12860,0.17647058823529413
n1030,0.25
n20185,0.17647058823529413
n676,0.0
n4181,0.05263157894736842
n10690,0.0
n7231,0.1111111111111111
n12092,0.17647058823529413
n385,0.1111111111111111
n22278,0.42857142857142855
n16489,0.0
n18726,0.05263157894736842
n1819,0.1111111111111111
n10515,0.05263157894736842
n14813,0.1111111111111111
n22320,0.17647058823529413
n7439,0.3333333333333333
n20921,0.1111111111111111
n10200,0.1111111111111111
n9226,0.0
n17507,0.05263157894736842
n6187,0.05263157894736842
n222,0.05263157894736842
n21363,0.05263157894736842
n13279,0.05263157894736842
n11190,0.0
n6216,0.0
n21307,0.0
n9664,0.0
n4804,0.1111111111111111
n16497,0.0
n16833,0.1111111111111111
n18387,0.17647058823529413
n20779,0.17647058823529413
n18914,0.1111111111111111
n4333,0.05263157894736842
n362,0.05263157894736842
n3477,0.05263157894736842
n22614,0.3333333333333333
n13907,0.17647058823529413
n16799,0.05263157894736842
n19381,0.17647058823529413
n11253,0.1111111111111111
n6506,0.05263157894736842
n5746,0.0
n14211,0.05263157894736842
n15523,0.25
n15910,0.25
n21488,0.0
n10055,0.0
n19527,0.0
n16164,0.42857142857142855
n20346,0.1111111111111111
n7034,0.05263157894736842
n19276,0.0
n21345,0.17647058823529413
n15668,0.0
n8229,0.0
n2101,0.17647058823529413
n7712,0.0
n6501,0.05263157894736842
n16856,0.25
n22075,0.0
n4971,0.17647058823529413
n19138,0.17647058823529413
n6902,0.17647058823529413
n7842,0.3333333333333333
n6472,0.05263157894736842
n10521,0.1111111111111111
n14061,0.1111111111111111
n13241,0.05263157894736842
n15877,0.0
n18241,0.05263157894736842
n22380,0.0
n4219,0.17647058823529413
n10097,0.0
n15842,0.1111111111111111
n16269,0.05263157894736842
n19950,0.0
n15362,0.0
n1323,0.0
n6992,0.05263157894736842
n1818,0.05263157894736842
n14946,0.17647058823529413
n13466,0.05263157894736842
n3008,0.17647058823529413
n13716,0.1111111111111111
n11152,0.05263157894736842
n3668,0.0
n6134,0.1111111111111111
n15696,0.05263157894736842
n1053,0.0
n11319,0.5384615384615384
n12888,0.05263157894736842
n3155,0.17647058823529413
n6670,0.25
n3644,0.0
n16266,0.0
n21258,0.3333333333333333
n18881,0.3333333333333333
n7701,0.0
n8103,0.1111111111111111
n15383,0.05263157894736842
n15093,0.1111111111111111
n13360,0.25
n17659,0.17647058823529413
n21043,0.05263157894736842
n10583,0.05263157894736842
n17188,0.05263157894736842
n19710,0.17647058823529413
n17360,0.1111111111111111
n20100,0.25
n6298,0.25
n8191,0.1111111111111111
n2970,0.05263157894736842
n8475,0.0
n20713,0.05263157894736842
n16857,0.0
n18873,0.17647058823529413
n9719,0.05263157894736842
n17022,0.1111111111111111
n13084,0.1111111111111111
n21292,0.25
n3669,0.05263157894736842
n25,0.25
n19089,0.17647058823529413
n16476,0.1111111111111111
n15781,0.0
n14298,0.17647058823529413
n16470,0.0
n2782,0.1111111111111111
n8911,0.17647058823529413
n4442,0.0
n12013,0.17647058823529413
n20326,0.0
n18136,0.1111111111111111
n5094,0.0
n481,0.1111111111111111
n7514,0.17647058823529413
n13809,0.25
n1665,0.0
n3961,0.0
n8132,0.05263157894736842
n20923,0.17647058823529413
n18110,0.1111111111111111
n4510,0.25
n18988,0.25
n19844,0.17647058823529413
n11668,0.0
n22640,0.1111111111111111
n6750,0.25
n20817,0.0
n21242,0.0
n5369,0.17647058823529413
n6444,0.05263157894736842
n13124,0.1111111111111111
n6741,0.17647058823529413
n7237,0.25
n8435,0.25
n21217,0.05263157894736842
n13456,0.17647058823529413
n15436,0.0
n11289,0.0
n19098,0.1111111111111111
n10394,0.1111111111111111
n20454,0.05263157894736842
n11330,0.05263157894736842
n2195,0.1111111111111111
n9735,0.25
n18257,0.0
n21800,0.05263157894736842
n8542,0.1111111111111111
n20542,0.0
n21827,0.42857142857142855
n1430,0.0
n2740,0.0
n11474,0.17647058823529413
n8661,0.0
n21108,0.05263157894736842
n3837,0.17647058823529413
n18024,0.25
n16916,0.0
n18135,0.25
n1972,0.1111111111111111
n12277,0.0
n246,0.3333333333333333
n6509,0.1111111111111111
n9077,0.0
n13014,0.17647058823529413
n22970,0.1111111111111111
n20989,0.05263157894736842
n7212,0.17647058823529413
n20161,0.17647058823529413
n3080,0.17647058823529413
n8396,0.1111111111111111
n11139,0.0
n10723,0.1111111111111111
n9136,0.0
n18893,0.17647058823529413
n18061,0.17647058823529413
n13760,0.0
n15895,0.1111111111111111
n8798,0.05263157894736842
n37,0.17647058823529413
n21331,0.17647058823529413
n21014,0.0
n9553,0.1111111111111111
n2344,0.25
n9460,0.05263157894736842
n9871,0.05263157894736842
n21216,0.1111111111111111
n11136,0.1111111111111111
n21763,0.0
n6664,0.17647058823529413
n9267,0.05263157894736842
n18506,0.17647058823529413
n5013,0.42857142857142855
n17796,0.0
n15923,0.0
n3996,0.17647058823529413
n15487,0.0
n11314,0.25
n17278,0.1111111111111111
n6335,0.1111111111111111
n7887,0.05263157894736842
n8007,0.3333333333333333
n1524,0.1111111111111111
n8005,0.05263157894736842
n16434,0.0
n7219,0.17647058823529413
n4352,0.1111111111111111
n7837,0.05263157894736842
n8379,0.17647058823529413
n17764,0.3333333333333333
n18012,0.17647058823529413
n21336,0.1111111111111111
n1713,0.3333333333333333
n16891,0.1111111111111111
n10531,0.17647058823529413
n3337,0.0
n12995,0.17647058823529413
n20750,0.05263157894736842
n1407,0.1111111111111111
n7264,0.0
n14466,0.0
n17224,0.25
n1573,0.0
n3035,0.0
n4831,0.3333333333333333
n9215,0.1111111111111111
n6675,0.17647058823529413
n9242,0.0
n6909,0.05263157894736842
n13583,0.17647058823529413
n11316,0.17647058823529413
n18095,0.17647058823529413
n4216,0.17647058823529413
n20209,0.0
n22631,0.1111111111111111
n16716,0.1111111111111111
n4055,0.0
n1511,0.17647058823529413
n8968,0.0
n16850,0.05263157894736842
n11057,0.3333333333333333
n19272,0.05263157894736842
n14798,0.25
n3621,0.05263157894736842
n6332,0.17647058823529413
n7853,0.0
n18090,0.1111111111111111
n22879,0.1111111111111111
n10034,0.25
n15459,0.0
n20109,0.0
n22066,0.05263157894736842
n14484,0.1111111111111111
n11024,0.05263157894736842
n12345,0.0
n15926,0.1111111111111111
n15718,0.1111111111111111
n15797,0.1111111111111111
n6418,0.25
n10203,0.17647058823529413
n17882,0.0
n8559,0.05263157894736842
n20630,0.05263157894736842
n6284,0.17647058823529413
n18273,0.0
n21458,0.05263157894736842
n9534,0.17647058823529413
n1188,0.17647058823529413
n7353,0.17647058823529413
n1508,0.25
n5415,0.0
n2220,0.1111111111111111
n22933,0.05263157894736842
n2824,0.3333333333333333
n9747,0.1111111111111111
n15279,0.05263157894736842
n20886,0.1111111111111111
n3547,0.1111111111111111
n4167,0.3333333333333333
n3907,0.1111111111111111
n13431,0.05263157894736842
n20527,0.17647058823529413
n16695,0.0
n2756,0.1111111111111111
n15497,0.0
n20536,0.05263157894736842
n16240,0.0
n1513,0.1111111111111111
n3544,0.3333333333333333
n9723,0.5384615384615384
n16893,0.25
n10866,0.05263157894736842
n9984,0.05263157894736842
n7957,0.0
n15429,0.1111111111111111
n14488,0.25
n10450,0.0
n3585,0.6666666666666666
n10399,0.25
n17272,0.3333333333333333
n21112,0.17647058823529413
n18678,0.05263157894736842
n11597,0.05263157894736842
n5198,0.0
n15686,0.05263157894736842
n4737,0.05263157894736842
n15878,0.3333333333333333
n16945,0.17647058823529413
n3765,0.1111111111111111
n17104,0.17647058823529413
n11052,0.17647058823529413
n21111,0.17647058823529413
n10668,0.25
n9223,0.0
n15056,0.05263157894736842
n1352,0.0
n2414,0.17647058823529413
n8513,0.3333333333333333
n15387,0.0
n22872,0.0
n9807,0.05263157894736842
n12501,0.1111111111111111
n1326,0.1111111111111111
n10067,0.05263157894736842
n19803,0.17647058823529413
n5665,0.0
n9353,0.0
n18472,0.17647058823529413
n6841,0.1111111111111111
n3799,0.0
n1738,0.05263157894736842
n15613,0.0
n6490,0.0
n6274,0.1111111111111111
n9472,0.25
n20617,0.1111111111111111
n16994,0.05263157894736842
n17988,0.0
n8994,0.05263157894736842
n14609,0.0
n274,0.25
n18300,0.1111111111111111
n21949,0.17647058823529413
n4789,0.0
n17920,0.42857142857142855
n141,0.5384615384615384
n3373,0.1111111111111111
n9169,0.0
n8648,0.17647058823529413
n10033,0.3333333333333333
n12743,0.17647058823529413
n20166,0.0
n8081,0.0
n1411,0.1111111111111111
n5996,0.0
n5015,0.05263157894736842
n16135,0.17647058823529413
n1923,0.05263157894736842
n15733,0.0
n9670,0.0
n15306,0.17647058823529413
n12220,0.0
n8571,0.17647058823529413
n11482,0.25
n11845,0.25
n14144,0.0
n1914,0.3333333333333333
n21322,0.17647058823529413
n19694,0.17647058823529413
n20532,0.1111111111111111
n15514,0.05263157894736842
n11699,0.05263157894736842
n4957,0.05263157894736842
n20905,0.0
n13777,0.17647058823529413
n8857,0.0
n17075,0.17647058823529413
n1449,0.17647058823529413
n5643,0.05263157894736842
n10603,0.0
n16904,0.17647058823529413
n22464,0.0
n20132,0.17647058823529413
n1174,0.0
n1610,0.0
n7268,0.0
n12994,0.0
n4632,0.0
n2193,0.17647058823529413
n2732,0.3333333333333333
n17289,0.1111111111111111
n1197,0.05263157894736842
n19371,0.0
n7224,0.25
n13929,0.25
n18760,0.0
n20919,0.05263157894736842
n1690,0.25
n12537,0.17647058823529413
n20127,0.17647058823529413
n9644,0.25
n16247,0.0
n10044,0.25
n14891,0.1111111111111111
n17638,0.25
n20347,0.05263157894736842
n19006,0.42857142857142855
n4918,0.1111111111111111
n14280,0.05263157894736842
n1306,0.1111111111111111
n5679,0.17647058823529413
n6310,0.0
n11284,0.0
n6683,0.3333333333333333
n3347,0.42857142857142855
n8459,0.17647058823529413
n15442,0.0
n14475,0.0
n30,0.0
n8845,0.17647058823529413
n8954,0.05263157894736842
n8576,0.25
n19731,0.05263157894736842
n10610,0.0
n20521,0.0
n21766,0.0
n21293,0.1111111111111111
n22519,0.05263157894736842
n12858,0.0
n6464,0.1111111111111111
n9721,0.0
n5095,0.1111111111111111
n11758,0.1111111111111111
n20460,0.05263157894736842
n21013,0.1111111111111111
n1928,0.05263157894736842
n1465,0.0
n7234,0.17647058823529413
n3479,0.05263157894736842
n1823,0.05263157894736842
n5306,0.17647058823529413
n22129,0.05263157894736842
n18167,0.05263157894736842
n6844,0.17647058823529413
n18785,0.05263157894736842
n6154,0.05263157894736842
n14614,0.0
n8506,0.5384615384615384
n15596,0.0
n15270,0.0
n4367,0.42857142857142855
n16080,0.25
n17755,0.17647058823529413
n13439,0.1111111111111111
n6853,0.0
n4925,0.3333333333333333
n15495,0.0
n11775,0.05263157894736842
n19014,0.17647058823529413
n11765,0.42857142857142855
n15660,0.1111111111111111
n21184,0.0
n1304,0.3333333333333333
n14121,0.17647058823529413
n1457,0.1111111111111111
n20903,0.05263157894736842
n20463,0.05263157894736842
n19083,0.17647058823529413
n21424,0.17647058823529413
n3486,0.0
n18990,0.05263157894736842
n22919,0.0
n12199,0.3333333333333333
n2600,0.0
n14355,0.1111111111111111
n5313,0.42857142857142855
n10460,0.1111111111111111
n9144,0.0
n12422,0.05263157894736842
n18775,0.25
n10015,0.1111111111111111
n20910,0.17647058823529413
n369,0.0
n13598,0.05263157894736842
n8633,0.05263157894736842
n766,0.0
n4431,0.05263157894736842
n10328,0.17647058823529413
n4760,0.05263157894736842
n1612,0.25
n11570,0.05263157894736842
n18844,0.0
n8437,0.1111111111111111
n347,0.05263157894736842
n6240,0.0
n3738,0.42857142857142855
n20399,0.0
n7518,0.05263157894736842
n17029,0.0
n1645,0.0
n15422,0.25
n11285,0.05263157894736842
n8485,0.1111111111111111
n17925,0.17647058823529413
n8058,0.17647058823529413
n2487,0.17647058823529413
n17870,0.0
n15462,0.1111111111111111
n9045,0.05263157894736842
n6818,0.0
n10197,0.0
n5521,0.5384615384615384
n15592,0.0
n17093,0.05263157894736842
n18255,0.05263157894736842
n19172,0.1111111111111111
n4404,0.0
n16878,0.0
n18040,0.3333333333333333
n4281,0.0
n3538,0.05263157894736842
n17866,0.0
n20426,0.1111111111111111
n2152,0.1111111111111111
n1799,0.1111111111111111
n10574,0.05263157894736842
n19168,0.25
n1655,0.05263157894736842
n1374,0.0
n22378,0.05263157894736842
n6687,0.3333333333333333
n17715,0.17647058823529413
n14405,0.05263157894736842
n18155,0.0
n3100,0.05263157894736842
n7429,0.25
n8487,0.25
n9648,0.1111111111111111
n7403,0.1111111111111111
n59,0.0
n6484,0.05263157894736842
n17443,0.0
n18597,0.17647058823529413
n8544,0.3333333333333333
n9639,0.17647058823529413
n10648,0.25
n12029,0.1111111111111111
n20948,0.17647058823529413
n15192,0.0
n16829,0.0
n2971,0.0
n7050,0.0
n13708,0.05263157894736842
n18758,0.0
n3021,0.3333333333333333
n5392,0.3333333333333333
n7892,0.0
n1911,0.0
n20485,0.05263157894736842
n17522,0.1111111111111111
n19206,0.05263157894736842
n10052,0.05263157894736842
n6002,0.0
n5580,0.0
n14255,0.0
n5910,0.05263157894736842
n4138,0.0
n12936,0.05263157894736842
n5893,0.05263157894736842
n4056,0.5384615384615384
n13931,0.3333333333333333
n6131,0.1111111111111111
n15580,0.1111111111111111
n13294,0.1111111111111111
n8386,0.05263157894736842
n4079,0.05263157894736842
n6756,0.1111111111111111
n18958,0.42857142857142855
n1615,0.17647058823529413
n17885,0.1111111111111111
n7766,0.42857142857142855
n2742,0.17647058823529413
n3563,0.05263157894736842
n14030,0.1111111111111111
n13748,0.05263157894736842
n5038,0.05263157894736842
n16162,0.0
n13903,0.17647058823529413
n1582,0.17647058823529413
n3705,0.1111111111111111
n8825,0.05263157894736842
n9157,0.05263157894736842
n15412,0.05263157894736842
n11734,0.0
n8032,0.0
n9525,0.0
n21724,0.0
n14965,0.0
n8865,0.25
n6017,0.05263157894736842
n6851,0.3333333333333333
n300,0.0
n11712,0.3333333333333333
n19149,0.3333333333333333
n21177,0.25
n15564,0.05263157894736842
n15539,0.0
n6155,0.42857142857142855
n14147,0.0
n16930,0.25
n8431,0.05263157894736842
n10231,0.0
n13712,0.0
n11787,0.1111111111111111
n1932,0.3333333333333333
n15617,0.1111111111111111
n4288,0.3333333333333333
n1295,0.0
n19146,0.05263157894736842
n21213,0.0
n3836,0.17647058823529413
n3922,0.17647058823529413
n12000,0.05263157894736842
n15304,0.17647058823529413
n15507,0.1111111111111111
n19660,0.17647058823529413
n8532,0.05263157894736842
n11234,0.3333333333333333
n16484,0.05263157894736842
n4299,0.1111111111111111
n10110,0.0
n1184,0.05263157894736842
n3420,0.3333333333333333
n20023,0.0
n5337,0.0
n15340,0.17647058823529413
n12518,0.1111111111111111
n10387,0.25
n6459,0.05263157894736842
n17620,0.17647058823529413
n20408,0.05263157894736842
n18559,0.0
n19114,0.1111111111111111
n19547,0.25
n22235,0.25
n11875,0.25
n12523,0.0
n16181,0.0
n17905,0.3333333333333333
n14513,0.25
n7236,0.3333333333333333
n6304,0.25
n22264,0.17647058823529413
n11977,0.0
n16913,0.25
n7832,0.0
n19380,0.17647058823529413
n3081,0.05263157894736842
n11637,0.0
n15729,0.1111111111111111
n2081,0.1111111111111111
n7258,0.0
n19857,0.05263157894736842
n5046,0.05263157894736842
n15899,0.1111111111111111
n22677,0.1111111111111111
n8140,0.0
n19212,0.05263157894736842
n8469,0.42857142857142855
n12224,0.05263157894736842
n18088,0.05263157894736842
n1946,0.17647058823529413
n15875,0.05263157894736842
n15841,0.5384615384615384
n16322,0.0
n6044,0.05263157894736842
n18051,0.1111111111111111
n7422,0.05263157894736842
n21290,0.25
n17948,0.17647058823529413
n17011,0.1111111111111111
n15603,0.0
n16166,0.1111111111111111
n16161,0.05263157894736842
n17922,0.05263157894736842
n8997,0.0
n2097,0.17647058823529413
n834,0.05263157894736842
n4155,0.1111111111111111
n21659,0.3333333333333333
n253,0.17647058823529413
n3018,0.1111111111111111
n18074,0.05263157894736842
n1599,0.17647058823529413
n15705,0.1111111111111111
n14325,0.0
n6539,0.17647058823529413
n10139,0.1111111111111111
n15678,0.0
n1656,0.1111111111111111
n4580,0.25
n13161,0.0
n8535,0.5384615384615384
n16997,0.0
n10384,0.0
n991,0.0
n9950,0.05263157894736842
n17670,0.05263157894736842
n11011,0.0
n3620,0.05263157894736842
n18234,0.0
n4133,0.17647058823529413
n14990,0.05263157894736842
n13720,0.0
n19203,0.0
n18910,0.1111111111111111
n11752,0.05263157894736842
n6695,0.05263157894736842
n377,0.0
n12943,0.25
n7932,0.17647058823529413
n19979,0.1111111111111111
n5494,0.0
n18103,0.0
n5040,0.17647058823529413
n18654,0.0
n7153,0.0
n20700,0.05263157894736842
n5875,0.05263157894736842
n7759,0.0
n18891,0.1111111111111111
n17113,0.0
n20429,0.25
n13702,0.3333333333333333
n19019,0.1111111111111111
n4370,0.05263157894736842
n9857,0.0
n12614,0.1111111111111111
n18164,0.25
n20787,0.1111111111111111
n1409,0.05263157894736842
n8355,0.05263157894736842
n18987,0.17647058823529413
n6165,0.1111111111111111
n22067,0.05263157894736842
n16918,0.1111111111111111
n1547,0.25
n2173,0.1111111111111111
n4700,0.17647058823529413
n16776,0.0
n16907,0.17647058823529413
n11090,0.17647058823529413
n10570,0.17647058823529413
n21429,0.0
n4001,0.05263157894736842
n5805,0.17647058823529413
n9713,0.25
n4456,0.05263157894736842
n16931,0.0
n12238,0.17647058823529413
n4830,0.3333333333333333
n5315,0.25
n15402,0.0
n16581,0.1111111111111111
n10350,0.3333333333333333
n17211,0.05263157894736842
n18918,0.17647058823529413
n20014,0.0
n6919,0.0
n21705,0.05263157894736842
n7161,0.25
n7776,0.42857142857142855
n18961,0.25
n3282,0.05263157894736842
n18971,0.1111111111111111
n5918,0.0
n2901,0.05263157894736842
n3957,0.0
n1505,0.05263157894736842
n6633,0.1111111111111111
n7625,0.05263157894736842
n13926,0.1111111111111111
n15744,0.17647058823529413
n13384,0.0
n2290,0.05263157894736842
n3345,0.0
n10117,0.0
n21459,0.42857142857142855
n508,0.17647058823529413
n15193,0.05263157894736842
n3886,0.17647058823529413
n5,0.0
n6479,0.0
n3379,0.17647058823529413
n21883,0.0
n4808,0.17647058823529413
n345,0.1111111111111111
n1291,0.1111111111111111
n6425,0.1111111111111111
n13859,0.1111111111111111
n15784,0.1111111111111111
n21504,0.25
n19397,0.05263157894736842
n6993,0.0
n11559,0.25
n1404,0.3333333333333333
n1439,0.1111111111111111
n21733,0.05263157894736842
n12463,0.0
n9148,0.17647058823529413
n13250,0.1111111111111111
n15798,0.0
n20619,0.05263157894736842
n17975,0.0
n13757,0.0
n3403,0.05263157894736842
n17793,0.05263157894736842
n6586,0.1111111111111111
n11754,0.0
n21395,0.0
n21136,0.1111111111111111
n13918,0.0
n9641,0.1111111111111111
n511,0.17647058823529413
n17961,0.05263157894736842
n2728,0.1111111111111111
n5592,0.05263157894736842
n2880,0.0
n13341,0.1111111111111111
n19823,0.0
n17827,0.0
n3987,0.1111111111111111
n21521,0.0
n7019,0.05263157894736842
n8886,0.1111111111111111
n2093,0.05263157894736842
n20045,0.17647058823529413
n4485,0.0
n12343,0.0
n17234,0.3333333333333333
n20703,0.0
n13734,0.0
n5588,0.1111111111111111
n22277,0.0
n6819,0.05263157894736842
n8847,0.1111111111111111
n20827,0.0
n10353,0.17647058823529413
n20483,0.0
n18075,0.05263157894736842
n5662,0.25
n5031,0.0
n15074,0.1111111111111111
n16206,0.1111111111111111
n3591,0.05263157894736842
n8111,0.05263157894736842
n16887,0.17647058823529413
n8061,0.17647058823529413
n22336,0.17647058823529413
n3390,0.05263157894736842
n4417,0.0
n19567,0.0
n15673,0.0
n13011,0.05263157894736842
n18956,0.5384615384615384
n19018,0.1111111111111111
n16316,0.1111111111111111
n1378,0.0
n15816,0.17647058823529413
n16864,0.1111111111111111
n8430,0.0
n20893,0.0
n20002,0.0
n14783,0.05263157894736842
n7281,0.1111111111111111
n14782,0.0
n17909,0.17647058823529413
n20569,0.3333333333333333
n1997,0.05263157894736842
n6487,0.05263157894736842
n4874,0.25
n20660,0.0
n6987,0.5384615384615384
n18365,0.05263157894736842
n3736,0.1111111111111111
n6887,0.17647058823529413
n8876,0.25
n20182,0.17647058823529413
n20274,0.1111111111111111
n22620,0.17647058823529413
n2137,0.0
n10414,0.3333333333333333
n1708,0.0
n8926,0.17647058823529413
n9600,0.0
n12526,0.05263157894736842
n4210,0.0
n9414,0.1111111111111111
n7710,0.25
n1606,0.17647058823529413
n12722,0.0
n14089,0.0
n22353,0.0
n6534,0.25
n176,0.1111111111111111
n16875,0.25
n11484,0.17647058823529413
n21317,0.17647058823529413
n2835,0.42857142857142855
n20861,0.1111111111111111
n5152,0.17647058823529413
n13323,0.05263157894736842
n3683,0.17647058823529413
n4697,0.17647058823529413
n19163,0.3333333333333333
n3528,0.05263157894736842
n3535,0.17647058823529413
n5999,0.25
n15266,0.3333333333333333
n22740,0.17647058823529413
n4289,0.05263157894736842
n18798,0.42857142857142855
n8516,0.1111111111111111
n19067,0.0
n12276,0.25
n6847,0.25
n4409,0.0
n6562,0.05263157894736842
n17979,0.0
n14503,0.25
n11349,0.05263157894736842
n16220,0.1111111111111111
n3628,0.42857142857142855
n14860,0.05263157894736842
n16584,0.0
n6319,0.05263157894736842
n19066,0.0
n7714,0.17647058823529413
n16731,0.17647058823529413
n4336,0.17647058823529413
n2892,0.1111111111111111
n20472,0.1111111111111111
n2764,0.1111111111111111
n8302,0.05263157894736842
n14266,0.0
n15630,0.1111111111111111
n9619,0.05263157894736842
n19988,0.42857142857142855
n11925,0.17647058823529413
n8046,0.17647058823529413
n5401,0.25
n12749,0.0
n13385,0.25
n2748,0.05263157894736842
n7423,0.1111111111111111
n15550,0.17647058823529413
n18882,0.05263157894736842
n5051,0.17647058823529413
n20659,0.17647058823529413
n17754,0.25
n13238,0.25
n3567,0.0
n7269,0.1111111111111111
n18108,0.42857142857142855
n20665,0.17647058823529413
n20783,0.05263157894736842
n14315,0.42857142857142855
n11666,0.17647058823529413
n18240,0.1111111111111111
n8977,0.05263157894736842
n15704,0.0
n19144,0.17647058823529413
n11607,0.17647058823529413
n11443,0.0
n1739,0.42857142857142855
n17440,0.0
n19916,0.17647058823529413
n14231,0.05263157894736842
n9990,0.05263157894736842
n11334,0.05263157894736842
n2103,0.25
n13185,0.05263157894736842
n17954,0.17647058823529413
n19274,0.0
n16264,0.17647058823529413
n1393,0.0
n20520,0.25
n16667,0.05263157894736842
n7536,0.05263157894736842
n363,0.17647058823529413
n5022,0.0
n20932,0.05263157894736842
n6422,0.0
n9902,0.42857142857142855
n3540,0.42857142857142855
n11313,0.05263157894736842
n8008,0.42857142857142855
n15805,0.3333333333333333
n18742,0.1111111111111111
n1498,0.0
n16444,0.05263157894736842
n11269,0.05263157894736842
n3378,0.25
n15827,0.17647058823529413
n21374,0.25
n6009,0.1111111111111111
n102,0.05263157894736842
n3217,0.1111111111111111
n7054,0.0
n15908,0.1111111111111111
n16230,0.1111111111111111
n18353,0.0
n8785,0.1111111111111111
n350,0.05263157894736842
n8889,0.1111111111111111
n4517,0.0
n18857,0.17647058823529413
n358,0.05263157894736842
n16222,0.0
n3493,0.05263157894736842
n12659,0.1111111111111111
n1369,0.0
n20608,0.0
n2720,0.25
n7755,0.05263157894736842
n22709,0.1111111111111111
n20613,0.0
n4074,0.05263157894736842
n14478,0.17647058823529413
n6450,0.1111111111111111
n3744,0.17647058823529413
n7000,0.25
n10637,0.05263157894736842
n15503,0.05263157894736842
n21946,0.0
n1484,0.17647058823529413
n14052,0.25
n5472,0.17647058823529413
n18916,0.42857142857142855
n15677,0.0
n2032,0.17647058823529413
n21607,0.0
n6163,0.05263157894736842
n2096,0.1111111111111111
n3033,0.05263157894736842
n333,0.0
n4743,0.05263157894736842
n20864,0.0
n17255,0.1111111111111111
n2524,0.05263157894736842
n13502,0.0
n18400,0.25
n7604,0.05263157894736842
n1938,0.05263157894736842
n10385,0.1111111111111111
n20826,0.05263157894736842
n4070,0.42857142857142855
n16183,0.05263157894736842
n10630,0.3333333333333333
n15019,0.0
n21497,0.0
n6940,0.17647058823529413
n6685,0.17647058823529413
n8072,0.17647058823529413
n2554,0.3333333333333333
n5561,0.3333333333333333
n5560,0.25
n14448,0.0
n6931,0.0
n20462,0.3333333333333333
n8208,0.05263157894736842
n16223,0.1111111111111111
n19658,0.3333333333333333
n15644,0.0
n22878,0.05263157894736842
n8980,0.1111111111111111
n9041,0.0
n12043,0.17647058823529413
n6924,0.0
n15334,0.0
n7163,0.17647058823529413
n16870,0.17647058823529413
n3999,0.1111111111111111
n9190,0.25
n18998,0.05263157894736842
n19705,0.0
n17888,0.3333333333333333
n20187,0.1111111111111111
n4021,0.17647058823529413
n7746,0.17647058823529413
n12089,0.3333333333333333
n18476,0.05263157894736842
n8766,0.17647058823529413
n19284,0.0
n5516,0.42857142857142855
n17206,0.17647058823529413
n357,0.05263157894736842
n21306,0.1111111111111111
n17304,0.05263157894736842
n11948,0.1111111111111111
n1867,0.05263157894736842
n10994,0.0
n12007,0.05263157894736842
n5983,0.1111111111111111
n15055,0.1111111111111111
n16654,0.1111111111111111
n18940,0.3333333333333333
n18458,0.0
n20577,0.25
n8543,0.42857142857142855
n4827,0.1111111111111111
n4954,0.05263157894736842
n4237,0.25
n4985,0.25
n11380,0.17647058823529413
n20108,0.1111111111111111
n20284,0.0
n21385,0.1111111111111111
n1747,0.17647058823529413
n1395,0.25
n7430,0.17647058823529413
n458,0.42857142857142855
n12011,0.5384615384615384
n19723,0.0
n9475,0.0
n1869,0.0
n17148,0.1111111111111111
n1481,0.25
n8862,0.05263157894736842
n10606,0.1111111111111111
n16827,0.05263157894736842
n2703,0.1111111111111111
n1767,0.0
n9137,0.1111111111111111
n7385,0.0
n10368,0.42857142857142855
n14203,0.0
n8062,0.17647058823529413
n14838,0.05263157894736842
n15419,0.05263157894736842
n17448,0.05263157894736842
n11304,0.05263157894736842
n2346,0.05263157894736842
n8481,0.05263157894736842
n11604,0.1111111111111111
n15277,0.1111111111111111
n18691,0.1111111111111111
n4610,0.1111111111111111
n6316,0.05263157894736842
n17687,0.17647058823529413
n19546,0.0
n6697,0.17647058823529413
n22549,0.0
n1678,0.05263157894736842
n6848,0.05263157894736842
n12290,0.05263157894736842
n10625,0.05263157894736842
n15681,0.1111111111111111
n20866,0.0
n15371,0.1111111111111111
n16310,0.05263157894736842
n10619,0.0
n20840,0.05263157894736842
n3980,0.3333333333333333
n2902,0.42857142857142855
n2493,0.0
n6483,0.05263157894736842
n8910,0.05263157894736842
n16859,0.17647058823529413
n9692,0.05263157894736842
n3383,0.0
n3135,0.05263157894736842
n19635,0.3333333333333333
n19401,0.25
n11119,0.0
n21116,0.1111111111111111
n9395,0.0
n15271,0.0
n15376,0.17647058823529413
n839,0.0
n3410,0.0
n17151,0.25
n12892,0.0
n104,0.1111111111111111
n19150,0.5384615384615384
n13083,0.25
n216,0.05263157894736842
n7242,0.1111111111111111
n2868,0.17647058823529413
n16197,0.1111111111111111
n6456,0.25
n16449,0.0
n17439,0.05263157894736842
n2828,0.1111111111111111
n11376,0.17647058823529413
n6420,0.17647058823529413
n13872,0.3333333333333333
n10372,0.3333333333333333
n10813,0.25
n13887,0.17647058823529413
n21120,0.0
n11996,0.1111111111111111
n13703,0.05263157894736842
n18542,0.0
n13914,0.17647058823529413
n10644,0.05263157894736842
n18589,0.0
n21880,0.05263157894736842
n7010,0.3333333333333333
n9177,0.0
n8085,0.0
n10190,0.1111111111111111
n9099,0.0
n3037,0.0
n8890,0.3333333333333333
n20140,0.25
n22321,0.05263157894736842
n16559,0.05263157894736842
n4591,0.05263157894736842
n11360,0.0
n3125,0.25
n20580,0.17647058823529413
n2409,0.25
n14351,0.1111111111111111
n7299,0.05263157894736842
n1701,0.25
n3641,0.05263157894736842
n1425,0.3333333333333333
n22833,0.1111111111111111
n14384,0.05263157894736842
n3291,0.0
n10674,0.05263157894736842
n6679,0.05263157894736842
n4498,0.42857142857142855
n4002,0.0
n8583,0.0
n17395,0.0
n18229,0.05263157894736842
n19881,0.0
n8362,0.1111111111111111
n3393,0.0
n7041,0.05263157894736842
n14359,0.0
n1843,0.0
n9552,0.05263157894736842
n16074,0.25
n14929,0.05263157894736842
n4491,0.25
n15970,0.0
n1410,0.0
n7051,0.1111111111111111
n20351,0.3333333333333333
n10164,0.0
n1332,0.0
n1777,0.1111111111111111
n9105,0.05263157894736842
n7609,0.1111111111111111
n21737,0.0
n18575,0.0
n283,0.1111111111111111
n21124,0.1111111111111111
n330,0.17647058823529413
n22195,0.25
n20770,0.0
n3926,0.05263157894736842
n8974,0.0
n21976,0.0
n16204,0.0
n7827,0.0
n19358,0.05263157894736842
n18694,0.05263157894736842
n18867,0.17647058823529413
n17132,0.1111111111111111
n19870,0.05263157894736842
n9121,0.17647058823529413
n10356,0.17647058823529413
n4508,0.1111111111111111
n20515,0.0
n16717,0.0
n18652,0.0
n5563,0.3333333333333333
n5722,0.1111111111111111
n10381,0.1111111111111111
n10322,0.05263157894736842
n10842,0.0
n14471,0.0
n6371,0.0
n18304,0.05263157894736842
n1434,0.17647058823529413
n20818,0.05263157894736842
n17414,0.1111111111111111
n4013,0.17647058823529413
n9391,0.0
n521,0.0
n15800,0.1111111111111111
n18358,0.05263157894736842
n18237,0.42857142857142855
n9765,0.17647058823529413
n11750,0.25
n15756,0.0
n2767,0.05263157894736842
n1641,0.17647058823529413
n18644,0.1111111111111111
n325,0.05263157894736842
n10862,0.05263157894736842
n6980,0.1111111111111111
n9878,0.3333333333333333
n12528,0.0
n19201,0.25
n4412,0.0
n15936,0.25
n17400,0.05263157894736842
n7165,0.0
n18205,0.25
n7060,0.0
n12941,0.0
n8187,0.17647058823529413
n12919,0.0
n22658,0.05263157894736842
n9040,0.1111111111111111
n13860,0.0
n10867,0.0
n7694,0.0
n11745,0.25
n17973,0.05263157894736842
n7999,0.0
n1915,0.0
n8404,0.05263157894736842
n15450,0.25
n18883,0.0
n7080,0.17647058823529413
n16526,0.17647058823529413
n20439,0.1111111111111111
n10615,0.1111111111111111
n7683,0.42857142857142855
n18692,0.25
n9577,0.1111111111111111
n16119,0.42857142857142855
n17415,0.0
n2092,0.0
n17383,0.42857142857142855
n4450,0.17647058823529413
n11197,0.05263157894736842
n6282,0.1111111111111111
n10431,0.1111111111111111
n11942,0.05263157894736842
n405,0.3333333333333333
n646,0.3333333333333333
n1942,0.05263157894736842
n5049,0.0
n6237,0.1111111111111111
n12502,0.3333333333333333
n18584,0.1111111111111111
n3699,0.17647058823529413
n2747,0.05263157894736842
n3928,0.0
n6122,0.0
n6555,0.05263157894736842
n7247,0.05263157894736842
n5831,0.0
n22478,0.0
n17808,0.05263157894736842
n4215,0.1111111111111111
n21990,0.05263157894736842
n4468,0.1111111111111111
n10192,0.0
n535,0.0
n542,0.05263157894736842
n12031,0.25
n16232,0.0
n5828,0.0
n20288,0.05263157894736842
n2689,0.1111111111111111
n19874,0.1111111111111111
n15461,0.0
n524,0.05263157894736842
n3197,0.05263157894736842
n5495,0.25
n3639,0.17647058823529413
n19828,0.1111111111111111
n2202,0.1111111111111111
n2783,0.05263157894736842
n21185,0.25
n15680,0.05263157894736842
n1435,0.1111111111111111
n16910,0.0
n1208,0.05263157894736842
n8259,0.5384615384615384
n10310,0.25
n10551,0.0
n6085,0.05263157894736842
n15110,0.05263157894736842
n15607,0.05263157894736842
n20457,0.17647058823529413
n15890,0.5384615384615384
n618,0.1111111111111111
n712,0.1111111111111111
n1718,0.17647058823529413
n3626,0.0
n9083,0.25
n16120,0.25
n22246,0.3333333333333333
n18209,0.05263157894736842
n20588,0.05263157894736842
n328,0.05263157894736842
n10686,0.0
n15599,0.0
n18112,0.0
n11310,0.0
n21296,0.3333333333333333
n67,0.1111111111111111
n3860,0.17647058823529413
n19398,0.0
n8835,0.17647058823529413
n3405,0.17647058823529413
n10054,0.25
n18097,0.25
n6623,0.1111111111111111
n20796,0.05263157894736842
n5102,0.0
n20854,0.05263157894736842
n12288,0.3333333333333333
n14635,0.0
n7251,0.0
n10536,0.17647058823529413
n6482,0.1111111111111111
n11557,0.1111111111111111
n19123,0.1111111111111111
n13312,0.3333333333333333
n15796,0.17647058823529413
n21591,0.0
n10612,0.05263157894736842
n19041,0.17647058823529413
n12546,0.17647058823529413
n8514,0.1111111111111111
n14928,0.1111111111111111
n19969,0.25
n20895,0.17647058823529413
n6325,0.1111111111111111
n7921,0.17647058823529413
n13912,0.17647058823529413
n2140,0.3333333333333333
n7903,0.0
n19848,0.05263157894736842
n1427,0.05263157894736842
n8710,0.5384615384615384
n9958,0.0
n4481,0.1111111111111111
n4254,0.0
n21790,0.1111111111111111
n9262,0.0
n15627,0.17647058823529413
n2738,0.0
n11763,0.25
n21269,0.05263157894736842
n6073,0.0
n17969,0.0
n18999,0.0
n1906,0.0
n2348,0.0
n2191,0.3333333333333333
n6158,0.1111111111111111
n18001,0.25
n7395,0.05263157894736842
n22857,0.0
n18631,0.17647058823529413
n1848,0.17647058823529413
n3779,0.05263157894736842
n3543,0.17647058823529413
n6713,0.1111111111111111
n8068,0.1111111111111111
n19875,0.1111111111111111
n19760,0.1111111111111111
n1659,0.0
n16837,0.3333333333333333
n15818,0.42857142857142855
n15641,0.0
n12891,0.05263157894736842
n1740,0.1111111111111111
n18852,0.1111111111111111
n6417,0.05263157894736842
n14098,0.05263157894736842
n16027,0.1111111111111111
n10068,0.1111111111111111
n10869,0.17647058823529413
n18761,0.0
n15486,0.17647058823529413
n5994,0.05263157894736842
n18872,0.3333333333333333
n8449,0.17647058823529413
n8130,0.05263157894736842
n21606,0.05263157894736842
n8609,0.17647058823529413
n15671,0.17647058823529413
n1705,0.1111111111111111
n10738,0.1111111111111111
n2061,0.0
n261,0.1111111111111111
n9739,0.0
n6546,0.17647058823529413
n12446,0.05263157894736842
n3875,0.3333333333333333
n6466,0.0
n249,0.0
n9790,0.3333333333333333
n12190,0.0
n21416,0.0
n18105,0.05263157894736842
n4583,0.17647058823529413
n60,0.1111111111111111
n17110,0.25
n21150,0.0
n18278,0.0
n6461,0.17647058823529413
n20771,0.1111111111111111
n7940,0.0
n8021,0.42857142857142855
n17361,0.1111111111111111
n2008,0.05263157894736842
n22555,0.0
n7215,0.42857142857142855
n10546,0.0
n6359,0.17647058823529413
n4156,0.0
n2698,0.05263157894736842
n7734,0.05263157894736842
n20672,0.25
n3941,0.1111111111111111
n16883,0.05263157894736842
n22006,0.1111111111111111
n12889,0.0
n15932,0.3333333333333333
n8053,0.1111111111111111
n8775,0.25
n16839,0.1111111111111111
n1834,0.0
n5116,0.0
n10517,0.05263157894736842
n21297,0.17647058823529413
n3857,0.1111111111111111
n19910,0.17647058823529413
n5579,0.1111111111111111
n5953,0.0
n12396,0.17647058823529413
n9671,0.25
n3841,0.17647058823529413
n18797,0.17647058823529413
n10459,0.1111111111111111
n12221,0.0
n17668,0.05263157894736842
n10204,0.25
n18794,0.3333333333333333
n9108,0.1111111111111111
n6256,0.0
n5140,0.17647058823529413
n15103,0.1111111111111111
n10995,0.17647058823529413
n18946,0.05263157894736842
n10069,0.0
n58,0.17647058823529413
n1725,0.0
n18975,0.0
n21299,0.1111111111111111
n6434,0.0
n7035,0.05263157894736842
n6898,0.0
n19058,0.17647058823529413
n14791,0.1111111111111111
n8651,0.05263157894736842
n21178,0.0
n20402,0.0
n21279,0.05263157894736842
n9982,0.0
n15698,0.17647058823529413
n21457,0.0
n4026,0.1111111111111111
n17444,0.0
n23,0.0
n18712,0.1111111111111111
n19011,0.17647058823529413
n17712,0.0
n3951,0.1111111111111111
n984,0.1111111111111111
n1424,0.05263157894736842
n10614,0.17647058823529413
n12146,0.5384615384615384
n6836,0.1111111111111111
n2913,0.25
n5067,0.0
n18020,0.3333333333333333
n5470,0.1111111111111111
n366,0.1111111111111111
n16824,0.05263157894736842
n1285,0.25
n15914,0.1111111111111111
n16200,0.17647058823529413
n10826,0.1111111111111111
n5728,0.0
n15978,0.0
n10340,0.05263157894736842
n3007,0.17647058823529413
n9356,0.0
n11160,0.17647058823529413
n9849,0.25
n2377,0.3333333333333333
n19385,0.0
n1289,0.17647058823529413
n15745,0.1111111111111111
n3363,0.0
n20966,0.05263157894736842
n1273,0.25
n11851,0.05263157894736842
n7772,0.1111111111111111
n10051,0.05263157894736842
n13646,0.05263157894736842
n15556,0.17647058823529413
n20646,0.05263157894736842
n9554,0.0
n3156,0.0
n12801,0.1111111111111111
n19031,0.05263157894736842
n1228,0.0
n3923,0.1111111111111111
n20319,0.17647058823529413
n19002,0.0
n6127,0.05263157894736842
n8802,0.25
n14382,0.05263157894736842
n6828,0.17647058823529413
n9650,0.25
n18271,0.05263157894736842
n8426,0.3333333333333333
n988,0.05263157894736842
n22840,0.0
n10063,0.1111111111111111
n6283,0.05263157894736842
n9930,0.0
n19402,0.1111111111111111
n7774,0.05263157894736842
n7370,0.5384615384615384
n6626,0.05263157894736842
n18175,0.0
n11,0.05263157894736842
n1495,0.0
n6762,0.0
n11943,0.17647058823529413
n13873,0.1111111111111111
n16728,0.05263157894736842
n1554,0.05263157894736842
n15473,0.05263157894736842
n17678,0.05263157894736842
n12662,0.1111111111111111
n17264,0.05263157894736842
n15714,0.0
n14602,0.1111111111111111
n16897,0.05263157894736842
n16718,0.05263157894736842
n19879,0.05263157894736842
n9469,0.25
n12894,0.05263157894736842
n8050,0.1111111111111111
n4765,0.05263157894736842
n19990,0.05263157894736842
n22359,0.0
n15812,0.17647058823529413
n22832,0.1111111111111111
n18972,0.25
n8381,0.42857142857142855
n1408,0.25
n5162,0.0
n8533,0.3333333333333333
n5558,0.0
n6613,0.25
n6443,0.1111111111111111
n6247,0.05263157894736842
n7309,0.1111111111111111
n17031,0.0
n18030,0.0
n16983,0.05263157894736842
n3285,0.17647058823529413
n6975,0.05263157894736842
n20954,0.0
n6182,0.1111111111111111
n16892,0.25
n8033,0.0
n15854,0.0
n2593,0.0
n22545,0.0
n12897,0.17647058823529413
n15893,0.17647058823529413
n6797,0.1111111111111111
n16248,0.1111111111111111
n18599,0.17647058823529413
n16145,0.1111111111111111
n16604,0.0
n6391,0.0
n9813,0.05263157894736842
n1293,0.0
n15291,0.0
n8567,0.17647058823529413
n6105,0.1111111111111111
n12674,0.05263157894736842
n3539,0.3333333333333333
n10291,0.17647058823529413
n10744,0.0
n19636,0.1111111111111111
n12530,0.17647058823529413
n21487,0.05263157894736842
n15921,0.17647058823529413
n1571,0.05263157894736842
n21770,0.0
n6859,0.17647058823529413
n15600,0.25
n143,0.0
n13356,0.17647058823529413
n15318,0.1111111111111111
n18843,0.3333333333333333
n14199,0.0
n19118,0.17647058823529413
n12358,0.05263157894736842
n11682,0.0
n7257,0.0
n22877,0.1111111111111111
n10875,0.0
n12088,0.0
n6591,0.0
n13365,0.17647058823529413
n16179,0.1111111111111111
n21666,0.0
n1619,0.05263157894736842
n1275,0.05263157894736842
n4532,0.0
n7273,0.0
n15646,0.05263157894736842
n17936,0.05263157894736842
n3661,0.17647058823529413
n7138,0.05263157894736842
n14365,0.0
n13429,0.0
n15748,0.1111111111111111
n9686,0.0
n1527,0.17647058823529413
n19832,0.0
n18927,0.25
n12372,0.17647058823529413
n1811,0.0
n10628,0.1111111111111111
n15509,0.0
n11514,0.05263157894736842
n17970,0.0
n16401,0.1111111111111111
n6280,0.42857142857142855
n8181,0.1111111111111111
n11575,0.05263157894736842
n19903,0.17647058823529413
n6255,0.0
n16138,0.17647058823529413
n8429,0.0
n16409,0.1111111111111111
n17000,0.05263157894736842
n15571,0.3333333333333333
n12440,0.0
n8401,0.05263157894736842
n8551,0.17647058823529413
n9415,0.1111111111111111
n9974,0.25
n4620,0.1111111111111111
n5526,0.1111111111111111
n11724,0.05263157894736842
n2400,0.0
n7779,0.05263157894736842
n8972,0.0
n5077,0.1111111111111111
n4050,0.05263157894736842
n6751,0.1111111111111111
n14369,0.05263157894736842
n20220,0.05263157894736842
n2716,0.3333333333333333
n22819,0.17647058823529413
n16967,0.25
n4260,0.17647058823529413
n18724,0.0
n3164,0.05263157894736842
n957,0.0
n20074,0.17647058823529413
n14356,0.05263157894736842
n18802,0.1111111111111111
n15453,0.25
n13841,0.05263157894736842
n15885,0.17647058823529413
n4638,0.0
n6513,0.25
n7658,0.05263157894736842
n11517,0.1111111111111111
n15795,0.17647058823529413
n18116,0.05263157894736842
n21219,0.0
n16151,0.05263157894736842
n1937,0.17647058823529413
n15909,0.5384615384615384
n15942,0.05263157894736842
n4609,0.05263157894736842
n4590,0.25
n13805,0.0
n15590,0.1111111111111111
n1169,0.1111111111111111
n15864,0.05263157894736842
n1288,0.1111111111111111
n3142,0.1111111111111111
n1417,0.05263157894736842
n14008,0.0
n21577,0.25
n8853,0.25
n1528,0.05263157894736842
n6723,0.1111111111111111
n10220,0.05263157894736842
n9967,0.05263157894736842
n21443,0.05263157894736842
n8465,0.1111111111111111
n6045,0.05263157894736842
n5020,0.05263157894736842
n9051,0.17647058823529413
n19004,0.17647058823529413
n14444,0.0
n22375,0.0
n22652,0.0
n19524,0.05263157894736842
n8642,0.0
n13207,0.1111111111111111
n6694,0.3333333333333333
n17921,0.25
n10721,0.1111111111111111
n6291,0.05263157894736842
n17851,0.17647058823529413
n17505,0.25
n9712,0.0
n2670,0.0
n4687,0.17647058823529413
n604,0.05263157894736842
n6715,0.0
n11458,0.25
n14240,0.05263157894736842
n16579,0.17647058823529413
n10233,0.0
n15702,0.05263157894736842
n4445,0.0
n5409,0.25
n6460,0.1111111111111111
n20670,0.05263157894736842
n18092,0.1111111111111111
n5668,0.1111111111111111
n8371,0.17647058823529413
n4486,0.05263157894736842
n15567,0.0
n15929,0.0
n5115,0.1111111111111111
n2969,0.0
n1551,0.25
n20167,0.17647058823529413
n11142,0.17647058823529413
n7586,0.17647058823529413
n18221,0.42857142857142855
n3623,0.3333333333333333
n9507,0.0
n22499,0.0
n1544,0.17647058823529413
n10152,0.25
n7718,0.25
n10362,0.05263157894736842
n14051,0.05263157894736842
n18569,0.1111111111111111
n2496,0.25
n21145,0.05263157894736842
n19015,0.05263157894736842
n9867,0.1111111111111111
n16150,0.0
n14101,0.05263157894736842
n5575,0.0
n15726,0.17647058823529413
n10526,0.17647058823529413
n9345,0.0
n10865,0.0
n14307,0.17647058823529413
n10104,0.0
n14882,0.05263157894736842
n1851,0.1111111111111111
n16218,0.05263157894736842
n16424,0.3333333333333333
n10591,0.1111111111111111
n11099,0.0
n3398,0.25
n21023,0.1111111111111111
n8304,0.0
n6148,0.1111111111111111
n19140,0.0
n15441,0.0
n22433,0.17647058823529413
n2023,0.0
n18618,0.1111111111111111
n8484,0.17647058823529413
n324,0.0
n4574,0.25
n11544,0.05263157894736842
n1423,0.17647058823529413
n6258,0.0
n18159,0.0
n18101,0.17647058823529413
n7893,0.0
n7332,0.0
n20990,0.05263157894736842
n14817,0.1111111111111111
n275,0.0
n596,0.3333333333333333
n21730,0.05263157894736842
n21782,0.05263157894736842
n13969,0.25
n16252,0.0
n9643,0.05263157894736842
n18003,0.25
n2564,0.0
n1754,0.0
n3289,0.1111111111111111
n18864,0.0
n19113,0.0
n12524,0.17647058823529413
n8443,0.0
n15883,0.3333333333333333
n5307,0.0
n20865,0.0
n22165,0.0
n7900,0.0
n19981,0.25
n15281,0.0
n15454,0.05263157894736842
n20812,0.0
n11147,0.1111111111111111
n5002,0.05263157894736842
n10700,0.25
n17197,0.1111111111111111
n6292,0.25
n11769,0.5384615384615384
n11368,0.1111111111111111
n12367,0.0
n9656,0.0
n14422,0.1111111111111111
n10082,0.3333333333333333
n7391,0.05263157894736842
n15403,0.1111111111111111
n16632,0.3333333333333333
n18324,0.0
n18194,0.5384615384615384
n1335,0.1111111111111111
n8591,0.42857142857142855
n8409,0.17647058823529413
n7032,0.05263157894736842
n6140,0.1111111111111111
n19737,0.1111111111111111
n6113,0.1111111111111111
n6582,0.05263157894736842
n20814,0.1111111111111111
n11694,0.3333333333333333
n17082,0.1111111111111111
n11801,0.1111111111111111
n21004,0.0
n16487,0.05263157894736842
n19336,0.0
n7711,0.25
n11688,0.25
n3417,0.17647058823529413
n3063,0.0
n17711,0.0
n18357,0.0
n11203,0.0
n12641,0.1111111111111111
n7606,0.0
n2225,0.25
n2691,0.0
n2741,0.3333333333333333
n7388,0.17647058823529413
n12902,0.0
n20856,0.05263157894736842
n21000,0.0
n588,0.0
n6023,0.17647058823529413
n13351,0.1111111111111111
n2715,0.0
n13768,0.17647058823529413
n16641,0.05263157894736842
n19179,0.1111111111111111
n14579,0.42857142857142855
n18572,0.25
n11318,0.05263157894736842
n18191,0.05263157894736842
n5489,0.0
n11097,0.1111111111111111
n11789,0.25
n17201,0.05263157894736842
n18171,0.42857142857142855
n12937,0.3333333333333333
n19158,0.0
n20217,0.1111111111111111
n16296,0.05263157894736842
n14055,0.3333333333333333
n6394,0.17647058823529413
n11790,0.0
n10965,0.0
n18120,0.17647058823529413
n21767,0.1111111111111111
n14062,0.17647058823529413
n15386,0.1111111111111111
n6930,0.1111111111111111
n19554,0.05263157894736842
n19327,0.05263157894736842
n8145,0.25
n15049,0.0
n20806,0.05263157894736842
n8524,0.05263157894736842
n6600,0.25
n2453,0.0
n10732,0.0
n18291,0.1111111111111111
n6342,0.1111111111111111
n7148,0.05263157894736842
n3057,0.0
n6547,0.17647058823529413
n18884,0.0
n8899,0.0
n13930,0.25
n7235,0.1111111111111111
n4562,0.3333333333333333
n8891,0.05263157894736842
n7088,0.17647058823529413
n2683,0.25
n5023,0.25
n8877,0.1111111111111111
n11616,0.3333333333333333
n2750,0.05263157894736842
n10225,0.0
n3748,0.0
n9885,0.05263157894736842
n16847,0.05263157894736842
n8511,0.0
n4496,0.25
n8316,0.42857142857142855
n3774,0.17647058823529413
n12003,0.25
n15972,0.0
n471,0.17647058823529413
n18081,0.1111111111111111
n2444,0.17647058823529413
n5142,0.1111111111111111
n10223,0.1111111111111111
n20748,0.0
n20938,0.0
n648,0.1111111111111111
n15753,0.05263157894736842
n16978,0.05263157894736842
n14616,0.0
n18772,0.05263157894736842
n9437,0.1111111111111111
n14936,0.17647058823529413
n19093,0.0
n1568,0.25
n2523,0.05263157894736842
n9738,0.05263157894736842
n14570,0.17647058823529413
n11935,0.05263157894736842
n17946,0.05263157894736842
n8479,0.17647058823529413
n19389,0.1111111111111111
n22786,0.0
n14790,0.05263157894736842
n9443,0.05263157894736842
n20054,0.0
n560,0.1111111111111111
n1719,0.05263157894736842
n12223,0.0
n18917,0.0
n9155,0.05263157894736842
n11928,0.1111111111111111
n4892,0.0
n7985,0.17647058823529413
n15216,0.3333333333333333
n21369,0.1111111111111111
n6768,0.17647058823529413
n20320,0.17647058823529413
n13510,0.0
n9724,0.0
n9101,0.0
n4933,0.25
n6007,0.3333333333333333
n6629,0.17647058823529413
n7110,0.05263157894736842
n1510,0.25
n18776,0.0
n6663,0.1111111111111111
n13023,0.0
n8914,0.0
n11950,0.0
n4807,0.05263157894736842
n1721,0.0
n13578,0.0
n6933,0.05263157894736842
n10598,0.0
n16009,0.25
n2189,0.1111111111111111
n1298,0.0
n11951,0.17647058823529413
n21658,0.05263157894736842
n8066,0.25
n13620,0.17647058823529413
n4995,0.05263157894736842
n1672,0.0
n18966,0.0
n3901,0.1111111111111111
n4423,0.1111111111111111
n16283,0.05263157894736842
n15321,0.25
n5053,0.3333333333333333
n10564,0.0
n9102,0.05263157894736842
n15006,0.25
n7616,0.05263157894736842
n7254,0.05263157894736842
n1328,0.05263157894736842
n12299,0.25
n10144,0.05263157894736842
n11240,0.3333333333333333
n2209,0.17647058823529413
n1254,0.17647058823529413
n9439,0.42857142857142855
n4038,0.05263157894736842
n17577,0.17647058823529413
n7349,0.42857142857142855
n12261,0.05263157894736842
n14082,0.17647058823529413
n16841,0.25
n19645,0.17647058823529413
n19977,0.25
n8744,0.05263157894736842
n11665,0.17647058823529413
n16255,0.0
n8445,0.05263157894736842
n3903,0.05263157894736842
n10334,0.05263157894736842
n2181,0.05263157894736842
n1722,0.1111111111111111
n12398,0.17647058823529413
n21974,0.0
n16866,0.1111111111111111
n18743,0.0
n8929,0.05263157894736842
n9714,0.05263157894736842
n4596,0.17647058823529413
n15464,0.0
n19707,0.25
n2091,0.05263157894736842
n10858,0.1111111111111111
n10646,0.3333333333333333
n10093,0.1111111111111111
n13541,0.0
n20828,0.1111111111111111
n15758,0.17647058823529413
n2521,0.05263157894736842
n1189,0.42857142857142855
n5119,0.05263157894736842
n17407,0.05263157894736842
n18310,0.05263157894736842
n13923,0.0
n6203,0.05263157894736842
n5890,0.0
n2094,0.25
n645,0.17647058823529413
n7773,0.17647058823529413
n3630,0.05263157894736842
n3935,0.05263157894736842
n9877,0.17647058823529413
n1806,0.17647058823529413
n16934,0.05263157894736842
n15612,0.17647058823529413
n12612,0.17647058823529413
n3979,0.3333333333333333
n18211,0.05263157894736842
n12913,0.1111111111111111
n14086,0.1111111111111111
n22429,0.05263157894736842
n598,0.0
n10153,0.0
n6812,0.3333333333333333
n21422,0.05263157894736842
n19569,0.17647058823529413
n15939,0.05263157894736842
n11162,0.3333333333333333
n8546,0.25
n6767,0.1111111111111111
n1597,0.0
n8477,0.42857142857142855
n3278,0.0
n8734,0.3333333333333333
n1488,0.1111111111111111
n6432,0.3333333333333333
n17215,0.05263157894736842
n10407,0.25
n4262,0.0
n2527,0.05263157894736842
n8796,0.3333333333333333
n2112,0.1111111111111111
n5117,0.25
n18625,0.05263157894736842
n9874,0.05263157894736842
n20810,0.0
n14898,0.05263157894736842
n18812,0.0
n13878,0.1111111111111111
n14858,0.1111111111111111
n17625,0.3333333333333333
n21546,0.05263157894736842
n10343,0.1111111111111111
n4612,0.25
n6352,0.17647058823529413
n7360,0.17647058823529413
n2287,0.1111111111111111
n6684,0.0
n21764,0.0
n10705,0.17647058823529413
n21132,0.25
n22884,0.05263157894736842
n20836,0.05263157894736842
n13807,0.5384615384615384
n15525,0.0
n14515,0.17647058823529413
n18847,0.0
n19363,0.05263157894736842
n21519,0.0
n12326,0.17647058823529413
n555,0.17647058823529413
n15470,0.17647058823529413
n6813,0.05263157894736842
n15434,0.0
n5425,0.05263157894736842
n14235,0.1111111111111111
n20744,0.1111111111111111
n16993,0.17647058823529413
n8625,0.0
n8562,0.0
n6512,0.05263157894736842
n1839,0.0
n21636,0.05263157894736842
n18026,0.05263157894736842
n19982,0.17647058823529413
n2965,0.0
n14894,0.25
n15280,0.17647058823529413
n22873,0.0
n21440,0.05263157894736842
n10355,0.3333333333333333
n9228,0.0
n7998,0.25
n8819,0.3333333333333333
n13458,0.3333333333333333
n3190,0.05263157894736842
n7250,0.05263157894736842
n4416,0.05263157894736842
n6907,0.05263157894736842
n4621,0.0
n7292,0.0
n17915,0.0
n21970,0.05263157894736842
n21404,0.0
n13012,0.0
n18086,0.1111111111111111
n2436,0.17647058823529413
n4303,0.05263157894736842
n6622,0.05263157894736842
n19164,0.25
n3931,0.1111111111111111
n19755,0.05263157894736842
n20736,0.0
n11782,0.17647058823529413
n10155,0.05263157894736842
n4078,0.1111111111111111
n4555,0.0
n8536,0.42857142857142855
n13435,0.05263157894736842
n2434,0.17647058823529413
n11959,0.0
n7981,0.3333333333333333
n2054,0.17647058823529413
n10072,0.1111111111111111
n2207,0.0
n18746,0.0
n3998,0.0
n15840,0.0
n18732,0.3333333333333333
n6414,0.25
n22784,0.3333333333333333
n7664,0.0
n16249,0.0
n9295,0.0
n12148,0.0
n18649,0.3333333333333333
n19920,0.0
n1812,0.1111111111111111
n15153,0.05263157894736842
n12203,0.1111111111111111
n11354,0.0
n9382,0.25
n14896,0.25
n15851,0.05263157894736842
n18139,0.05263157894736842
n3640,0.05263157894736842
n3293,0.17647058823529413
n3103,0.17647058823529413
n14465,0.0
n8330,0.25
n15582,0.05263157894736842
n4910,0.1111111111111111
n11301,0.05263157894736842
n17203,0.0
n20883,0.05263157894736842
n4890,0.05263157894736842
n9264,0.0
n21876,0.1111111111111111
n14032,0.17647058823529413
n1798,0.1111111111111111
n7232,0.05263157894736842
n15349,0.0
n16617,0.05263157894736842
n13751,0.1111111111111111
n6384,0.05263157894736842
n18704,0.25
n18651,0.05263157894736842
n4322,0.05263157894736842
n278,0.17647058823529413
n18920,0.1111111111111111
n15610,0.0
n11212,0.1111111111111111
n15264,0.17647058823529413
n4967,0.05263157894736842
n99,0.25
n8458,0.1111111111111111
n13470,0.3333333333333333
n13938,0.3333333333333333
n5209,0.1111111111111111
n12239,0.0
n2156,0.05263157894736842
n9204,0.1111111111111111
n10519,0.17647058823529413
n1865,0.0
n8297,0.25
n9445,0.42857142857142855
n14911,0.1111111111111111
n12084,0.1111111111111111
n2004,0.05263157894736842
n20461,0.0
n10092,0.0
n18189,0.42857142857142855
n7622,0.05263157894736842
n14058,0.42857142857142855
n3147,0.1111111111111111
n18267,0.0
n13375,0.0
n11780,0.0
n21633,0.0
n20183,0.1111111111111111
n20261,0.0
n19072,0.3333333333333333
n5182,0.25
n8794,0.05263157894736842
n18963,0.05263157894736842
n14107,0.42857142857142855
n21347,0.05263157894736842
n13663,0.25
n6171,0.05263157894736842
n20899,0.1111111111111111
n9688,0.1111111111111111
n5586,0.1111111111111111
n19741,0.17647058823529413
n8868,0.05263157894736842
n15860,0.1111111111111111
n4022,0.0
n3073,0.0
n21391,0.0
n4345,0.05263157894736842
n9317,0.0
n3724,0.17647058823529413
n16721,0.0
n15407,0.3333333333333333
n6719,0.0
n7715,0.17647058823529413
n18855,0.1111111111111111
n4503,0.3333333333333333
n8987,0.05263157894736842
n22616,0.42857142857142855
n22760,0.1111111111111111
n16590,0.05263157894736842
n13506,0.1111111111111111
n21005,0.0
n13160,0.0
n20508,0.25
n17213,0.0
n1699,0.05263157894736842
n9749,0.1111111111111111
n16709,0.05263157894736842
n8350,0.5384615384615384
n12532,0.1111111111111111
n21314,0.17647058823529413
n16919,0.1111111111111111
n4577,0.0
n9229,0.05263157894736842
n14942,0.05263157894736842
n6861,0.3333333333333333
n21453,0.0
n14931,0.1111111111111111
n12547,0.17647058823529413
n3812,0.3333333333333333
n10331,0.17647058823529413
n13867,0.3333333333333333
n6486,0.0
n9378,0.05263157894736842
n1598,0.05263157894736842
n1632,0.0
n16100,0.1111111111111111
n19122,0.05263157894736842
n15770,0.17647058823529413
n21088,0.17647058823529413
n16886,0.17647058823529413
n21324,0.3333333333333333
n8881,0.17647058823529413
n9827,0.1111111111111111
n11778,0.0
n4766,0.05263157894736842
n18707,0.05263157894736842
n8739,0.17647058823529413
n3712,0.05263157894736842
n20456,0.17647058823529413
n20937,0.1111111111111111
n15930,0.05263157894736842
n4080,0.0
n5675,0.05263157894736842
n19108,0.3333333333333333
n22476,0.05263157894736842
n18729,0.1111111111111111
n4131,0.25
n21627,0.0
n10673,0.25
n19821,0.17647058823529413
n19785,0.17647058823529413
n11920,0.0
n18673,0.0
n10359,0.17647058823529413
n20458,0.0
n9649,0.1111111111111111
n15601,0.1111111111111111
n21011,0.1111111111111111
n7546,0.05263157894736842
n8869,0.17647058823529413
n15857,0.05263157894736842
n10088,0.1111111111111111
n529,0.1111111111111111
n3900,0.1111111111111111
n3051,0.0
n16723,0.0
n4235,0.17647058823529413
n9410,0.0
n1757,0.0
n3766,0.0
n1448,0.05263157894736842
n18529,0.0
n344,0.05263157894736842
n18556,0.05263157894736842
n12759,0.1111111111111111
n15995,0.05263157894736842
n4088,0.05263157894736842
n4972,0.0
n11359,0.1111111111111111
n7003,0.05263157894736842
n12265,0.1111111111111111
n7371,0.0
n18774,0.1111111111111111
n1710,0.25
n9504,0.05263157894736842
n7241,0.0
n10337,0.05263157894736842
n16885,0.0
n4930,0.05263157894736842
n16061,0.3333333333333333
n21969,0.1111111111111111
n7702,0.05263157894736842
n18228,0.1111111111111111
n9677,0.05263157894736842
n1723,0.05263157894736842
n18968,0.42857142857142855
n21375,0.1111111111111111
n17280,0.05263157894736842
n4232,0.05263157894736842
n18574,0.05263157894736842
n10194,0.42857142857142855
n20437,0.1111111111111111
n17960,0.05263157894736842
n9702,0.05263157894736842
n20533,0.1111111111111111
n5262,0.05263157894736842
n964,0.05263157894736842
n14835,0.0
n2194,0.1111111111111111
n4209,0.05263157894736842
n16713,0.1111111111111111
n20936,0.05263157894736842
n11080,0.3333333333333333
n6253,0.1111111111111111
n11644,0.5384615384615384
n8345,0.3333333333333333
n12689,0.0
n22834,0.1111111111111111
n12882,0.05263157894736842
n21739,0.25
n13758,0.0
n9059,0.0
n15801,0.25
n18182,0.05263157894736842
n2058,0.05263157894736842
n20788,0.0
n4667,0.1111111111111111
n12083,0.17647058823529413
n1336,0.05263157894736842
n8059,0.17647058823529413
n10315,0.25
n1715,0.3333333333333333
n4871,0.0
n8071,0.17647058823529413
n111,0.25
n1743,0.0
n18850,0.25
n11777,0.05263157894736842
n13718,0.1111111111111111
n6826,0.05263157894736842
n15945,0.42857142857142855
n15263,0.05263157894736842
n16184,0.0
n20465,0.05263157894736842
n11566,0.1111111111111111
n5390,0.3333333333333333
n11155,0.05263157894736842
n16894,0.05263157894736842
n11046,0.17647058823529413
n5615,0.0
n19373,0.1111111111111111
n10650,0.17647058823529413
n6892,0.17647058823529413
n16422,0.42857142857142855
n4924,0.0
n7288,0.17647058823529413
n1519,0.05263157894736842
n19406,0.05263157894736842
n17880,0.1111111111111111
n8076,0.0
n9266,0.1111111111111111
n7528,0.0
n17984,0.05263157894736842
n20699,0.05263157894736842
n10245,0.1111111111111111
n13883,0.0
n20222,0.17647058823529413
n14577,0.05263157894736842
n19064,0.0
n9854,0.25
n4128,0.25
n7092,0.17647058823529413
n8194,0.05263157894736842
n3790,0.0
n22820,0.17647058823529413
n12259,0.17647058823529413
n16710,0.05263157894736842
n15712,0.0
n4625,0.0
n631,0.05263157894736842
n20909,0.1111111111111111
n17787,0.1111111111111111
n16730,0.0
n4487,0.17647058823529413
n20249,0.0
n15290,0.1111111111111111
n14263,0.17647058823529413
n2556,0.05263157894736842
n14299,0.05263157894736842
n22837,0.05263157894736842
n10095,0.05263157894736842
n12753,0.05263157894736842
n18690,0.0
n7222,0.05263157894736842
n517,0.17647058823529413
n4499,0.1111111111111111
n11690,0.1111111111111111
n19010,0.05263157894736842
n20971,0.25
n5184,0.0
n3911,0.1111111111111111
n364,0.05263157894736842
n22275,0.1111111111111111
n11695,0.05263157894736842
n18402,0.0
n21308,0.0
n16175,0.05263157894736842
n20449,0.1111111111111111
n19966,0.1111111111111111
n20935,0.05263157894736842
n3842,0.1111111111111111
n1682,0.0
n6997,0.17647058823529413
n5076,0.1111111111111111
n17624,0.05263157894736842
n13670,0.05263157894736842
n14854,0.0
n5699,0.17647058823529413
n9283,0.0
n1313,0.05263157894736842
n14379,0.1111111111111111
n7869,0.0
n10193,0.1111111111111111
n8979,0.0
n19135,0.05263157894736842
n173,0.25
n6576,0.05263157894736842
n5740,0.1111111111111111
n16653,0.42857142857142855
n10312,0.0
n10065,0.1111111111111111
n22303,0.0
n14919,0.05263157894736842
n8836,0.05263157894736842
n22534,0.25
n10704,0.0
n5517,0.6666666666666666
n10613,0.25
n518,0.05263157894736842
n14372,0.1111111111111111
n9168,0.0
n3552,0.05263157894736842
n13990,0.1111111111111111
n629,0.17647058823529413
n4919,0.1111111111111111
n7364,0.17647058823529413
n5122,0.0
n2063,0.17647058823529413
n16262,0.0
n3416,0.0
n9722,0.05263157894736842
n15793,0.05263157894736842
n16665,0.0
n8696,0.42857142857142855
n12628,0.0
n9883,0.25
n1945,0.25
n7402,0.1111111111111111
n14927,0.0
n15799,0.1111111111111111
n15480,0.05263157894736842
n3622,0.1111111111111111
n16227,0.05263157894736842
n17636,0.0
n7017,0.05263157894736842
n11233,0.3333333333333333
n18216,0.25
n20309,0.17647058823529413
n20927,0.17647058823529413
n10118,0.0
n9985,0.1111111111111111
n174,0.3333333333333333
n1695,0.0
n1654,0.25
n10131,0.05263157894736842
n20544,0.05263157894736842
n17102,0.17647058823529413
n10505,0.3333333333333333
n9039,0.17647058823529413
n15000,0.05263157894736842
n19859,0.1111111111111111
n10229,0.1111111111111111
n8048,0.0
n10158,0.0
n19348,0.0
n1333,0.17647058823529413
n3660,0.05263157894736842
n20987,0.0
n9524,0.1111111111111111
n11163,0.05263157894736842
n11311,0.1111111111111111
n4441,0.05263157894736842
n16147,0.17647058823529413
n21560,0.05263157894736842
n4617,0.17647058823529413
n3793,0.17647058823529413
n8084,0.0
n9467,0.42857142857142855
n17737,0.0
n17968,0.0
n6108,0.05263157894736842
n3371,0.0
n15880,0.17647058823529413
n6983,0.05263157894736842
n5042,0.1111111111111111
n9690,0.05263157894736842
n4204,0.0
n21771,0.05263157894736842
n19999,0.17647058823529413
n2840,0.1111111111111111
n4813,0.17647058823529413
n8261,0.05263157894736842
n9436,0.05263157894736842
n4145,0.17647058823529413
n21432,0.17647058823529413
n5729,0.1111111111111111
n8620,0.5384615384615384
n10590,0.1111111111111111
n7722,0.17647058823529413
n15955,0.42857142857142855
n18717,0.25
n4020,0.0
n5389,0.0
n7882,0.05263157894736842
n10018,0.25
n6221,0.1111111111111111
n7168,0.0
n13759,0.1111111111111111
n18150,0.0
n17718,0.05263157894736842
n11307,0.0
n15968,0.1111111111111111
n5371,0.17647058823529413
n16034,0.0
n5537,0.05263157894736842
n7933,0.05263157894736842
n17943,0.0
n17403,0.05263157894736842
n14930,0.17647058823529413
n4257,0.05263157894736842
n13299,0.17647058823529413
n3686,0.3333333333333333
n8450,0.3333333333333333
n11645,0.17647058823529413
n15720,0.1111111111111111
n7930,0.05263157894736842
n16436,0.1111111111111111
n9405,0.25
n17159,0.1111111111111111
n6096,0.3333333333333333
n10148,0.0
n20550,0.17647058823529413
n14324,0.17647058823529413
n20857,0.0
n8803,0.17647058823529413
n12112,0.1111111111111111
n18578,0.05263157894736842
n1363,0.1111111111111111
n15933,0.17647058823529413
n18339,0.05263157894736842
n20396,0.0
n21749,0.1111111111111111
n1354,0.25
n13630,0.05263157894736842
n5100,0.05263157894736842
n1804,0.1111111111111111
n11716,0.05263157894736842
n14208,0.17647058823529413
n21742,0.1111111111111111
n21138,0.05263157894736842
n15543,0.1111111111111111
n17019,0.17647058823529413
n18537,0.3333333333333333
n17734,0.17647058823529413
n3674,0.3333333333333333
n21121,0.1111111111111111
n15817,0.0
n15911,0.05263157894736842
n16101,0.0
n18491,0.0
n20189,0.17647058823529413
n10600,0.05263157894736842
n4608,0.0
n12757,0.05263157894736842
n617,0.0
n15067,0.3333333333333333
n5222,0.0
n272,0.3333333333333333
n4873,0.25
n12375,0.0
n20555,0.0
n4081,0.0
n18899,0.1111111111111111
n5912,0.05263157894736842
n6169,0.05263157894736842
n8018,0.05263157894736842
n4605,0.17647058823529413
n11028,0.0
n15031,0.05263157894736842
n15750,0.25
n6782,0.25
n16687,0.3333333333333333
n15940,0.1111111111111111
n19153,0.17647058823529413
n1502,0.0
n3015,0.17647058823529413
n18604,0.0
n6692,0.3333333333333333
n8436,0.17647058823529413
n6003,0.05263157894736842
n10518,0.17647058823529413
n8781,0.25
n11032,0.0
n6429,0.17647058823529413
n19283,0.0
n21079,0.1111111111111111
n11237,0.0
n19075,0.05263157894736842
n19872,0.1111111111111111
n16619,0.0
n19906,0.0
n1185,0.1111111111111111
n15732,0.05263157894736842
n22880,0.0
n18487,0.05263157894736842
n18052,0.0
n13951,0.17647058823529413
n21346,0.17647058823529413
n19620,0.17647058823529413
n18323,0.05263157894736842
n7769,0.05263157894736842
n16655,0.17647058823529413
n8508,0.05263157894736842
n2083,0.1111111111111111
n8569,0.17647058823529413
n13704,0.0
n19813,0.17647058823529413
n8631,0.5384615384615384
n8754,0.17647058823529413
n1944,0.17647058823529413
n9949,0.0
n6731,0.17647058823529413
n12243,0.0
n1664,0.1111111111111111
n11265,0.0
n12073,0.17647058823529413
n3090,0.17647058823529413
n1627,0.1111111111111111
n19800,0.05263157894736842
n10624,0.1111111111111111
n11401,0.05263157894736842
n4674,0.05263157894736842
n7158,0.0
n18751,0.3333333333333333
n19954,0.17647058823529413
n20318,0.25
n8337,0.17647058823529413
n7336,0.0
n14681,0.05263157894736842
n20175,0.17647058823529413
n10077,0.1111111111111111
n21559,0.05263157894736842
n18178,0.1111111111111111
n1792,0.17647058823529413
n16306,0.05263157894736842
n16098,0.0
n20214,0.05263157894736842
n9584,0.17647058823529413
n3968,0.3333333333333333
n15420,0.17647058823529413
n8411,0.17647058823529413
n15904,0.0
n9926,0.42857142857142855
n6646,0.25
n14105,0.25
n8615,0.17647058823529413
n17141,0.42857142857142855
n22250,0.05263157894736842
n20445,0.0
n19020,0.25
n17883,0.1111111111111111
n22711,0.1111111111111111
n4950,0.25
n3792,0.17647058823529413
n6350,0.1111111111111111
n3012,0.0
n18231,0.0
n8639,0.0
n10091,0.0
n7594,0.17647058823529413
n3838,0.3333333333333333
n11916,0.0
n16317,0.1111111111111111
n20871,0.05263157894736842
n11199,0.1111111111111111
n21436,0.0
n16832,0.3333333333333333
n2754,0.1111111111111111
n5167,0.1111111111111111
n6481,0.0
n13334,0.05263157894736842
n16774,0.05263157894736842
n1728,0.17647058823529413
n19725,0.05263157894736842
n10319,0.0
n14777,0.0
n15586,0.0
n15763,0.05263157894736842
n13852,0.25
n9864,0.1111111111111111
n15822,0.3333333333333333
n18259,0.25
n19195,0.05263157894736842
n6986,0.0
n9079,0.1111111111111111
n20855,0.0
n5021,0.0
n10375,0.17647058823529413
n7139,0.25
n5343,0.1111111111111111
n7839,0.17647058823529413
n19467,0.05263157894736842
n6250,0.0
n14591,0.05263157894736842
n15235,0.25
n19085,0.1111111111111111
n13793,0.05263157894736842
n18,0.3333333333333333
n9872,0.42857142857142855
n4747,0.05263157894736842
n20958,0.17647058823529413
n8486,0.17647058823529413
n2145,0.1111111111111111
n9887,0.05263157894736842
n11727,0.05263157894736842
n18986,0.1111111111111111
n20887,0.0
n10492,0.0
n14564,0.05263157894736842
n7216,0.05263157894736842
n17546,0.05263157894736842
n17850,0.05263157894736842
n15943,0.25
n1922,0.17647058823529413
n4611,0.05263157894736842
n6969,0.05263157894736842
n10403,0.05263157894736842
n4488,0.0
n3743,0.17647058823529413
n17223,0.17647058823529413
n22417,0.05263157894736842
n15374,0.05263157894736842
n19902,0.0
n7141,0.1111111111111111
n1493,0.17647058823529413
n319,0.6666666666666666
n19708,0.0
n10516,0.05263157894736842
n13975,0.25
n3751,0.0
n8534,0.17647058823529413
n21861,0.05263157894736842
n18064,0.1111111111111111
n15573,0.0
n608,0.3333333333333333
n10238,0.05263157894736842
n15839,0.25
n1704,0.0
n15650,0.0
n10175,0.0
n20689,0.0
n22625,0.1111111111111111
n1472,0.0
n4682,0.17647058823529413
n10127,0.05263157894736842
n18331,0.0
n17957,0.17647058823529413
n1315,0.1111111111111111
n15086,0.0
n9205,0.0
n1927,0.5384615384615384
n8811,0.5384615384615384
n4745,0.0
n6891,0.0
n8872,0.1111111111111111
n9585,0.0
n4970,0.0
n13261,0.0
n21354,0.25
n11054,0.05263157894736842
n12280,0.1111111111111111
n10142,0.05263157894736842
n1838,0.05263157894736842
n20251,0.05263157894736842
n15546,0.1111111111111111
n14140,0.0
n15969,0.0
n21362,0.1111111111111111
n5894,0.05263157894736842
n12673,0.0
n18869,0.05263157894736842
n17424,0.3333333333333333
n4223,0.17647058823529413
n22098,0.0
n10113,0.05263157894736842
n10124,0.0
n20975,0.0
n7919,0.05263157894736842
n21036,0.0
n13237,0.05263157894736842
n20777,0.05263157894736842
n2908,0.1111111111111111
n8558,0.3333333333333333
n9456,0.1111111111111111
n12281,0.25
n2916,0.17647058823529413
n14388,0.3333333333333333
n5818,0.05263157894736842
n3005,0.17647058823529413
n8849,0.25
n8472,0.25
n18292,0.1111111111111111
n2118,0.05263157894736842
n11643,0.1111111111111111
n20443,0.05263157894736842
n3728,0.25
n22724,0.1111111111111111
n6678,0.17647058823529413
n2150,0.05263157894736842
n18195,0.05263157894736842
n21028,0.05263157894736842
n13624,0.5384615384615384
n563,0.17647058823529413
n1496,0.05263157894736842
n10357,0.0
n19175,0.1111111111111111
n18902,0.17647058823529413
n159,0.1111111111111111
n27,0.25
n10545,0.0
n17370,0.17647058823529413
n1788,0.05263157894736842
n4082,0.1111111111111111
n8088,0.0
n8122,0.05263157894736842
n15774,0.05263157894736842
n20325,0.1111111111111111
n6329,0.05263157894736842
n5520,0.3333333333333333
n17757,0.0
n1329,0.0
n2730,0.17647058823529413
n6910,0.1111111111111111
n8755,0.0
n10012,0.1111111111111111
n3634,0.17647058823529413
n10872,0.0
n11921,0.0
n13001,0.1111111111111111
n8351,0.42857142857142855
n17996,0.42857142857142855
n4251,0.0
n3813,0.05263157894736842
n406,0.17647058823529413
n9115,0.0
n10008,0.0
n1172,0.0
n21837,0.0
n6362,0.0
n15982,0.3333333333333333
n4506,0.1111111111111111
n11794,0.1111111111111111
n3279,0.0
n1309,0.17647058823529413
n12052,0.0
n8220,0.0
n13387,0.0
n18805,0.05263157894736842
n1385,0.25
n2151,0.17647058823529413
n19653,0.17647058823529413
n6281,0.0
n16165,0.25
n38,0.17647058823529413
n4371,0.17647058823529413
n10664,0.17647058823529413
n5577,0.0
n17719,0.1111111111111111
n13861,0.1111111111111111
n9112,0.1111111111111111
n5492,0.0
n9665,0.25
n2729,0.3333333333333333
n3789,0.17647058823529413
n13281,0.05263157894736842
n16087,0.17647058823529413
n10698,0.05263157894736842
n20469,0.0
n367,0.05263157894736842
n69,0.0
n7627,0.0
n7894,0.42857142857142855
n11692,0.05263157894736842
n10159,0.1111111111111111
n6120,0.1111111111111111
n14624,0.05263157894736842
n16900,0.05263157894736842
n13714,0.1111111111111111
n19084,0.0
n11138,0.05263157894736842
n2790,0.0
n1596,0.05263157894736842
n6200,0.0
n15773,0.3333333333333333
n15423,0.17647058823529413
n3879,0.17647058823529413
n3691,0.1111111111111111
n7210,0.42857142857142855
n15424,0.17647058823529413
n2192,0.1111111111111111
n19396,0.0
n6025,0.0
n14654,0.0
n1436,0.17647058823529413
n2086,0.0
n17481,0.25
n12286,0.3333333333333333
n14,0.17647058823529413
n10631,0.3333333333333333
n1546,0.17647058823529413
n6572,0.05263157894736842
n1639,0.25
n986,0.17647058823529413
n3003,0.05263157894736842
n7936,0.25
n2516,0.3333333333333333
n15873,0.0
n22280,0.1111111111111111
n14214,0.1111111111111111
n14179,0.17647058823529413
n17117,0.05263157894736842
n17348,0.05263157894736842
n1431,0.3333333333333333
n3094,0.25
n3557,0.17647058823529413
n6581,0.17647058823529413
n1348,0.1111111111111111
n2798,0.05263157894736842
n21832,0.17647058823529413
n14106,0.25
n15791,0.05263157894736842
n4017,0.17647058823529413
n11366,0.17647058823529413
n2517,0.0
n7716,0.0
n11322,0.17647058823529413
n9065,0.1111111111111111
n17238,0.0
n6201,0.17647058823529413
n12244,0.0
n21282,0.05263157894736842
n3129,0.05263157894736842
n22915,0.0
n2222,0.0
n22076,0.05263157894736842
n4960,0.0
n2141,0.3333333333333333
n21137,0.42857142857142855
n3286,0.0
n19194,0.3333333333333333
n9603,0.1111111111111111
n3648,0.1111111111111111
n3877,0.42857142857142855
n2187,0.1111111111111111
n4790,0.05263157894736842
n5068,0.3333333333333333
n335,0.0
n13331,0.1111111111111111
n5808,0.0
n21826,0.0
n20195,0.0
n10404,0.1111111111111111
n10196,0.25
n9900,0.17647058823529413
n15479,0.0
n11151,0.05263157894736842
n20622,0.1111111111111111
n8403,0.17647058823529413
n3945,0.0
n13376,0.0
n19834,0.0
n19962,0.1111111111111111
n3092,0.0
n9745,0.05263157894736842
n21037,0.0
n14840,0.0
n10907,0.05263157894736842
n3132,0.17647058823529413
n3976,0.3333333333333333
n16909,0.05263157894736842
n6533,0.25
n18777,0.05263157894736842
n5859,0.17647058823529413
n16888,0.3333333333333333
n21332,0.25
n16153,0.3333333333333333
n965,0.05263157894736842
n20228,0.0
n6895,0.1111111111111111
n9707,0.0
n4467,0.25
n12014,0.0
n20489,0.1111111111111111
n5078,0.0
n9166,0.17647058823529413
n7410,0.0
n5349,0.0
n20626,0.0
n16478,0.0
n21779,0.17647058823529413
n4364,0.1111111111111111
n11260,0.0
n11903,0.05263157894736842
n11639,0.05263157894736842
n21181,0.25
n20979,0.0
n1162,0.1111111111111111
n5646,0.0
n20820,0.1111111111111111
n837,0.0
n9028,0.0
n12035,0.0
n13866,0.17647058823529413
n7850,0.0
n17351,0.05263157894736842
n5428,0.05263157894736842
n17642,0.05263157894736842
n20822,0.1111111111111111
n4550,0.05263157894736842
n18303,0.17647058823529413
n7073,0.0
n3707,0.05263157894736842
n10468,0.25
n12366,0.05263157894736842
n20349,0.1111111111111111
n10701,0.25
n1165,0.0
n11353,0.1111111111111111
n11773,0.05263157894736842
n12032,0.05263157894736842
n3550,0.25
n6624,0.17647058823529413
n4939,0.0
n8054,0.1111111111111111
n2717,0.1111111111111111
n17209,0.05263157894736842
n16396,0.17647058823529413
n22862,0.1111111111111111
n8001,0.1111111111111111
n16314,0.1111111111111111
n19107,0.0
n19768,0.0
n6833,0.1111111111111111
n1611,0.0
n2704,0.0
n11196,0.17647058823529413
n1836,0.05263157894736842
n8554,0.17647058823529413
n14001,0.05263157894736842
n3958,0.0
n17717,0.17647058823529413
n10199,0.05263157894736842
n1501,0.05263157894736842
n2608,0.1111111111111111
n10684,0.05263157894736842
n13896,0.0
n14277,0.17647058823529413
n18252,0.1111111111111111
n9293,0.3333333333333333
n22671,0.1111111111111111
n10733,0.1111111111111111
n20949,0.0
n9142,0.25
n5368,0.0
n16796,0.05263157894736842
n18967,0.05263157894736842
n6593,0.1111111111111111
n21102,0.25
n13752,0.0
n13946,0.17647058823529413
n9116,0.1111111111111111
n6336,0.1111111111111111
n21441,0.0
n6427,0.17647058823529413
n9430,0.1111111111111111
n4810,0.1111111111111111
n11680,0.05263157894736842
n1307,0.5384615384615384
n4978,0.1111111111111111
n14638,0.05263157894736842
n22337,0.0
n7265,0.42857142857142855
n11485,0.05263157894736842
n1131,0.0
n7173,0.17647058823529413
n17956,0.0
n13959,0.1111111111111111
n4973,0.05263157894736842
n2590,0.42857142857142855
n18856,0.25
n22871,0.0
n8301,0.0
n12909,0.17647058823529413
n22572,0.05263157894736842
n13354,0.3333333333333333
n22916,0.05263157894736842
n18011,0.0
n15361,0.17647058823529413
n2482,0.1111111111111111
n15506,0.25
n11463,0.1111111111111111
n10897,0.25
n6018,0.1111111111111111
n20915,0.25
n5353,0.25
n6353,0.1111111111111111
n9977,0.25
n11507,0.1111111111111111
n18042,0.05263157894736842
n18056,0.0
n6669,0.42857142857142855
n9248,0.1111111111111111
n15426,0.05263157894736842
n17182,0.0
n13850,0.0
n18419,0.05263157894736842
n4089,0.0
n16214,0.1111111111111111
n4724,0.25
n1166,0.05263157894736842
n17722,0.25
n8547,0.1111111111111111
n7750,0.25
n17735,0.3333333333333333
n11258,0.0
n19040,0.1111111111111111
n15803,0.05263157894736842
n19921,0.0
n22882,0.0
n1791,0.1111111111111111
n2818,0.05263157894736842
n4900,0.1111111111111111
n7284,0.17647058823529413
n16805,0.05263157894736842
n18188,0.0
n21476,0.0
n21234,0.0
n5134,0.1111111111111111
n18006,0.0
n6475,0.05263157894736842
n1759,0.0
n6252,0.05263157894736842
n10108,0.05263157894736842
n10058,0.0
n11009,0.05263157894736842
n12520,0.17647058823529413
n11714,0.0
n2735,0.3333333333333333
n6774,0.0
n8814,0.17647058823529413
n8780,0.0
n8374,0.42857142857142855
n9020,0.05263157894736842
n22103,0.17647058823529413
n19534,0.1111111111111111
n15829,0.1111111111111111
n8273,0.0
n3358,0.0
n1296,0.0
n4869,0.1111111111111111
n3721,0.0
n15697,0.1111111111111111
n14955,0.05263157894736842
n9971,0.25
n21978,0.05263157894736842
n20301,0.0
n22912,0.17647058823529413
n2808,0.0
n13468,0.17647058823529413
n7744,0.3333333333333333
n18895,0.05263157894736842
n1130,0.05263157894736842
n18860,0.1111111111111111
n17766,0.05263157894736842
n1520,0.05263157894736842
n18781,0.1111111111111111
n8489,0.17647058823529413
n9413,0.05263157894736842
n22217,0.0
n11082,0.05263157894736842
n21580,0.05263157894736842
n10915,0.1111111111111111
n4069,0.1111111111111111
n2823,0.17647058823529413
n3546,0.05263157894736842
n10287,0.1111111111111111
n22266,0.05263157894736842
n4911,0.05263157894736842
n10156,0.05263157894736842
n8946,0.05263157894736842
n3906,0.3333333333333333
n7355,0.25
n14404,0.17647058823529413
n16224,0.05263157894736842
n1199,0.0
n13936,0.17647058823529413
n20039,0.5384615384615384
n160,0.05263157894736842
n2048,0.05263157894736842
n4946,0.25
n8490,0.25
n4030,0.17647058823529413
n9187,0.0
n15493,0.0
n14047,0.0
n17349,0.0
n18098,0.0
n2760,0.0
n15807,0.05263157894736842
n17952,0.05263157894736842
n20099,0.25
n4061,0.0
n4879,0.1111111111111111
n12036,0.0
n20658,0.0
n12521,0.25
n10025,0.0
n18414,0.05263157894736842
n1628,0.17647058823529413
n8606,0.5384615384615384
n17700,0.3333333333333333
n7004,0.1111111111111111
n7407,0.1111111111111111
n22021,0.05263157894736842
n17703,0.1111111111111111
n9441,0.1111111111111111
n15777,0.25
n4936,0.25
n9667,0.0
n15741,0.0
n1338,0.0
n14697,0.05263157894736842
n9404,0.1111111111111111
n6781,0.05263157894736842
n20972,0.0
n1392,0.0
n5911,0.1111111111111111
n8020,0.0
n3710,0.05263157894736842
n16122,0.0
n3647,0.0
n16691,0.25
n13605,0.42857142857142855
n6982,0.3333333333333333
n4239,0.1111111111111111
n10550,0.05263157894736842
n15727,0.05263157894736842
n151,0.05263157894736842
n1384,0.05263157894736842
n17279,0.05263157894736842
n5697,0.0
n18853,0.1111111111111111
n15538,0.05263157894736842
n1525,0.17647058823529413
n18151,0.1111111111111111
n4751,0.1111111111111111
n15947,0.25
n16420,0.3333333333333333
n20519,0.05263157894736842
n6107,0.05263157894736842
n22047,0.05263157894736842
n13901,0.1111111111111111
n6737,0.1111111111111111
n6747,0.1111111111111111
n14317,0.05263157894736842
n4742,0.0
n6084,0.0
n8989,0.0
n10966,0.0
n14970,0.25
n1908,0.05263157894736842
n18922,0.0
n10415,0.05263157894736842
n20102,0.05263157894736842
n11064,0.42857142857142855
n15619,0.05263157894736842
n211,0.05263157894736842
n10282,0.1111111111111111
n10657,0.17647058823529413
n15307,0.17647058823529413
n15833,0.1111111111111111
n6718,0.05263157894736842
n4143,0.17647058823529413
n17362,0.05263157894736842
n18411,0.0
n22471,0.17647058823529413
n10805,0.0
n9176,0.17647058823529413
n14496,0.05263157894736842
n6702,0.1111111111111111
n8463,0.1111111111111111
n1180,0.0
n11242,0.17647058823529413
n15109,0.1111111111111111
n2184,0.1111111111111111
n4259,0.05263157894736842
n10793,0.05263157894736842
n5433,0.0
n2601,0.0
n7426,0.05263157894736842
n13905,0.25
n14921,0.0
n4600,0.3333333333333333
n3418,0.05263157894736842
n16004,0.05263157894736842
n5620,0.25
n9328,0.0
n9863,0.1111111111111111
n6561,0.17647058823529413
n1388,0.17647058823529413
n8721,0.1111111111111111
n10336,0.1111111111111111
n15548,0.25
n7929,0.0
n1755,0.0
n8060,0.0
n10514,0.0
n14313,0.25
n6915,0.1111111111111111
n10912,0.0
n21095,0.05263157894736842
n10080,0.05263157894736842
n1267,0.17647058823529413
n8928,0.05263157894736842
n8364,0.25
n7603,0.0
n6275,0.0
n20662,0.0
n6239,0.0
n17155,0.0
n21300,0.1111111111111111
n15959,0.0
n6471,0.05263157894736842
n15690,0.0
n10222,0.0
n18249,0.0
n8352,0.0
n4495,0.05263157894736842
n9309,0.0
n22737,0.05263157894736842
n16437,0.05263157894736842
n3687,0.0
n4552,0.17647058823529413
n7255,0.05263157894736842
n20205,0.0
n5047,0.25
n21918,0.1111111111111111
n9728,0.05263157894736842
n7626,0.0
n2047,0.0
n17441,0.0
n20207,0.1111111111111111
n6049,0.0
n18100,0.3333333333333333
n10014,0.0
n10106,0.05263157894736842
n6831,0.0
n15326,0.05263157894736842
n3679,0.25
n3716,0.05263157894736842
n21233,0.05263157894736842
n12021,0.5384615384615384
n18068,0.1111111111111111
n19388,0.0
n5830,0.25
n14667,0.0
n19009,0.25
n7293,0.5384615384615384
n20784,0.1111111111111111
n6437,0.1111111111111111
n8064,0.25
n1543,0.0
n8617,0.0
n19680,0.3333333333333333
n18385,0.0
n18521,0.05263157894736842
n16474,0.0
n15378,0.05263157894736842
n19069,0.0
n1649,0.17647058823529413
n6288,0.0
n19280,0.0
n510,0.1111111111111111
n14067,0.0
n4129,0.05263157894736842
n12042,0.05263157894736842
n22225,0.0
n10461,0.25
n10654,0.0
n14625,0.05263157894736842
n20847,0.05263157894736842
n3675,0.0
n8065,0.0
n22042,0.1111111111111111
n8665,0.3333333333333333
n6135,0.0
n18244,0.5384615384615384
n18403,0.05263157894736842
n7522,0.05263157894736842
n4646,0.1111111111111111
n19027,0.25
n20324,0.05263157894736842
n1286,0.05263157894736842
n18984,0.0
n2090,0.0
n13869,0.25
n16594,0.05263157894736842
n11303,0.0
n20830,0.17647058823529413
n9505,0.1111111111111111
n17295,0.1111111111111111
n15647,0.1111111111111111
n16075,0.1111111111111111
n22334,0.25
n15971,0.0
n6617,0.0
n15272,0.17647058823529413
n17358,0.42857142857142855
n19029,0.1111111111111111
n3144,0.3333333333333333
n14362,0.0
n22860,0.17647058823529413
n20538,0.05263157894736842
n10078,0.17647058823529413
n3993,0.0
n11355,0.0
n13096,0.05263157894736842
n4086,0.25
n7520,0.05263157894736842
n9421,0.0
n15299,0.3333333333333333
n9503,0.05263157894736842
n5221,0.05263157894736842
n14111,0.0
n5143,0.05263157894736842
n21948,0.05263157894736842
n12056,0.05263157894736842
n10365,0.3333333333333333
n3283,0.0
n7749,0.0
n8821,0.0
n4524,0.1111111111111111
n1494,0.17647058823529413
n8025,0.0
n22395,0.0
n13295,0.25
n18143,0.17647058823529413
n18212,0.0
n17596,0.0
n5135,0.25
n17616,0.3333333333333333
n6030,0.0
n284,0.1111111111111111
n5581,0.0
n14812,0.0
n20863,0.1111111111111111
n4947,0.25
n21114,0.05263157894736842
n8702,0.42857142857142855
n19750,0.05263157894736842
n21281,0.0
n1830,0.05263157894736842
n5054,0.17647058823529413
n15508,0.05263157894736842
n11662,0.1111111111111111
n6144,0.0
n3635,0.05263157894736842
n19166,0.25
n21877,0.05263157894736842
n7758,0.1111111111111111
n18174,0.05263157894736842
n21350,0.05263157894736842
n7905,0.1111111111111111
n7489,0.25
n15813,0.1111111111111111
n9987,0.25
n10857,0.0
n4739,0.0
n4090,0.0
n10320,0.1111111111111111
n12762,0.05263157894736842
n9118,0.1111111111111111
n6799,0.1111111111111111
n7570,0.5384615384615384
n15952,0.17647058823529413
n3133,0.05263157894736842
n16447,0.0
n16942,0.1111111111111111
n18173,0.25
n15855,0.1111111111111111
n2016,0.05263157894736842
n8901,0.3333333333333333
n6424,0.0
n22745,0.0
n3696,0.3333333333333333
n14589,0.05263157894736842
n15708,0.1111111111111111
n18070,0.1111111111111111
n21295,0.17647058823529413
n1562,0.05263157894736842
n11842,0.17647058823529413
n16889,0.25
n20105,0.05263157894736842
n18043,0.05263157894736842
n5027,0.17647058823529413
n10508,0.1111111111111111
n9556,0.05263157894736842
n1500,0.0
n20651,0.05263157894736842
n21235,0.05263157894736842
n14621,0.1111111111111111
n1662,0.17647058823529413
n18201,0.0
n9801,0.42857142857142855
n20442,0.1111111111111111
n16753,0.42857142857142855
n18350,0.0
n235,0.1111111111111111
n5956,0.0
n8822,0.1111111111111111
n20950,0.0
n16211,0.05263157894736842
n15884,0.1111111111111111
n6815,0.1111111111111111
n4695,0.3333333333333333
n10047,0.25
n6559,0.05263157894736842
n5103,0.05263157894736842
n11651,0.05263157894736842
n13532,0.1111111111111111
n21310,0.05263157894736842
n3400,0.1111111111111111
n18523,0.05263157894736842
n1175,0.1111111111111111
n6514,0.05263157894736842
n1717,0.05263157894736842
n2886,0.3333333333333333
n22844,0.0
n17365,0.0
n4974,0.25
n18359,0.1111111111111111
n1418,0.0
n4969,0.0
n17819,0.17647058823529413
n19709,0.0
n21716,0.1111111111111111
n21732,0.1111111111111111
n21373,0.1111111111111111
n6293,0.1111111111111111
n8885,0.42857142857142855
n8688,0.5384615384615384
n10495,0.25
n9986,0.42857142857142855
n18162,0.1111111111111111
n7350,0.42857142857142855
n14641,0.0
n21367,0.25
n7819,0.05263157894736842
n6337,0.05263157894736842
n20914,0.05263157894736842
n13519,0.05263157894736842
n8063,0.25
n16038,0.25
n18703,0.17647058823529413
n19060,0.25
n5063,0.25
n14009,0.1111111111111111
n20635,0.0
n4882,0.05263157894736842
n2906,0.05263157894736842
n17788,0.17647058823529413
n19080,0.17647058823529413
n18320,0.3333333333333333
n11911,0.05263157894736842
n22362,0.0
n17945,0.05263157894736842
n7943,0.05263157894736842
n15648,0.25
n21769,0.17647058823529413
n4183,0.05263157894736842
n19068,0.25
n21523,0.0
n17890,0.05263157894736842
n3646,0.42857142857142855
n1555,0.05263157894736842
n14301,0.05263157894736842
n612,0.25
n16725,0.05263157894736842
n2724,0.1111111111111111
n22850,0.25
n6758,0.05263157894736842
n8275,0.17647058823529413
n6934,0.05263157894736842
n7253,0.0
n22313,0.3333333333333333
n4917,0.17647058823529413
n5661,0.0
n9733,0.05263157894736842
n9440,0.3333333333333333
n11428,0.05263157894736842
n18957,0.0
n18089,0.05263157894736842
n15515,0.17647058823529413
n1292,0.42857142857142855
n1244,0.05263157894736842
n19403,0.0
n7028,0.0
n18490,0.0
n14528,0.0
n9697,0.05263157894736842
n8917,0.05263157894736842
n3747,0.0
n7005,0.42857142857142855
n19849,0.1111111111111111
n5181,0.05263157894736842
n13970,0.17647058823529413
n4004,0.05263157894736842
n8923,0.05263157894736842
n14258,0.05263157894736842
n19173,0.25
n18093,0.0
n7908,0.1111111111111111
n15900,0.17647058823529413
n4036,0.05263157894736842
n11749,0.1111111111111111
n20904,0.25
n3299,0.05263157894736842
n14083,0.0
n4959,0.05263157894736842
n1773,0.1111111111111111
n6544,0.1111111111111111
n14992,0.0
n9199,0.3333333333333333
n6373,0.42857142857142855
n9175,0.0
n15421,0.0
n19957,0.17647058823529413
n13740,0.05263157894736842
n1509,0.05263157894736842
n2791,0.1111111111111111
n18900,0.05263157894736842
n19127,0.17647058823529413
n5652,0.3333333333333333
n14460,0.05263157894736842
n17426,0.05263157894736842
n20614,0.17647058823529413
n7645,0.1111111111111111
n10563,0.0
n533,0.05263157894736842
n14874,0.25
n18369,0.0
n4073,0.05263157894736842
n12742,0.25
n13444,0.17647058823529413
n19672,0.0
n16030,0.0
n21421,0.1111111111111111
n7539,0.0
n2052,0.0
n348,0.1111111111111111
n13687,0.05263157894736842
n19861,0.05263157894736842
n2412,0.05263157894736842
n7013,0.05263157894736842
n1794,0.05263157894736842
n3916,0.17647058823529413
n10465,0.1111111111111111
n1300,0.17647058823529413
n9687,0.05263157894736842
n3108,0.0
n5921,0.0
n9897,0.0
n15925,0.17647058823529413
n22007,0.05263157894736842
n22838,0.05263157894736842
n14807,0.0
n16566,0.05263157894736842
n8067,0.05263157894736842
n3097,0.17647058823529413
n17390,0.0
n4694,0.25
n8595,0.1111111111111111
n13735,0.1111111111111111
n16849,0.0
n20310,0.25
n16838,0.42857142857142855
n20466,0.25
n20455,0.0
n1579,0.3333333333333333
n19987,0.42857142857142855
n12273,0.42857142857142855
n14100,0.05263157894736842
n2985,0.1111111111111111
n13767,0.1111111111111111
n5815,0.3333333333333333
n338,0.3333333333333333
n17701,0.1111111111111111
n19052,0.0
n3527,0.0
n13390,0.0
n17878,0.0
n17194,0.05263157894736842
n1813,0.1111111111111111
n1349,0.5384615384615384
n1398,0.0
n21396,0.05263157894736842
n4094,0.05263157894736842
n1947,0.05263157894736842
n7209,0.0
n12355,0.05263157894736842
n13769,0.05263157894736842
n2749,0.05263157894736842
n2153,0.05263157894736842
n8935,0.1111111111111111
n18763,0.3333333333333333
n21893,0.0
n4937,0.05263157894736842
n10369,0.6666666666666666
n20199,0.0
n11728,0.17647058823529413
n11493,0.05263157894736842
n21368,0.0
n10230,0.05263157894736842
n16852,0.8181818181818182
n13626,0.17647058823529413
n19758,0.05263157894736842
n10562,0.05263157894736842
n3084,0.17647058823529413
n12420,0.05263157894736842
n9245,0.0
n2085,0.1111111111111111
n6404,0.05263157894736842
n7780,0.0
n19736,0.05263157894736842
n16570,0.17647058823529413
n9542,0.0
n1263,0.3333333333333333
n11466,0.25
n20196,0.0
n1826,0.0
n11140,0.0
n16563,0.1111111111111111
n10552,0.0
n8075,0.1111111111111111
n20348,0.05263157894736842
n9184,0.1111111111111111
n20894,0.17647058823529413
n18149,0.1111111111111111
n10854,0.25
n3966,0.0
n10149,0.05263157894736842
n7849,0.3333333333333333
n18565,0.17647058823529413
n5298,0.0
n6671,0.17647058823529413
n10463,0.3333333333333333
n10122,0.0
n8272,0.42857142857142855
n6923,0.17647058823529413
n5524,0.5384615384615384
n10643,0.3333333333333333
n21409,0.1111111111111111
n15354,0.05263157894736842
n5997,0.0
n17843,0.0
n20940,0.0
n19065,0.17647058823529413
n9064,0.1111111111111111
n14087,0.0
n10002,0.05263157894736842
n17408,0.05263157894736842
n5463,0.25
n21407,0.1111111111111111
n9107,0.05263157894736842
n6376,0.42857142857142855
n4054,0.05263157894736842
n16564,0.1111111111111111
n10036,0.1111111111111111
n9684,0.42857142857142855
n8521,0.05263157894736842
n10586,0.05263157894736842
n6537,0.0
n8003,0.17647058823529413
n15928,0.17647058823529413
n11961,0.42857142857142855
n17472,0.05263157894736842
n18784,0.1111111111111111
n1450,0.1111111111111111
n3447,0.05263157894736842
n6688,0.3333333333333333
n9163,0.0
n6467,0.0
n18220,0.05263157894736842
n1790,0.0
n15468,0.42857142857142855
n14939,0.1111111111111111
n15384,0.25
n10576,0.0
n9663,0.3333333333333333
n8675,0.0
n19498,0.0
n17776,0.05263157894736842
n15052,0.0
n6575,0.0
n6587,0.05263157894736842
n6806,0.1111111111111111
n16463,0.0
n1727,0.0
n6825,0.0
n18430,0.05263157894736842
n7338,0.1111111111111111
n5398,0.0
n14525,0.42857142857142855
n6408,0.0
n11308,0.1111111111111111
n6100,0.25
n5342,0.1111111111111111
n4275,0.25
n9446,0.1111111111111111
n12809,0.1111111111111111
n20528,0.1111111111111111
n4324,0.0
n15594,0.05263157894736842
n12331,0.1111111111111111
n21127,0.0
n8399,0.1111111111111111
n3897,0.1111111111111111
n1379,0.25
n18069,0.0
n3676,0.3333333333333333
n7700,0.17647058823529413
n11689,0.17647058823529413
n7155,0.0
n7791,0.17647058823529413
n14613,0.0
n20087,0.3333333333333333
n20335,0.5384615384615384
n20223,0.1111111111111111
n8400,0.3333333333333333
n7720,0.0
n5880,0.1111111111111111
n15438,0.05263157894736842
n19932,0.1111111111111111
n11966,0.17647058823529413
n9908,0.3333333333333333
n12464,0.0
n15769,0.17647058823529413
n21325,0.0
n22828,0.05263157894736842
n16840,0.25
n9973,0.25
n16459,0.0
n17199,0.0
n4248,0.17647058823529413
n6305,0.3333333333333333
n4825,0.25
n2327,0.0
n13106,0.0
n5003,0.25
n3117,0.17647058823529413
n16668,0.05263157894736842
n8056,0.0
n8834,0.17647058823529413
n9081,0.05263157894736842
n20467,0.05263157894736842
n14181,0.25
n13949,0.0
n1634,0.05263157894736842
n6370,0.1111111111111111
n9290,0.1111111111111111
n10568,0.17647058823529413
n19120,0.25
n3852,0.1111111111111111
n9092,0.0
n3782,0.05263157894736842
n10652,0.05263157894736842
n7226,0.17647058823529413
n2489,0.0
n4994,0.05263157894736842
n6849,0.25
n21503,0.17647058823529413
n17573,0.3333333333333333
n20859,0.17647058823529413
n10611,0.1111111111111111
n3374,0.05263157894736842
n5504,0.0
n9808,0.05263157894736842
n11774,0.05263157894736842
n9451,0.1111111111111111
n17435,0.0
n19116,0.25
n10257,0.0
n15759,0.17647058823529413
n16358,0.17647058823529413
n5523,0.3333333333333333
n8851,0.3333333333333333
n1668,0.0
n21417,0.0
n14034,0.17647058823529413
n4355,0.1111111111111111
n5072,0.0
n18048,0.05263157894736842
n15183,0.05263157894736842
n5097,0.25
n7927,0.0
n4505,0.0
n19110,0.0
n15446,0.0
n10543,0.17647058823529413
n4553,0.17647058823529413
n12353,0.05263157894736842
n21305,0.25
n1600,0.05263157894736842
n8969,0.05263157894736842
n9640,0.1111111111111111
n8402,0.17647058823529413
n10772,0.1111111111111111
n6043,0.1111111111111111
n18831,0.1111111111111111
n12533,0.17647058823529413
n17750,0.1111111111111111
n19188,0.0
n18512,0.1111111111111111
n1499,0.0
n6054,0.0
n8439,0.05263157894736842
n15323,0.1111111111111111
n7428,0.05263157894736842
n6676,0.1111111111111111
n2155,0.05263157894736842
n17079,0.0
n9206,0.1111111111111111
n22132,0.0
n9612,0.05263157894736842
n990,0.0
n8447,0.1111111111111111
n1419,0.0
n8601,0.0
n18153,0.17647058823529413
n8768,0.1111111111111111
n5573,0.05263157894736842
n9529,0.17647058823529413
n1368,0.05263157894736842
n10061,0.05263157894736842
n15460,0.0
n20632,0.05263157894736842
n21038,0.05263157894736842
n22216,0.25
n11858,0.0
n21351,0.1111111111111111
n10452,0.1111111111111111
n641,0.25
n2582,0.0
n6753,0.17647058823529413
n17446,0.0
n6198,0.0
n8082,0.1111111111111111
n11247,0.1111111111111111
n18960,0.1111111111111111
n11653,0.0
n6802,0.3333333333333333
n8643,0.1111111111111111
n15413,0.0
n6573,0.25
n5284,0.1111111111111111
n2866,0.1111111111111111
n15780,0.05263157894736842
n10484,0.42857142857142855
n10945,0.05263157894736842
n16737,0.05263157894736842
n19091,0.0
n20438,0.0
n6538,0.25
n20985,0.05263157894736842
n17169,0.05263157894736842
n11855,0.17647058823529413
n1936,0.1111111111111111
n11771,0.17647058823529413
n12525,0.0
n14510,0.05263157894736842
n7014,0.17647058823529413
n2406,0.1111111111111111
n21171,0.17647058823529413
n351,0.05263157894736842
n2721,0.05263157894736842
n10402,0.17647058823529413
n15416,0.05263157894736842
n15989,0.5384615384615384
n9991,0.05263157894736842
n2012,0.0
n9198,0.05263157894736842
n9661,0.3333333333333333
n18059,0.05263157894736842
n4909,0.3333333333333333
n8262,0.0
n17955,0.17647058823529413
n701,0.0
n21601,0.17647058823529413
n15731,0.17647058823529413
n15283,0.0
n10087,0.17647058823529413
n3772,0.0
n7164,0.1111111111111111
n9196,0.1111111111111111
n16659,0.05263157894736842
n14350,0.25
n21576,0.0
n18570,0.05263157894736842
n17359,0.0
n13815,0.0
n3749,0.0
n16851,0.17647058823529413
n4640,0.05263157894736842
n16853,0.25
n9774,0.42857142857142855
n7551,0.17647058823529413
n1667,0.17647058823529413
n13398,0.3333333333333333
n9859,0.1111111111111111
n10273,0.1111111111111111
n22167,0.0
n18721,0.0
n16170,0.0
n3387,0.17647058823529413
n14793,0.05263157894736842
n6890,0.1111111111111111
n12664,0.0
n11760,0.25
n10116,0.0
n9980,0.05263157894736842
n19716,0.0
n20221,0.0
n16565,0.25
n6261,0.0
n21016,0.05263157894736842
n22897,0.0
n20401,0.0
n21427,0.0
n21434,0.05263157894736842
n2751,0.05263157894736842
n11731,0.1111111111111111
n6970,0.1111111111111111
n1312,0.05263157894736842
n3088,0.1111111111111111
n1305,0.1111111111111111
n22527,0.17647058823529413
n15327,0.17647058823529413
n4741,0.0
n3342,0.05263157894736842
n14330,0.05263157894736842
n20509,0.0
n4040,0.1111111111111111
n7012,0.25
n14948,0.0
n21437,0.17647058823529413
n5883,0.6666666666666666
n6499,0.0
n361,0.17647058823529413
n8716,0.5384615384615384
n9490,0.05263157894736842
n4571,0.05263157894736842
n8870,0.17647058823529413
n6866,0.17647058823529413
n15882,0.1111111111111111
n17436,0.17647058823529413
n7189,0.05263157894736842
n20906,0.0
n11114,0.0
n20852,0.05263157894736842
n15483,0.0
n3730,0.1111111111111111
n4604,0.5384615384615384
n7777,0.17647058823529413
n5530,0.3333333333333333
n8653,0.1111111111111111
n6850,0.0
n6433,0.05263157894736842
n13239,0.1111111111111111
n21158,0.0
n22942,0.05263157894736842
n15886,0.3333333333333333
n6136,0.0
n7245,0.05263157894736842
n21218,0.1111111111111111
n22142,0.05263157894736842
n12020,0.17647058823529413
n18665,0.0
n84,0.1111111111111111
n6608,0.17647058823529413
n17708,0.42857142857142855
n7387,0.25
n171,0.1111111111111111
n1993,0.05263157894736842
n9651,0.05263157894736842
n16879,0.3333333333333333
n20780,0.17647058823529413
n21751,0.05263157894736842
n18936,0.25
n16867,0.05263157894736842
n2841,0.17647058823529413
n6345,0.1111111111111111
n17146,0.05263157894736842
n6446,0.1111111111111111
n6994,0.3333333333333333
n7411,0.0
n14233,0.17647058823529413
n6430,0.1111111111111111
n4876,0.05263157894736842
n16219,0.25
n144,0.1111111111111111
n14197,0.1111111111111111
n14538,0.42857142857142855
n10338,0.17647058823529413
n1724,0.1111111111111111
n13933,0.17647058823529413
n8950,0.1111111111111111
n11836,0.0
n13534,0.0
n15336,0.25
n6505,0.1111111111111111
n14374,0.3333333333333333
n1933,0.25
n6632,0.05263157894736842
n8748,0.17647058823529413
n15385,0.05263157894736842
n10889,0.1111111111111111
n4514,0.42857142857142855
n7240,0.25
n7329,0.0
n5066,0.05263157894736842
n5126,0.0
n18991,0.05263157894736842
n1801,0.05263157894736842
n19183,0.05263157894736842
n22650,0.1111111111111111
n8604,0.0
n3483,0.17647058823529413
n22818,0.25
n11169,0.05263157894736842
n15312,0.5384615384615384
n20657,0.1111111111111111
n9128,0.1111111111111111
n6050,0.0
n8438,0.0
n1698,0.0
n2802,0.1111111111111111
n8670,0.25
n3022,0.05263157894736842
n3414,0.25
n21744,0.42857142857142855
n16078,0.0
n22881,0.1111111111111111
n6717,0.1111111111111111
n10013,0.0
n6905,0.0
n4588,0.17647058823529413
n17637,0.1111111111111111
n20250,0.05263157894736842
n16144,0.05263157894736842
n6321,0.05263157894736842
n14940,0.0
n18148,0.1111111111111111
n20833,0.05263157894736842
n19627,0.17647058823529413
n19270,0.05263157894736842
n6748,0.0
n7287,0.05263157894736842
n8113,0.17647058823529413
n18285,0.0
n18740,0.0
n20226,0.1111111111111111
n5811,0.0
n6214,0.1111111111111111
n6365,0.1111111111111111
n19978,0.05263157894736842
n20996,0.05263157894736842
n21291,0.05263157894736842
n1560,0.1111111111111111
n9731,0.0
n4286,0.05263157894736842
n11675,0.1111111111111111
n507,0.0
n8121,0.05263157894736842
n13623,0.25
n18156,0.05263157894736842
n9652,0.1111111111111111
n9023,0.05263157894736842
n9130,0.0
n21147,0.0
n19399,0.1111111111111111
n2746,0.05263157894736842
n7036,0.05263157894736842
n4149,0.0
n17942,0.1111111111111111
n18837,0.0
n4529,0.0
n15849,0.25
n6061,0.0
n9932,0.1111111111111111
n4490,0.0
n5132,0.25
n10724,0.0
n20143,0.25
n9770,0.3333333333333333
n5852,0.3333333333333333
n15717,0.0
n21084,0.05263157894736842
n15775,0.0
n16596,0.17647058823529413
n7162,0.17647058823529413
n2576,0.1111111111111111
n11786,0.25
n1361,0.1111111111111111
n10500,0.42857142857142855
n4983,0.0
n6666,0.0
n19012,0.05263157894736842
n16656,0.0
n15836,0.17647058823529413
n8006,0.0
n16714,0.0
n21578,0.05263157894736842
n8440,0.25
n4125,0.17647058823529413
n18944,0.25
n11143,0.17647058823529413
n5649,0.25
n10602,0.1111111111111111
n20775,0.0
n15502,0.0
n6229,0.05263157894736842
n4548,0.25
n8771,0.1111111111111111
n17983,0.05263157894736842
n20476,0.0
n13246,0.17647058823529413
n9988,0.17647058823529413
n10694,0.42857142857142855
n3946,0.1111111111111111
n11965,0.05263157894736842
n4796,0.05263157894736842
n14850,0.25
n9547,0.1111111111111111
n15611,0.17647058823529413
n6665,0.42857142857142855
n6787,0.0
n6529,0.0
n14845,0.0
n10048,0.1111111111111111
n19354,0.17647058823529413
n10451,0.1111111111111111
n17286,0.1111111111111111
n9998,0.05263157894736842
n16830,0.05263157894736842
n9249,0.1111111111111111
n9989,0.1111111111111111
n7781,0.42857142857142855
n21719,0.42857142857142855
n2084,0.05263157894736842
n15937,0.25
n16010,0.0
n15381,0.05263157894736842
n18361,0.17647058823529413
n8407,0.17647058823529413
n16923,0.1111111111111111
n3277,0.05263157894736842
n6817,0.05263157894736842
n19980,0.25
n546,0.05263157894736842
n1190,0.1111111111111111
n985,0.05263157894736842
n21450,0.25
n6089,0.17647058823529413
n3318,0.0
n17810,0.0
n13029,0.17647058823529413
n7009,0.05263157894736842
n21199,0.0
n9896,0.25
n13513,0.17647058823529413
n19730,0.05263157894736842
n20984,0.0
n5093,0.1111111111111111
n4126,0.1111111111111111
n1541,0.05263157894736842
n1878,0.17647058823529413
n10119,0.0
n21959,0.05263157894736842
n1248,0.25
n13750,0.1111111111111111
n20872,0.1111111111111111
n6668,0.0
n3690,0.3333333333333333
n8846,0.17647058823529413
n49,0.17647058823529413
n2070,0.0
n17412,0.0
n11280,0.25
n9952,0.25
n5813,0.25
n9022,0.17647058823529413
n7771,0.0
n9362,0.0
n6991,0.17647058823529413
n14549,0.17647058823529413
n4153,0.0
n1774,0.0
n15565,0.0
n2768,0.25
n10538,0.05263157894736842
n15448,0.05263157894736842
n22238,0.25
n9263,0.0
n11317,0.17647058823529413
n8300,0.05263157894736842
n10537,0.05263157894736842
n4929,0.0
n7435,0.1111111111111111
n2078,0.0
n5892,0.05263157894736842
n10134,0.05263157894736842
n3029,0.17647058823529413
n15949,0.1111111111111111
n21232,0.0
n9141,0.0
n16348,0.1111111111111111
n14198,0.1111111111111111
n642,0.0
n16571,0.0
n16025,0.25
n10677,0.0
n16868,0.42857142857142855
n20663,0.0
n20798,0.25
n9465,0.42857142857142855
n16872,0.17647058823529413
n6324,0.05263157894736842
n14797,0.0
n18172,0.17647058823529413
n15922,0.0
n18905,0.25
n4230,0.05263157894736842
n281,0.17647058823529413
n7123,0.0
n4037,0.05263157894736842
n7544,0.25
n9435,0.17647058823529413
n7611,0.1111111111111111
n7775,0.17647058823529413
n15053,0.1111111111111111
n17676,0.0
n21125,0.0
n18734,0.1111111111111111
n21746,0.1111111111111111
n11537,0.1111111111111111
n7136,0.0
n4649,0.0
n3017,0.05263157894736842
n4634,0.0
n16925,0.1111111111111111
n7043,0.0
n20720,0.0
n21089,0.17647058823529413
n4839,0.0
n10636,0.05263157894736842
n147,0.05263157894736842
n21470,0.0
n19967,0.17647058823529413
n20974,0.25
n4410,0.17647058823529413
n21463,0.05263157894736842
n8830,0.3333333333333333
n5111,0.17647058823529413
n7913,0.25
n4820,0.1111111111111111
n2734,0.0
n7946,0.1111111111111111
n20139,0.3333333333333333
n15615,0.05263157894736842
n10398,0.05263157894736842
n4255,0.0
n5497,0.42857142857142855
n13937,0.1111111111111111
n10053,0.0
n18007,0.0
n1603,0.17647058823529413
n2771,0.05263157894736842
n8492,0.3333333333333333
n11805,0.05263157894736842
n17449,0.1111111111111111
n1552,0.17647058823529413
n10098,0.0
n15631,0.17647058823529413
n18180,0.1111111111111111
n17305,0.25
n7406,0.0
n22780,0.25
n8878,0.3333333333333333
n13329,0.1111111111111111
n14201,0.25
n4981,0.0
n4019,0.05263157894736842
n19835,0.0
n16552,0.0
n1372,0.0
n15802,0.05263157894736842
n3929,0.0
n21182,0.0
n17852,0.05263157894736842
n7742,0.25
n2114,0.05263157894736842
n323,0.25
n7909,0.17647058823529413
n9110,0.3333333333333333
n13344,0.0
n1367,0.1111111111111111
n1931,0.1111111111111111
n15047,0.0
n4501,0.1111111111111111
n5612,0.0
n16299,0.3333333333333333
n10627,0.05263157894736842
n9432,0.25
n11245,0.25
n21462,0.1111111111111111
n7846,0.25
n14357,0.1111111111111111
n20052,0.05263157894736842
n7996,0.25
n20574,0.17647058823529413
n15692,0.1111111111111111
n11331,0.0
n628,0.3333333333333333
n10587,0.05263157894736842
n21824,0.17647058823529413
n22346,0.05263157894736842
n4049,0.0
n8284,0.05263157894736842
n8838,0.1111111111111111
n15328,0.1111111111111111
n16217,0.05263157894736842
n6911,0.1111111111111111
n5641,0.1111111111111111
n18041,0.0
n8905,0.3333333333333333
n6249,0.0
n17432,0.17647058823529413
n4953,0.17647058823529413
n15889,0.3333333333333333
n11606,0.05263157894736842
n21222,0.0
n16373,0.05263157894736842
n11927,0.0
n10358,0.0
n22038,0.05263157894736842
n16267,0.0
n12408,0.17647058823529413
n1720,0.05263157894736842
n10360,0.0
n5186,0.17647058823529413
n11256,0.05263157894736842
n21963,0.1111111111111111
n9132,0.05263157894736842
n11697,0.05263157894736842
n7709,0.25
n12113,0.0
n4199,0.17647058823529413
n10317,0.05263157894736842
n18047,0.1111111111111111
n15338,0.1111111111111111
n6320,0.0
n18036,0.42857142857142855
n4696,0.17647058823529413
n6413,0.0
n9450,0.1111111111111111
n13737,0.05263157894736842
n8055,0.17647058823529413
n12240,0.3333333333333333
n4725,0.17647058823529413
n6725,0.3333333333333333
n6906,0.1111111111111111
n18113,0.05263157894736842
n13342,0.25
n4931,0.25
n6360,0.0
n6754,0.0
n1574,0.1111111111111111
n15563,0.1111111111111111
n16946,0.05263157894736842
n19199,0.5384615384615384
n22242,0.25
n4045,0.05263157894736842
n6410,0.1111111111111111
n13955,0.17647058823529413
n15406,0.05263157894736842
n16611,0.25
n8859,0.17647058823529413
n15051,0.05263157894736842
n14720,0.05263157894736842
n15080,0.05263157894736842
n15467,0.05263157894736842
n12500,0.25
n10321,0.17647058823529413
n19103,0.17647058823529413
n5118,0.25
n18710,0.0
n19095,0.0
n3638,0.05263157894736842
n10313,0.05263157894736842
n13919,0.1111111111111111
n15984,0.0
n8503,0.3333333333333333
n18828,0.25
n19057,0.25
n2002,0.3333333333333333
n10711,0.0
n10542,0.1111111111111111
n15553,0.1111111111111111
n21966,0.1111111111111111
n7320,0.3333333333333333
n11320,0.17647058823529413
n21728,0.05263157894736842
n217,0.42857142857142855
n1620,0.1111111111111111
n21709,0.1111111111111111
n7053,0.1111111111111111
n3754,0.0
n8129,0.1111111111111111
n12844,0.05263157894736842
n14656,0.0
n4031,0.1111111111111111
n4803,0.1111111111111111
n9209,0.17647058823529413
n18114,0.17647058823529413
n6407,0.0
n9956,0.1111111111111111
n10206,0.05263157894736842
n16007,0.25
n13330,0.05263157894736842
n7864,0.0
n1337,0.25
n13711,0.1111111111111111
n21133,0.05263157894736842
n20022,0.1111111111111111
n1609,0.25
n22632,0.0
n21439,0.25
n15938,0.1111111111111111
n3376,0.17647058823529413
n22845,0.25
n2888,0.1111111111111111
n22626,0.05263157894736842
n11137,0.05263157894736842
n7942,0.0
n2144,0.3333333333333333
n9352,0.1111111111111111
n19965,0.0
n9021,0.05263157894736842
n12883,0.0
n15496,0.1111111111111111
n17193,0.0
n20877,0.05263157894736842
n7607,0.3333333333333333
n3733,0.05263157894736842
n14096,0.0
n19974,0.05263157894736842
n270,0.1111111111111111
n11998,0.1111111111111111
n19423,0.1111111111111111
n18409,0.17647058823529413
n6285,0.0
n14521,0.3333333333333333
n10489,0.3333333333333333
n18714,0.1111111111111111
n16845,0.0
n1831,0.0
n11900,0.05263157894736842
n11181,0.25
n5178,0.25
n15377,0.17647058823529413
n15915,0.17647058823529413
n4955,0.17647058823529413
n20815,0.1111111111111111
n4999,0.1111111111111111
n17753,0.05263157894736842
n8843,0.25
n6832,0.0
n5611,0.5384615384615384
n7424,0.1111111111111111
n15724,0.0
n15666,0.1111111111111111
n16663,0.5384615384615384
n20188,0.1111111111111111
n6366,0.0
n7541,0.05263157894736842
n7086,0.1111111111111111
n21973,0.1111111111111111
n6999,0.05263157894736842
n8277,0.17647058823529413
n18657,0.0
n22899,0.0
n15358,0.17647058823529413
n5106,0.0
n21838,0.05263157894736842
n6141,0.0
n18281,0.05263157894736842
n2149,0.05263157894736842
n6903,0.05263157894736842
n6867,0.1111111111111111
n19400,0.1111111111111111
n306,0.1111111111111111
n9588,0.1111111111111111
n9594,0.25
n2785,0.0
n4531,0.05263157894736842
n11457,0.1111111111111111
n9924,0.3333333333333333
n7011,0.1111111111111111
n5107,0.05263157894736842
n15521,0.5384615384615384
n6153,0.0
n10449,0.1111111111111111
n16863,0.17647058823529413
n13443,0.0
n8527,0.25
n11252,0.25
n20957,0.17647058823529413
n21104,0.0
n15054,0.05263157894736842
n19964,0.05263157894736842
n4923,0.0
n6206,0.17647058823529413
n20311,0.17647058823529413
n18656,0.05263157894736842
n6595,0.05263157894736842
n7545,0.05263157894736842
n21738,0.1111111111111111
n4142,0.0
n18087,0.42857142857142855
n18284,0.1111111111111111
n14787,0.05263157894736842
n472,0.0
n18593,0.25
n7851,0.0
n9476,0.17647058823529413
n10996,0.25
n15558,0.1111111111111111
n9748,0.1111111111111111
n678,0.05263157894736842
n7830,0.05263157894736842
n10534,0.05263157894736842
n1608,0.05263157894736842
n16628,0.0
n16536,0.1111111111111111
n12330,0.0
n2349,0.0
n18783,0.1111111111111111
n18039,0.17647058823529413
n6552,0.17647058823529413
n3205,0.17647058823529413
n15595,0.05263157894736842
n5211,0.0
n4546,0.0
n11672,0.25
n18996,0.05263157894736842
n4057,0.05263157894736842
n265,0.0
n9018,0.1111111111111111
n20468,0.0
n17139,0.1111111111111111
n12799,0.05263157894736842
n1785,0.0
n4122,0.1111111111111111
n8413,0.0
n14461,0.3333333333333333
n4358,0.25
n2565,0.05263157894736842
n14099,0.1111111111111111
n17613,0.1111111111111111
n4035,0.17647058823529413
n15652,0.42857142857142855
n7217,0.5384615384615384
n21829,0.42857142857142855
n6967,0.3333333333333333
n7276,0.05263157894736842
n19956,0.25
n7248,0.25
n15003,0.05263157894736842
n8717,0.5384615384615384
n7434,0.05263157894736842
n4942,0.05263157894736842
n18299,0.0
n22688,0.0
n7950,0.42857142857142855
n12342,0.1111111111111111
n11744,0.05263157894736842
n3695,0.0
n16071,0.05263157894736842
n1629,0.0
n4041,0.5384615384615384
n19125,0.05263157894736842
n7955,0.25
n9911,0.05263157894736842
n4298,0.05263157894736842
n17013,0.17647058823529413
n15988,0.3333333333333333
n9214,0.3333333333333333
n15626,0.0
n12415,0.0
n268,0.17647058823529413
n1781,0.05263157894736842
n16425,0.25
n17191,0.0
n4691,0.0
n3851,0.0
n9884,0.3333333333333333
n5308,0.05263157894736842
n1517,0.17647058823529413
n15755,0.25
n10557,0.17647058823529413
n14305,0.0
n15517,0.0
n18166,0.0
n17399,0.0
n21187,0.1111111111111111
n8550,0.1111111111111111
n21444,0.0
n16417,0.1111111111111111
n6734,0.17647058823529413
n9935,0.0
n13935,0.05263157894736842
n9390,0.05263157894736842
n16629,0.1111111111111111
n19763,0.05263157894736842
n9856,0.0
n6389,0.0
n3095,0.05263157894736842
n11798,0.42857142857142855
n9230,0.05263157894736842
n8549,0.1111111111111111
n16979,0.25
n17949,0.0
n18535,0.0
n21080,0.05263157894736842
n3214,0.0
n22306,0.0
n16032,0.3333333333333333
n4039,0.05263157894736842
n10639,0.0
n1455,0.0
n17276,0.1111111111111111
n4585,0.1111111111111111
n7398,0.25
n15821,0.0
n17699,0.05263157894736842
n6295,0.25
n18462,0.0
n5176,0.17647058823529413
n19663,0.0
n3367,0.0
n13683,0.05263157894736842
n8894,0.05263157894736842
n1536,0.05263157894736842
n18863,0.05263157894736842
n20766,0.05263157894736842
n20776,0.05263157894736842
n20878,0.3333333333333333
n9393,0.17647058823529413
n20178,0.17647058823529413
n7870,0.05263157894736842
n21115,0.1111111111111111
n22367,0.1111111111111111
n515,0.05263157894736842
n4060,0.05263157894736842
n9964,0.05263157894736842
n5250,0.25
n1444,0.0
n10363,0.5384615384615384
n19537,0.1111111111111111
n11733,0.05263157894736842
n15996,0.25
n17378,0.0
n22846,0.05263157894736842
n16210,0.05263157894736842
n21750,0.25
n1229,0.3333333333333333
n8679,0.17647058823529413
n13916,0.1111111111111111
n6276,0.17647058823529413
n1303,0.1111111111111111
n6963,0.42857142857142855
n230,0.0
n17924,0.0
n9918,0.3333333333333333
n13953,0.05263157894736842
n307,0.0
n1595,0.0
n17919,0.25
n293,0.17647058823529413
n355,0.0
n15907,0.1111111111111111
n18810,0.1111111111111111
n624,0.0
n18576,0.05263157894736842
n21086,0.0
n5258,0.3333333333333333
n7409,0.05263157894736842
n6167,0.3333333333333333
n4280,0.05263157894736842
n8848,0.1111111111111111
n18307,0.3333333333333333
n18633,0.1111111111111111
n9873,0.5384615384615384
n19255,0.0
n5173,0.05263157894736842
n2307,0.17647058823529413
n635,0.05263157894736842
n9983,0.17647058823529413
n15395,0.0
n15964,0.0
n15725,0.25
n6419,0.0
n19743,0.1111111111111111
n1542,0.0
n9810,0.1111111111111111
n18421,0.05263157894736842
n22422,0.25
n14237,0.0
n11918,0.17647058823529413
n9869,0.0
n13226,0.1111111111111111
n6101,0.05263157894736842
n5096,0.1111111111111111
n1186,0.17647058823529413
n4779,0.0
n18969,0.05263157894736842
n14855,0.0
n8809,0.1111111111111111
n10198,0.5384615384615384
n1290,0.17647058823529413
n12376,0.0
n13746,0.1111111111111111
n19204,0.25
n2,0.0
n5131,0.0
n2878,0.05263157894736842
n9850,0.17647058823529413
n22637,0.1111111111111111
n13432,0.1111111111111111
n3357,0.05263157894736842
n22858,0.05263157894736842
n13245,0.1111111111111111
n18407,0.1111111111111111
n3053,0.17647058823529413
n9592,0.3333333333333333
n10143,0.1111111111111111
n6109,0.1111111111111111
n17306,0.1111111111111111
n14152,0.05263157894736842
n21190,0.05263157894736842
n10325,0.25
n7427,0.3333333333333333
n14534,0.05263157894736842
n11504,0.0
n14276,0.1111111111111111
n621,0.17647058823529413
n20890,0.1111111111111111
n3307,0.0
n18989,0.0
n5041,0.17647058823529413
n15364,0.25
n4234,0.0
n8800,0.1111111111111111
n640,0.5384615384615384
n16022,0.0
n1390,0.1111111111111111
n16393,0.0
n9531,0.1111111111111111
n8903,0.17647058823529413
n1087,0.05263157894736842
n7015,0.17647058823529413
n502,0.05263157894736842
n5718,0.0
n3061,0.1111111111111111
n9634,0.42857142857142855
n15578,0.0
n3642,0.05263157894736842
n22886,0.1111111111111111
n7747,0.1111111111111111
n4300,0.0
n19983,0.05263157894736842
n3565,0.1111111111111111
n20171,0.17647058823529413
n6037,0.17647058823529413
n9401,0.0
n1193,0.0
n3717,0.0
n17418,0.05263157894736842
n336,0.3333333333333333
n3112,0.0
n19492,0.3333333333333333
n10166,0.1111111111111111
n1880,0.1111111111111111
n18008,0.1111111111111111
n22495,0.0
n3633,0.0
n6476,0.0
n13571,0.0
n10311,0.25
n7778,0.0
n6728,0.17647058823529413
n10726,0.05263157894736842
n6351,0.17647058823529413
n21593,0.0
n18367,0.0
n8317,0.25
n19657,0.42857142857142855
n346,0.0
n13021,0.0
n4258,0.05263157894736842
n6769,0.0
n4603,0.0
n6882,0.1111111111111111
n12653,0.3333333333333333
n10344,0.5384615384615384
n10100,0.0
n6033,0.05263157894736842
n6901,0.05263157894736842
n5382,0.0
n1685,0.42857142857142855
n3346,0.1111111111111111
n675,0.1111111111111111
n10037,0.1111111111111111
n18658,0.05263157894736842
n7414,0.1111111111111111
n1570,0.05263157894736842
n12125,0.3333333333333333
n20675,0.0
n3909,0.1111111111111111
n14865,0.0
n16858,0.0
n1845,0.1111111111111111
n20260,0.3333333333333333
n11646,0.05263157894736842
n8831,0.0
n22137,0.0
n1815,0.05263157894736842
n6146,0.0
n1669,0.42857142857142855
n9502,0.25
n1824,0.0
n2875,0.05263157894736842
n2773,0.05263157894736842
n4478,0.05263157894736842
n6879,0.1111111111111111
n9898,0.05263157894736842
n16231,0.0
n22835,0.0
n19056,0.25
n22360,0.05263157894736842
n2088,0.0
n20206,0.05263157894736842
n21447,0.25
n8190,0.1111111111111111
n6322,0.25
n15808,0.3333333333333333
n5208,0.05263157894736842
n6611,0.1111111111111111
n15489,0.05263157894736842
n17967,0.0
n2772,0.0
n19021,0.3333333333333333
n9000,0.0
n14726,0.0
n19263,0.17647058823529413
n22196,0.05263157894736842
n7866,0.0
n7022,0.17647058823529413
n14775,0.25
n15463,0.0
n16313,0.1111111111111111
n19749,0.17647058823529413
n6226,0.1111111111111111
n7581,0.05263157894736842
n21799,0.1111111111111111
n1429,0.0
n8676,0.1111111111111111
n21977,0.1111111111111111
n15721,0.42857142857142855
n5164,0.1111111111111111
n7820,0.0
n10448,0.1111111111111111
n12413,0.05263157894736842
n9995,0.05263157894736842
n8638,0.1111111111111111
n1164,0.17647058823529413
n5434,0.0
n6502,0.1111111111111111
n9870,0.05263157894736842
n11791,0.25
n13430,0.05263157894736842
n4327,0.25
n5154,0.25
n17877,0.05263157894736842
n10635,0.17647058823529413
n18377,0.05263157894736842
n4494,0.0
n16733,0.0
n7812,0.25
n18894,0.05263157894736842
n5098,0.05263157894736842
n20278,0.05263157894736842
n6495,0.17647058823529413
n15105,0.0
n6087,0.17647058823529413
n5104,0.1111111111111111
n11117,0.1111111111111111
n1636,0.3333333333333333
n10666,0.0
n8427,0.1111111111111111
n7037,0.0
n7337,0.1111111111111111
n17840,0.0
n19753,0.0
n6463,0.1111111111111111
n5166,0.05263157894736842
n7052,0.05263157894736842
n3811,0.1111111111111111
n5282,0.0
n16601,0.1111111111111111
n18560,0.17647058823529413
n8875,0.3333333333333333
n18396,0.1111111111111111
n11757,0.17647058823529413
n1373,0.1111111111111111
n8079,0.05263157894736842
n15187,0.17647058823529413
n13552,0.0
n14360,0.25
n22493,0.05263157894736842
n15676,0.17647058823529413
n12399,0.05263157894736842
n22023,0.0
n14913,0.05263157894736842
n3955,0.05263157894736842
n3741,0.05263157894736842
n6816,0.05263157894736842
n20629,0.05263157894736842
n20511,0.0
n3584,0.5384615384615384
n7838,0.17647058823529413
n16640,0.0
n22580,0.05263157894736842
n9696,0.42857142857142855
n13992,0.25
n2218,0.25
n245,0.5384615384615384
n10831,0.3333333333333333
n11116,0.1111111111111111
n14938,0.05263157894736842
n13940,0.25
n17884,0.05263157894736842
n18748,0.05263157894736842
n17287,0.25
n17170,0.17647058823529413
n19028,0.05263157894736842
n8286,0.1111111111111111
n1614,0.1111111111111111
n21895,0.05263157894736842
n14784,0.1111111111111111
n11770,0.0
n19946,0.0
n7521,0.0
n11793,0.1111111111111111
n158,0.0
n1948,0.25
n20286,0.05263157894736842
n1311,0.3333333333333333
n17140,0.25
n7083,0.3333333333333333
n15826,0.17647058823529413
n18877,0.05263157894736842
n13338,0.05263157894736842
n7195,0.0
n10111,0.0
n18262,0.0
n2555,0.0
n5414,0.17647058823529413
n19787,0.05263157894736842
n10601,0.25
n18413,0.1111111111111111
n531,0.17647058823529413
n7923,0.05263157894736842
n22311,0.05263157894736842
n6541,0.0
n1473,0.0
n6150,0.3333333333333333
n6739,0.0
n16023,0.0
n6603,0.05263157894736842
n14063,0.0
n11730,0.17647058823529413
n5129,0.1111111111111111
n16899,0.0
n15892,0.05263157894736842
n21774,0.0
n10566,0.1111111111111111
n17665,0.3333333333333333
n17646,0.0
n21139,0.0
n8137,0.05263157894736842
n19873,0.05263157894736842
n8309,0.1111111111111111
n6192,0.0
n7583,0.05263157894736842
n14839,0.17647058823529413
n11776,0.25
n4063,0.05263157894736842
n21654,0.0
n18778,0.25
n10323,0.17647058823529413
n1440,0.17647058823529413
n1477,0.05263157894736842
n4338,0.05263157894736842
n20728,0.1111111111111111
n16877,0.17647058823529413
n20686,0.1111111111111111
n15742,0.17647058823529413
n18904,0.1111111111111111
n4428,0.25
n343,0.0
n20344,0.0
n3902,0.0
n9766,0.0
n7196,0.1111111111111111
n8949,0.1111111111111111
n9160,0.0
n11917,0.5384615384615384
n8464,0.17647058823529413
n18368,0.05263157894736842
n22627,0.05263157894736842
n3192,0.0
n17861,0.25
n2766,0.0
n2744,0.17647058823529413
n3872,0.25
n8598,0.1111111111111111
n388,0.1111111111111111
n2827,0.0
n8092,0.0
n4228,0.25
n3102,0.1111111111111111
n2051,0.0
n2329,0.05263157894736842
n15372,0.0
n3881,0.1111111111111111
n2441,0.1111111111111111
n4545,0.17647058823529413
n18718,0.25
n2256,0.17647058823529413
n18607,0.0
n8314,0.0
n6548,0.1111111111111111
n18031,0.1111111111111111
n10290,0.05263157894736842
n20381,0.17647058823529413
n4990,0.1111111111111111
n15529,0.1111111111111111
n5855,0.1111111111111111
n13842,0.25
n1416,0.0
n19930,0.25
n9068,0.0
n8040,0.1111111111111111
n3632,0.0
n14572,0.25
n15872,0.17647058823529413
n11356,0.0
n20101,0.05263157894736842
n10922,0.17647058823529413
n4023,0.0
n17841,0.05263157894736842
n4977,0.05263157894736842
n7412,0.1111111111111111
n8276,0.17647058823529413
n14610,0.0
n19395,0.0
n9060,0.05263157894736842
n4047,0.1111111111111111
n7243,0.0
n15616,0.17647058823529413
n9236,0.0
n4032,0.05263157894736842
n1670,0.1111111111111111
n1358,0.05263157894736842
n2410,0.05263157894736842
n12194,0.0
n6315,0.0
n11902,0.0
n14178,0.25
n18045,0.05263157894736842
n6000,0.1111111111111111
n21237,0.0
n6784,0.1111111111111111
n19234,0.42857142857142855
n14561,0.17647058823529413
n7230,0.1111111111111111
n14234,0.05263157894736842
n14485,0.5384615384615384
n15707,0.17647058823529413
n19141,0.05263157894736842
n3771,0.25
n16215,0.05263157894736842
n1447,0.17647058823529413
n8784,0.17647058823529413
n21283,0.17647058823529413
n9695,0.1111111111111111
n10201,0.1111111111111111
n14818,0.1111111111111111
n7879,0.0
n7405,0.25
n6398,0.1111111111111111
n16921,0.0
n17745,0.0
n19032,0.05263157894736842
n18653,0.1111111111111111
n6204,0.05263157894736842
n5574,0.25
n15624,0.3333333333333333
n11538,0.05263157894736842
n8023,0.17647058823529413
n666,0.0
n6299,0.1111111111111111
n6180,0.05263157894736842
n4797,0.17647058823529413
n6143,0.1111111111111111
n3014,0.25
n13391,0.0
n8150,0.0
n4584,0.1111111111111111
n15526,0.42857142857142855
n13589,0.3333333333333333
n20296,0.0
n3677,0.3333333333333333
n13522,0.3333333333333333
n15739,0.0
n6172,0.05263157894736842
n16372,0.1111111111111111
n4334,0.0
n6455,0.0
n20804,0.0
n20848,0.0
n8279,0.1111111111111111
n18677,0.0
n7861,0.0
n19862,0.05263157894736842
n18269,0.0
n3854,0.1111111111111111
n7040,0.0
n13026,0.0
n9689,0.0
n18953,0.25
n14957,0.05263157894736842
n6700,0.1111111111111111
n16574,0.05263157894736842
n4756,0.1111111111111111
n18132,0.0
n18786,0.17647058823529413
n9114,0.1111111111111111
n10417,0.25
n14612,0.0
n3457,0.0
n4460,0.05263157894736842
n2113,0.1111111111111111
n14412,0.1111111111111111
n19171,0.0
n4437,0.17647058823529413
n16176,0.1111111111111111
n5948,0.0
n16527,0.1111111111111111
n20562,0.0
n8806,0.1111111111111111
n1471,0.17647058823529413
n7259,0.1111111111111111
n19659,0.25
n12046,0.0
n403,0.05263157894736842
n11423,0.17647058823529413
n16862,0.17647058823529413
n9916,0.3333333333333333
n5446,0.0
n13749,0.1111111111111111
n3215,0.1111111111111111
n13954,0.25
n13934,0.1111111111111111
n6409,0.05263157894736842
n11121,0.0
n3997,0.05263157894736842
n5410,0.17647058823529413
n11531,0.17647058823529413
n14319,0.0
n10007,0.1111111111111111
n9268,0.0
n14926,0.1111111111111111
n1112,0.0
n4602,0.3333333333333333
n11290,0.05263157894736842
n18107,0.0
n7027,0.0
n11944,0.05263157894736842
n1539,0.1111111111111111
n1176,0.17647058823529413
n22694,0.25
n20197,0.0
n9720,0.3333333333333333
n4793,0.05263157894736842
n8982,0.0
n18791,0.0
n1953,0.1111111111111111
n5938,0.17647058823529413
n7883,0.1111111111111111
n1808,0.1111111111111111
n6006,0.05263157894736842
n4818,0.17647058823529413
n7995,0.05263157894736842
n17177,0.05263157894736842
n17767,0.25
n5314,0.42857142857142855
n17235,0.0
n5376,0.05263157894736842
n5171,0.05263157894736842
n6858,0.0
n513,0.1111111111111111
n19181,0.05263157894736842
n16895,0.05263157894736842
n12993,0.05263157894736842
n14988,0.05263157894736842
n19063,0.0
n19958,0.5384615384615384
n1320,0.25
n3655,0.1111111111111111
n19119,0.1111111111111111
n14425,0.1111111111111111
n20312,0.05263157894736842
n9891,0.1111111111111111
n21848,0.1111111111111111
n1370,0.25
n15516,0.1111111111111111
n12992,0.0
n19715,0.25
n20314,0.1111111111111111
n6929,0.17647058823529413
n2089,0.05263157894736842
n1605,0.0
n20565,0.0
n3402,0.05263157894736842
n1181,0.17647058823529413
n20849,0.0
n18912,0.1111111111111111
n15098,0.1111111111111111
n15547,0.1111111111111111
n16307,0.17647058823529413
n15322,0.25
n1567,0.05263157894736842
n12373,0.05263157894736842
n3096,0.17647058823529413
n18747,0.42857142857142855
n4952,0.17647058823529413
n20789,0.05263157894736842
n11999,0.0
n18314,0.0
n13973,0.05263157894736842
n7128,0.0
n15977,0.05263157894736842
n16042,0.05263157894736842
n15951,0.05263157894736842
n22219,0.0
n6458,0.17647058823529413
n4224,0.0
n20809,0.0
n9905,0.25
n3360,0.17647058823529413
n13454,0.25
n20839,0.05263157894736842
n1101,0.1111111111111111
n19159,0.25
n19182,0.25
n4962,0.1111111111111111
n1194,0.1111111111111111
n3298,0.0
n2789,0.0
n3411,0.25
n4986,0.1111111111111111
n5113,0.05263157894736842
n8074,0.1111111111111111
n7206,0.5384615384615384
n22357,0.25
n6005,0.17647058823529413
n6653,0.17647058823529413
n20841,0.25
n3482,0.05263157894736842
n10573,0.0
n17965,0.05263157894736842
n9275,0.0
n16835,0.17647058823529413
n18133,0.05263157894736842
n19193,0.1111111111111111
n5055,0.17647058823529413
n7592,0.05263157894736842
n8454,0.0
n12009,0.0
n2725,0.17647058823529413
n7282,0.0
n10822,0.0
n9703,0.1111111111111111
n16359,0.05263157894736842
n7845,0.05263157894736842
n9811,0.05263157894736842
n15814,0.25
n20917,0.25
n11286,0.05263157894736842
n7457,0.25
n18356,0.0
n4744,0.25
n4623,0.1111111111111111
n3338,0.0
n4226,0.0
n16294,0.25
n19433,0.1111111111111111
n5251,0.1111111111111111
n6442,0.1111111111111111
n18564,0.25
n18687,0.1111111111111111
n11722,0.0
n2143,0.0
n9048,0.0
n19094,0.05263157894736842
n9953,0.0
n18832,0.0
n6480,0.0
n8000,0.42857142857142855
n11558,0.05263157894736842
n16139,0.17647058823529413
n15366,0.17647058823529413
n20807,0.0
n14033,0.1111111111111111
n12715,0.17647058823529413
n12976,0.05263157894736842
n2606,0.25
n7580,0.05263157894736842
n11249,0.0
n29,0.05263157894736842
n20973,0.17647058823529413
n8723,0.5384615384615384
n9061,0.05263157894736842
n16036,0.17647058823529413
n6864,0.05263157894736842
n5064,0.3333333333333333
n1935,0.05263157894736842
n6215,0.05263157894736842
n15010,0.0
n4489,0.17647058823529413
n6803,0.0
n17168,0.05263157894736842
n2737,0.0
n14947,0.1111111111111111
n22561,0.05263157894736842
n332,0.3333333333333333
n3372,0.42857142857142855
n6616,0.17647058823529413
n6070,0.05263157894736842
n18034,0.17647058823529413
n971,0.0
n9412,0.05263157894736842
n10841,0.0
n16251,0.0
n13464,0.0
n1287,0.17647058823529413
n13359,0.0
n4547,0.0
n13399,0.0
n4077,0.05263157894736842
n13247,0.25
n12081,0.17647058823529413
n1403,0.17647058823529413
n18236,0.25
n18820,0.17647058823529413
n2005,0.1111111111111111
n19076,0.17647058823529413
n3182,0.0
n16193,0.1111111111111111
n19994,0.17647058823529413
n6884,0.05263157894736842
n4018,0.3333333333333333
n13349,0.0
n15332,0.1111111111111111
n16250,0.25
n146,0.17647058823529413
n15764,0.0
n11854,0.17647058823529413
n21435,0.0
n20710,0.0
n6189,0.0
n6152,0.1111111111111111
n12381,0.1111111111111111
n14628,0.05263157894736842
n4027,0.05263157894736842
n670,0.0
n20020,0.1111111111111111
n7649,0.1111111111111111
n21140,0.05263157894736842
n12539,0.0
n15843,0.3333333333333333
n22947,0.0
n4435,0.0
n15999,0.1111111111111111
n8415,0.05263157894736842
n20254,0.05263157894736842
n8011,0.0
n7954,0.42857142857142855
n6800,0.25
n19209,0.05263157894736842
n6390,0.05263157894736842
n6761,0.0
n700,0.0
n7089,0.17647058823529413
n13957,0.05263157894736842
n6953,0.05263157894736842
n22344,0.1111111111111111
n15684,0.0
n3561,0.1111111111111111
n5294,0.05263157894736842
n6594,0.0
n9838,0.05263157894736842
n5525,0.0
n13628,0.1111111111111111
n13009,0.25
n636,0.3333333333333333
n19285,0.05263157894736842
n8815,0.05263157894736842
n8462,0.42857142857142855
n3077,0.0
n20464,0.0
n17369,0.1111111111111111
n1756,0.0
n9679,0.05263157894736842
n17791,0.1111111111111111
n5891,0.17647058823529413
n11497,0.3333333333333333
n16984,0.1111111111111111
n8795,0.1111111111111111
n2215,0.1111111111111111
n15792,0.05263157894736842
n13956,0.25
n16062,0.0
n12536,0.3333333333333333
n10428,0.1111111111111111
n3296,0.0
n5583,0.05263157894736842
n20076,0.17647058823529413
n7863,0.0
n16413,0.05263157894736842
n11357,0.3333333333333333
n7614,0.05263157894736842
n1862,0.0
n4140,0.17647058823529413
n17180,0.25
n6428,0.1111111111111111
n15794,0.1111111111111111
n14180,0.1111111111111111
n538,0.25
n10716,0.42857142857142855
n19522,0.05263157894736842
n7765,0.17647058823529413
n6745,0.0
n1640,0.25
n5024,0.25
n1522,0.1111111111111111
n269,0.17647058823529413
n15369,0.17647058823529413
n21762,0.0
n12110,0.3333333333333333
n5074,0.0
n15492,0.0
n21248,0.1111111111111111
n22073,0.0
n13645,0.05263157894736842
n6287,0.25
n17190,0.0
n9406,0.05263157894736842
n18567,0.05263157894736842
n8408,0.25
n6402,0.0
n19761,0.1111111111111111
n21018,0.1111111111111111
n2244,0.3333333333333333
n633,0.0
n1771,0.0
n8497,0.1111111111111111
n19092,0.1111111111111111
n5457,0.3333333333333333
n19992,0.25
n7218,0.17647058823529413
n7587,0.25
n6093,0.17647058823529413
n7256,0.25
n16457,0.0
n16502,0.05263157894736842
n12740,0.17647058823529413
n3742,0.1111111111111111
n13362,0.1111111111111111
n14878,0.1111111111111111
n20231,0.0
n18363,0.17647058823529413
n19,0.0
n1453,0.05263157894736842
n8338,0.05263157894736842
n21834,0.0
n4670,0.25
n2154,0.25
n2374,0.3333333333333333
n15030,0.0
n14536,0.05263157894736842
n15231,0.0
n7420,0.17647058823529413
n3637,0.42857142857142855
n5086,0.05263157894736842
n8134,0.05263157894736842
n12085,0.17647058823529413
n6974,0.05263157894736842
n17382,0.17647058823529413
n4652,0.0
n3309,0.0
n12225,0.0
n10476,0.0
n2285,0.17647058823529413
n9399,0.25
n17971,0.0
n21596,0.0
n13352,0.05263157894736842
n7653,0.0
n9029,0.1111111111111111
n7057,0.0
n9681,0.05263157894736842
n9186,0.17647058823529413
n8393,0.05263157894736842
n5853,0.0
n20313,0.05263157894736842
n3781,0.0
n10115,0.05263157894736842
n4430,0.0
n21703,0.0
n20690,0.05263157894736842
n3113,0.42857142857142855
n14375,0.1111111111111111
n14292,0.25
n1617,0.05263157894736842
n2003,0.25
n18076,0.1111111111111111
n15917,0.1111111111111111
n6704,0.1111111111111111
n5089,0.05263157894736842
n14933,0.25
n18335,0.0
n16040,0.1111111111111111
n14122,0.0
n20970,0.05263157894736842
n3336,0.0
n16432,0.0
n39,0.05263157894736842
n21822,0.05263157894736842
n11511,0.1111111111111111
n13920,0.17647058823529413
n8523,0.17647058823529413
n373,0.25
n13665,0.05263157894736842
n1412,0.0
n5017,0.1111111111111111
n19288,0.0
n21231,0.05263157894736842
n4912,0.25
n8395,0.42857142857142855
n10604,0.1111111111111111
n20160,0.3333333333333333
n221,0.05263157894736842
n7106,0.1111111111111111
n12192,0.17647058823529413
n993,0.0
n13649,0.0
n14920,0.17647058823529413
n1355,0.1111111111111111
n19671,0.1111111111111111
n17694,0.05263157894736842
n2045,0.25
n5192,0.0
n21032,0.0
n15887,0.17647058823529413
n20952,0.17647058823529413
n15973,0.1111111111111111
n7018,0.25
n3731,0.05263157894736842
n3375,0.05263157894736842
n8779,0.17647058823529413
n16156,0.1111111111111111
n8887,0.05263157894736842
n2914,0.17647058823529413
n14876,0.05263157894736842
n15433,0.0
n8207,0.05263157894736842
n1671,0.1111111111111111
n10293,0.0
n15057,0.05263157894736842
n17879,0.0
n6881,0.0
n17187,0.1111111111111111
n9046,0.0
n20850,0.05263157894736842
n20215,0.17647058823529413
n9700,0.0
n20172,0.0
n8428,0.1111111111111111
n10121,0.05263157894736842
n18054,0.0
n18638,0.05263157894736842
n19050,0.0
n10262,0.0
n19200,0.3333333333333333
n7233,0.17647058823529413
n16443,0.05263157894736842
n22822,0.0
n2034,0.0
n9302,0.05263157894736842
n15561,0.05263157894736842
n13715,0.0
n15415,0.05263157894736842
n16246,0.1111111111111111
n20723,0.0
n18715,0.17647058823529413
n1316,0.1111111111111111
n7048,0.05263157894736842
n5159,0.0
n15209,0.05263157894736842
n12651,0.05263157894736842
n14381,0.3333333333333333
n18722,0.05263157894736842
n1765,0.17647058823529413
n6810,0.1111111111111111
n1803,0.1111111111111111
n8265,0.0
n10016,0.17647058823529413
n15557,0.05263157894736842
n16719,0.05263157894736842
n13705,0.05263157894736842
n16035,0.05263157894736842
n18327,0.05263157894736842
n5010,0.05263157894736842
n11299,0.05263157894736842
n11725,0.0
n4403,0.0
n11838,0.05263157894736842
n19045,0.25
n18265,0.17647058823529413
n15831,0.05263157894736842
n6380,0.17647058823529413
n20307,0.17647058823529413
n15688,0.05263157894736842
n1341,0.1111111111111111
n12531,0.17647058823529413
n16141,0.3333333333333333
n8658,0.05263157894736842
n19933,0.0
n16339,0.05263157894736842
n3876,0.17647058823529413
n6347,0.17647058823529413
n16187,0.0
n17423,0.25
n1282,0.0
n8626,0.1111111111111111
n19048,0.05263157894736842
n1351,0.05263157894736842
n11118,0.0
n18771,0.05263157894736842
n8883,0.05263157894736842
n4025,0.1111111111111111
n15898,0.17647058823529413
n6988,0.1111111111111111
n16448,0.0
n3353,0.1111111111111111
n378,0.05263157894736842
n4071,0.0
n7881,0.05263157894736842
n18767,0.0
n557,0.05263157894736842
n18128,0.6666666666666666
n5253,0.17647058823529413
n22126,0.0
n14308,0.0
n13179,0.17647058823529413
n2825,0.05263157894736842
n22245,0.42857142857142855
n3290,0.0
n14915,0.1111111111111111
n19008,0.05263157894736842
n11460,0.05263157894736842
n368,0.25
n19145,0.0
n12080,0.0
n5139,0.0
n7617,0.0
n8131,0.0
n14800,0.1111111111111111
n644,0.0
n5490,0.17647058823529413
n10589,0.3333333333333333
n1940,0.0
n3121,0.42857142857142855
n4749,0.0
n19971,0.17647058823529413
n15881,0.0
n5080,0.25
n15913,0.1111111111111111
n11326,0.1111111111111111
n9923,0.25
n16947,0.1111111111111111
n6827,0.05263157894736842
n19082,0.42857142857142855
n18609,0.1111111111111111
n20446,0.17647058823529413
n22411,0.3333333333333333
n14230,0.1111111111111111
n12222,0.25
n15735,0.0
n2776,0.0
n10896,0.17647058823529413
n10539,0.3333333333333333
n10658,0.05263157894736842
n8388,0.3333333333333333
n22187,0.05263157894736842
n6689,0.05263157894736842
n16846,0.17647058823529413
n12165,0.42857142857142855
n21721,0.0
n4432,0.0
n12001,0.1111111111111111
n14803,0.1111111111111111
n1796,0.05263157894736842
n2324,0.05263157894736842
n12438,0.0
n7417,0.1111111111111111
n20992,0.1111111111111111
n18334,0.1111111111111111
n20267,0.0
n21550,0.05263157894736842
n3689,0.17647058823529413
n20368,0.1111111111111111
n342,0.0
n10099,0.17647058823529413
n3723,0.25
n11895,0.0
n4935,0.17647058823529413
n1926,0.0
n18247,0.0
n2894,0.42857142857142855
n611,0.0
n7246,0.3333333333333333
n2335,0.25
n9151,0.0
n18859,0.17647058823529413
n20691,0.05263157894736842
n17134,0.25
n20591,0.0
n18418,0.0
n12917,0.0
n10828,0.1111111111111111
n1918,0.17647058823529413
n22849,0.05263157894736842
n14557,0.05263157894736842
n17171,0.17647058823529413
n6026,0.1111111111111111
n2557,0.25
n17192,0.05263157894736842
n22517,0.1111111111111111
n17396,0.05263157894736842
n4220,0.1111111111111111
n3384,0.42857142857142855
n6014,0.1111111111111111
n18901,0.25
n4631,0.0
n12090,0.0
n17143,0.17647058823529413
n9662,0.05263157894736842
n11796,0.0
n20583,0.1111111111111111
n13874,0.0
n4504,0.05263157894736842
n18078,0.1111111111111111
n17746,0.0
n1537,0.0
n19161,0.17647058823529413
n2816,0.25
n3848,0.17647058823529413
n3362,0.25
n13394,0.0
n11576,0.0
n10397,0.17647058823529413
n16652,0.05263157894736842
n11603,0.17647058823529413
n14300,0.05263157894736842
n5110,0.05263157894736842
n19331,0.05263157894736842
n8189,0.1111111111111111
n18750,0.3333333333333333
n15699,0.05263157894736842
n7949,0.1111111111111111
n11751,0.0
n7459,0.05263157894736842
n18261,0.05263157894736842
n8107,0.05263157894736842
n12529,0.05263157894736842
n2779,0.25
n8856,0.05263157894736842
n4381,0.05263157894736842
n4566,0.0
n18541,0.0
n19174,0.3333333333333333
n7937,0.05263157894736842
n19099,0.17647058823529413
n15783,0.0
n19577,0.25
n16554,0.05263157894736842
n19986,0.1111111111111111
n19970,0.05263157894736842
n18161,0.1111111111111111
n7029,0.17647058823529413
n6367,0.1111111111111111
n5864,0.0
n15787,0.25
n17373,0.0
n4976,0.1111111111111111
n2232,0.0
n5039,0.3333333333333333
n4113,0.17647058823529413
n6027,0.0
n16029,0.05263157894736842
n20714,0.1111111111111111
n1196,0.0
n20317,0.1111111111111111
n20091,0.05263157894736842
n9165,0.05263157894736842
n6878,0.1111111111111111
n19362,0.25
n21926,0.25
n18290,0.05263157894736842
n21689,0.05263157894736842
n18060,0.0
n15552,0.0
n14296,0.1111111111111111
n10886,0.05263157894736842
n19998,0.05263157894736842
n7404,0.17647058823529413
n3323,0.05263157894736842
n11235,0.0
n4446,0.0
n18206,0.1111111111111111
n20184,0.3333333333333333
n14216,0.0
n14363,0.3333333333333333
n19895,0.0
n7267,0.0
n9962,0.0
n8832,0.0
n16419,0.1111111111111111
n6710,0.17647058823529413
n17591,0.05263157894736842
n22779,0.25
n17004,0.05263157894736842
n1350,0.17647058823529413
n1618,0.17647058823529413
n22218,0.17647058823529413
n18245,0.1111111111111111
n15288,0.05263157894736842
n7693,0.05263157894736842
n8530,0.0
n15806,0.0
n19856,0.1111111111111111
n6385,0.42857142857142855
n11207,0.17647058823529413
n7935,0.0
n10161,0.0
n5340,0.17647058823529413
n9225,0.1111111111111111
n13775,0.0
n13722,0.05263157894736842
n18429,0.05263157894736842
n13082,0.05263157894736842
n5001,0.05263157894736842
n19184,0.5384615384615384
n18158,0.1111111111111111
n19165,0.17647058823529413
n4067,0.1111111111111111
n2879,0.3333333333333333
n3611,0.05263157894736842
n7006,0.25
n1557,0.0
n8529,0.05263157894736842
n14781,0.1111111111111111
n12900,0.05263157894736842
n17716,0.17647058823529413
n6564,0.05263157894736842
n16109,0.25
n10042,0.1111111111111111
n2731,0.3333333333333333
n11488,0.1111111111111111
n4928,0.0
n5004,0.0
n21418,0.25
n9893,0.1111111111111111
n18947,0.17647058823529413
n10577,0.05263157894736842
n6914,0.0
n5175,0.1111111111111111
n3701,0.05263157894736842
n14195,0.0
n8610,0.0
n11962,0.17647058823529413
n21490,0.05263157894736842
n3536,0.0
n4870,0.0
n13667,0.1111111111111111
n17260,0.1111111111111111
n21937,0.05263157894736842
n17232,0.0
n5272,0.05263157894736842
n13986,0.1111111111111111
n9074,0.1111111111111111
n8733,0.0
n22152,0.0
n15355,0.1111111111111111
n7059,0.05263157894736842
n10791,0.1111111111111111
n6126,0.1111111111111111
n4339,0.0
n14115,0.05263157894736842
n11983,0.1111111111111111
n2076,0.05263157894736842
n10523,0.0
n7584,0.0
n10409,0.0
n8866,0.25
n18337,0.0
n11667,0.3333333333333333
n20053,0.25
n18808,0.0
n22236,0.05263157894736842
n4956,0.0
n4466,0.0
n12430,0.17647058823529413
n16860,0.05263157894736842
n11671,0.17647058823529413
n4444,0.0
n8108,0.17647058823529413
n21338,0.1111111111111111
n12542,0.3333333333333333
n19390,0.05263157894736842
n21420,0.1111111111111111
n15838,0.05263157894736842
n8044,0.17647058823529413
n5832,0.0
n18111,0.05263157894736842
n8391,0.42857142857142855
n4515,0.0
n18664,0.17647058823529413
n13046,0.17647058823529413
n16190,0.05263157894736842
n22494,0.0
n14567,0.1111111111111111
n20395,0.0
n13368,0.3333333333333333
n7752,0.1111111111111111
n15499,0.1111111111111111
n20969,0.0
n4033,0.0
n10266,0.25
n20792,0.17647058823529413
n6981,0.1111111111111111
n4422,0.0
n18082,0.05263157894736842
n20652,0.0
n14366,0.25
n16935,0.0
n15847,0.3333333333333333
n18219,0.17647058823529413
n20177,0.17647058823529413
n14821,0.1111111111111111
n7593,0.3333333333333333
n2135,0.17647058823529413
n5404,0.1111111111111111
n12371,0.25
n16660,0.0
n14177,0.42857142857142855
n15888,0.0
n8634,0.1111111111111111
n9419,0.17647058823529413
n6824,0.1111111111111111
n6088,0.05263157894736842
n13707,0.25
n14265,0.05263157894736842
n12970,0.05263157894736842
n18477,0.0
n19837,0.05263157894736842
n18591,0.05263157894736842
n7852,0.0
n14311,0.17647058823529413
n5475,0.05263157894736842
n20947,0.0
n6780,0.05263157894736842
n1793,0.17647058823529413
n255,0.17647058823529413
n12890,0.0
n21008,0.0
n9655,0.05263157894736842
n2422,0.3333333333333333
n9452,0.0
n14847,0.17647058823529413
n4663,0.1111111111111111
n8206,0.0
n10277,0.0
n6436,0.25
n12911,0.0
n13343,0.1111111111111111
n7274,0.05263157894736842
n4872,0.1111111111111111
n15834,0.05263157894736842
n13102,0.1111111111111111
n1814,0.0
n6837,0.0
n620,0.25
n8070,0.1111111111111111
n13377,0.42857142857142855
n19824,0.25
n11226,0.0
n12433,0.05263157894736842
n17940,0.25
n3458,0.0
n6644,0.17647058823529413
n2885,0.17647058823529413
n20934,0.05263157894736842
n9682,0.1111111111111111
n9072,0.25
n7145,0.1111111111111111
n7803,0.1111111111111111
n8049,0.0
n20339,0.0
n9038,0.0
n3752,0.0
n1841,0.0
n9180,0.0
n20198,0.1111111111111111
n13882,0.05263157894736842
n21058,0.0
n10335,0.0
n5029,0.25
n4144,0.25
n18870,0.05263157894736842
n4771,0.42857142857142855
n19575,0.0
n4841,0.17647058823529413
n17107,0.1111111111111111
n7698,0.17647058823529413
n22861,0.1111111111111111
n8517,0.0
n16355,0.17647058823529413
n11192,0.25
n12354,0.05263157894736842
n15778,0.05263157894736842
n18348,0.1111111111111111
n11362,0.0
n6935,0.0
n14686,0.0
n22299,0.17647058823529413
n16831,0.05263157894736842
n19277,0.05263157894736842
n6210,0.05263157894736842
n8978,0.05263157894736842
n18321,0.0
n12391,0.0
n8667,0.17647058823529413
n20778,0.1111111111111111
n13684,0.25
n16588,0.0
n19024,0.05263157894736842
n5944,0.05263157894736842
n17010,0.0
n13761,0.17647058823529413
n7213,0.3333333333333333
n12990,0.17647058823529413
n15320,0.25
n19124,0.17647058823529413
n6202,0.05263157894736842
n20270,0.25
n400,0.25
n6503,0.0
n22386,0.17647058823529413
n1346,0.25
n15488,0.3333333333333333
n20393,0.0
n8086,0.05263157894736842
n1400,0.05263157894736842
n21284,0.05263157894736842
n17773,0.05263157894736842
n6968,0.25
n21398,0.05263157894736842
n4982,0.0
n15501,0.1111111111111111
n21991,0.05263157894736842
n6346,0.1111111111111111
n21563,0.0
n7904,0.1111111111111111
n5943,0.0
n16915,0.05263157894736842
n18079,0.1111111111111111
n3481,0.05263157894736842
n16954,0.05263157894736842
n15866,0.0
n14923,0.1111111111111111
n15469,0.17647058823529413
n18417,0.05263157894736842
n20745,0.1111111111111111
n18951,0.1111111111111111
n16460,0.0
n11515,0.1111111111111111
n9089,0.3333333333333333
n3981,0.0
n22551,0.1111111111111111
n10057,0.05263157894736842
n12086,0.05263157894736842
n12717,0.0
n9117,0.1111111111111111
n14647,0.0
n6230,0.0
n9411,0.0
n9888,0.25
n15754,0.1111111111111111
n22372,0.0
n20596,0.05263157894736842
n8047,0.05263157894736842
n150,0.0
n8837,0.3333333333333333
n15894,0.1111111111111111
n15689,0.05263157894736842
n4938,0.0
n5395,0.17647058823529413
n20578,0.1111111111111111
n7238,0.25
n7806,0.1111111111111111
n954,0.05263157894736842
n2126,0.0
n18962,0.3333333333333333
n7290,0.17647058823529413
n8622,0.05263157894736842
n8520,0.3333333333333333
n16330,0.25
n16953,0.0
n19833,0.1111111111111111
n12845,0.0
n9250,0.1111111111111111
n22231,0.05263157894736842
n22617,0.3333333333333333
n18814,0.1111111111111111
n3139,0.3333333333333333
n13450,0.0
n18340,0.0
n12802,0.1111111111111111
n15746,0.17647058823529413
n22470,0.0
n6399,0.05263157894736842
n11287,0.0
n12368,0.0
n18016,0.25
n4418,0.0
n18992,0.17647058823529413
n10569,0.0
n17570,0.17647058823529413
n4597,0.05263157894736842
n53,0.3333333333333333
n11674,0.1111111111111111
n21489,0.17647058823529413
n8359,0.05263157894736842
n7143,0.0
n15427,0.17647058823529413
n17035,0.1111111111111111
n15058,0.1111111111111111
n17736,0.1111111111111111
n3893,0.05263157894736842
n7031,0.05263157894736842
n6558,0.17647058823529413
n21201,0.1111111111111111
n4893,0.05263157894736842
n3684,0.1111111111111111
n10341,0.17647058823529413
n12538,0.0
n13650,0.05263157894736842
n16981,0.3333333333333333
n6569,0.05263157894736842
n11800,0.25
n11093,0.3333333333333333
n1549,0.1111111111111111
n4801,0.1111111111111111
n19729,0.17647058823529413
n10659,0.05263157894736842
n9255,0.0
n7511,0.1111111111111111
n20202,0.0
n11198,0.05263157894736842
n6584,0.1111111111111111
n21230,0.1111111111111111
n3582,0.3333333333333333
n14582,0.17647058823529413
n6865,0.17647058823529413
n6556,0.3333333333333333
n7960,0.05263157894736842
n4414,0.0
n15545,0.0
n19329,0.0
n11081,0.1111111111111111
n21608,0.17647058823529413
n5124,0.0
n21543,0.17647058823529413
n10049,0.0
n20824,0.1111111111111111
n15510,0.05263157894736842
n3967,0.0
n1406,0.17647058823529413
n4622,0.17647058823529413
n6545,0.25
n9004,0.05263157894736842
n22338,0.17647058823529413
n11158,0.0
n1497,0.05263157894736842
n2069,0.42857142857142855
n9970,0.25
n16745,0.1111111111111111
n17542,0.05263157894736842
n15649,0.05263157894736842
n11193,0.1111111111111111
n2358,0.0
n17506,0.0
n677,0.1111111111111111
n10655,0.1111111111111111
n11427,0.0
n12100,0.1111111111111111
n1585,0.17647058823529413
n10616,0.0
n9120,0.0
n65,0.17647058823529413
n11545,0.0
n18833,0.0
n10656,0.17647058823529413
n1383,0.1111111111111111
n2658,0.0
n4826,0.1111111111111111
n15961,0.0
n9683,0.25
n20523,0.05263157894736842
n3858,0.17647058823529413
n15737,0.25
n224,0.0
n10103,0.25
n17409,0.1111111111111111
n1433,0.05263157894736842
n1284,0.0
n14623,0.05263157894736842
n10999,0.3333333333333333
n20451,0.1111111111111111
n3524,0.05263157894736842
n19767,0.05263157894736842
n15862,0.0
n19955,0.17647058823529413
n11328,0.17647058823529413
n17442,0.0
n6549,0.17647058823529413
n20943,0.05263157894736842
n15604,0.25
n7239,0.25
n16049,0.05263157894736842
n250,0.17647058823529413
n8014,0.0
n11248,0.0
n1744,0.1111111111111111
n2900,0.05263157894736842
n21122,0.0
n17357,0.1111111111111111
n18315,0.1111111111111111
n15701,0.05263157894736842
n8126,0.0
n8565,0.0
n4949,0.05263157894736842
n3618,0.3333333333333333
n1910,0.25
n18698,0.1111111111111111
n14182,0.1111111111111111
n18646,0.05263157894736842
n12454,0.0
n8827,0.1111111111111111
n2491,0.0
n9915,0.17647058823529413
n9756,0.1111111111111111
n10681,0.0
n16591,0.0
n6543,0.25
n20610,0.0
n5998,0.05263157894736842
n5732,0.0
n16465,0.1111111111111111
n21382,0.0
n20230,0.05263157894736842
n21189,0.05263157894736842
n5672,0.0
n4549,0.3333333333333333
n18689,0.05263157894736842
n8278,0.17647058823529413
n15259,0.0
n12516,0.0
n16191,0.1111111111111111
n9134,0.0
n8324,0.0
n11693,0.05263157894736842
n4233,0.1111111111111111
n523,0.17647058823529413
n10396,0.05263157894736842
n10863,0.25
n14562,0.05263157894736842
n22263,0.25
n10000,0.0
n9589,0.1111111111111111
n16871,0.42857142857142855
n10059,0.05263157894736842
n18875,0.05263157894736842
n9156,0.0
n15709,0.0
n6590,0.25
n16226,0.1111111111111111
n22693,0.25
n20605,0.17647058823529413
n11980,0.0
n4217,0.0
n647,0.0
n18980,0.17647058823529413
n14327,0.05263157894736842
n17821,0.25
n9303,0.1111111111111111
n13721,0.05263157894736842
n22782,0.42857142857142855
n18199,0.17647058823529413
n2227,0.25
n1183,0.1111111111111111
n124,0.1111111111111111
n7436,0.17647058823529413
n3778,0.3333333333333333
n8339,0.05263157894736842
n10988,0.0
n12668,0.0
n15625,0.1111111111111111
n10754,0.1111111111111111
n17693,0.17647058823529413
n4941,0.0
n15505,0.1111111111111111
n7365,0.17647058823529413
n1569,0.1111111111111111
n5108,0.05263157894736842
n10895,0.17647058823529413
n6972,0.05263157894736842
n16917,0.0
n19078,0.3333333333333333
n10881,0.1111111111111111
n8342,0.05263157894736842
n8807,0.05263157894736842
n14626,0.1111111111111111
n18362,0.05263157894736842
n5531,0.25
n11650,0.05263157894736842
n18637,0.0
n20711,0.1111111111111111
n22385,0.0
n1480,0.25
n8120,0.25
n20976,0.0
n20170,0.05263157894736842
n7421,0.0
n8630,0.1111111111111111
n9820,0.05263157894736842
n219,0.1111111111111111
n15512,0.17647058823529413
n8083,0.25
n6585,0.05263157894736842
n18830,0.3333333333333333
n2284,0.3333333333333333
n10242,0.1111111111111111
n6302,0.05263157894736842
n13180,0.0
n1545,0.1111111111111111
n1726,0.05263157894736842
n11283,0.42857142857142855
n16876,0.25
n7271,0.05263157894736842
n12118,0.1111111111111111
n22839,0.05263157894736842
n7550,0.17647058823529413
n353,0.05263157894736842
n7907,0.0
n20417,0.05263157894736842
n4883,0.0
n5559,0.0
n4698,0.0
n2420,0.3333333333333333
n14354,0.17647058823529413
n1331,0.0
n3136,0.1111111111111111
n8515,0.0
n18294,0.0
n18125,0.1111111111111111
n18661,0.0
n10729,0.05263157894736842
n14406,0.0
n18983,0.0
n20219,0.0
n21542,0.0
n17131,0.05263157894736842
n17120,0.0
n6262,0.05263157894736842
n8934,0.05263157894736842
n11501,0.0
n1622,0.1111111111111111
n18498,0.3333333333333333
n11302,0.0
n9880,0.3333333333333333
n33,0.1111111111111111
n10633,0.0
n727,0.1111111111111111
n7042,0.0
n7166,0.05263157894736842
n22682,0.0
n6712,0.05263157894736842
n16095,0.25
n2212,0.05263157894736842
n6795,0.25
n15342,0.0
n12649,0.0
n1485,0.1111111111111111
n6554,0.05263157894736842
n14895,0.0
n3,0.25
n625,0.05263157894736842
n12425,0.1111111111111111
n1666,0.0
n18518,0.1111111111111111
n15790,0.0
n6238,0.0
n9862,0.0
n17406,0.05263157894736842
n15687,0.0
n17259,0.17647058823529413
n1318,0.05263157894736842
n7266,0.0
n11016,0.1111111111111111
n13810,0.0
n14069,0.3333333333333333
n8378,0.1111111111111111
n4321,0.1111111111111111
n7548,0.5384615384615384
n17496,0.17647058823529413
n15622,0.25
n20653,0.0
n10599,0.3333333333333333
n3650,0.05263157894736842
n16754,0.3333333333333333
n18923,0.0
n223,0.25
n8973,0.0
n8138,0.0
n4975,0.0
n6103,0.17647058823529413
n3873,0.17647058823529413
n13363,0.05263157894736842
n2211,0.05263157894736842
n3292,0.0
n7618,0.1111111111111111
n10530,0.05263157894736842
n21377,0.1111111111111111
n10006,0.0
n17741,0.05263157894736842
n16133,0.3333333333333333
n21326,0.0
n9775,0.05263157894736842
n6474,0.05263157894736842
n18879,0.1111111111111111
n1643,0.05263157894736842
n9996,0.17647058823529413
n5291,0.17647058823529413
n18121,0.1111111111111111
n22222,0.0
n21015,0.05263157894736842
n1507,0.0
n14011,0.42857142857142855
n21471,0.17647058823529413
n15380,0.05263157894736842
n2530,0.42857142857142855
n5144,0.05263157894736842
n21156,0.0
n8146,0.05263157894736842
n16324,0.05263157894736842
n22484,0.25
n15771,0.05263157894736842
n5157,0.05263157894736842
n3312,0.25
n2876,0.05263157894736842
n16312,0.17647058823529413
n11713,0.0
n11384,0.17647058823529413
n17071,0.0
n11679,0.5384615384615384
n2383,0.0
n3627,0.0
n8724,0.42857142857142855
n4794,0.25
n15693,0.17647058823529413
n18038,0.0
n11092,0.05263157894736842
n20695,0.05263157894736842
n21410,0.0
n13979,0.1111111111111111
n10413,0.1111111111111111
n17263,0.0
n16884,0.05263157894736842
n9947,0.0
n6560,0.05263157894736842
n10665,0.5384615384615384
n10234,0.25
n19674,0.0
n8412,0.17647058823529413
n18296,0.05263157894736842
n20898,0.0
n3713,0.1111111111111111
n19550,0.0
n11053,0.05263157894736842
n18528,0.1111111111111111
n7484,0.17647058823529413
n4615,0.05263157894736842
n8089,0.05263157894736842
n11967,0.1111111111111111
n20173,0.17647058823529413
n21392,0.42857142857142855
n7285,0.1111111111111111
n10062,0.17647058823529413
n1653,0.25
n3241,0.0
n18364,0.0
n320,0.0
n2060,0.05263157894736842
n17623,0.0
n8608,0.0
n10074,0.05263157894736842
n17005,0.1111111111111111
n6296,0.05263157894736842
n20835,0.0
n4009,0.17647058823529413
n4029,0.25
n3280,0.17647058823529413
n4250,0.17647058823529413
n4989,0.0
n15261,0.0
n6932,0.0
n17768,0.05263157894736842
n774,0.05263157894736842
n10189,0.17647058823529413
n3784,0.25
n6740,0.3333333333333333
n7911,0.1111111111111111
n15330,0.05263157894736842
n11640,0.05263157894736842
n3024,0.5384615384615384
n1531,0.1111111111111111
n22265,0.25
n7965,0.0
n1506,0.17647058823529413
n6823,0.0
n20832,0.05263157894736842
n11676,0.17647058823529413
n17391,0.05263157894736842
n1173,0.0
n1377,0.05263157894736842
n22900,0.0
n9286,0.05263157894736842
n4064,0.0
n9358,0.5384615384615384
n4051,0.1111111111111111
n16933,0.0
n20805,0.1111111111111111
n14935,0.05263157894736842
n2169,0.17647058823529413
n19997,0.05263157894736842
n9999,0.05263157894736842
n13591,0.1111111111111111
n10073,0.0
n7078,0.0
n9385,0.05263157894736842
n11652,0.25
n1660,0.3333333333333333
n15478,0.0
n16163,0.05263157894736842
n6752,0.05263157894736842
n2357,0.0
n11648,0.25
n20082,0.0
n18887,0.1111111111111111
n5070,0.0
n15891,0.3333333333333333
n51,0.05263157894736842
n19922,0.0
n2020,0.17647058823529413
n9500,0.05263157894736842
n10585,0.0
n359,0.05263157894736842
n19281,0.0
n19816,0.1111111111111111
n2864,0.42857142857142855
n17185,0.05263157894736842
n15225,0.1111111111111111
n1651,0.17647058823529413
n3760,0.0
n19059,0.3333333333333333
n15267,0.05263157894736842
n11323,0.3333333333333333
n13762,0.25
n16903,0.25
n10202,0.05263157894736842
n14165,0.1111111111111111
n3583,0.25
n2196,0.17647058823529413
n3619,0.1111111111111111
n11696,0.05263157894736842
n18976,0.3333333333333333
n8828,0.1111111111111111
n13434,0.0
n10588,0.1111111111111111
n9778,0.05263157894736842
n6114,0.1111111111111111
n19384,0.05263157894736842
n21262,0.1111111111111111
n15356,0.05263157894736842
n11561,0.3333333333333333
n2718,0.05263157894736842
n8995,0.05263157894736842
n6807,0.3333333333333333
n14367,0.0
n12819,0.1111111111111111
n9968,0.1111111111111111
n19130,0.17647058823529413
n6423,0.05263157894736842
n5035,0.05263157894736842
n21183,0.05263157894736842
n9433,0.1111111111111111
n19911,0.0
n12503,0.0
n11768,0.17647058823529413
n5075,0.3333333333333333
n6001,0.25
n6834,0.05263157894736842
n5153,0.05263157894736842
n3542,0.1111111111111111
n15445,0.1111111111111111
n6395,0.17647058823529413
n13781,0.05263157894736842
n17951,0.17647058823529413
n2106,0.0
n18408,0.05263157894736842
n3152,0.1111111111111111
n1941,0.1111111111111111
n264,0.0
n376,0.3333333333333333
n18628,0.0
n13481,0.1111111111111111
n11321,0.0
n19143,0.0
n22618,0.1111111111111111
n7650,0.17647058823529413
n12505,0.1111111111111111
n1376,0.17647058823529413
n2763,0.1111111111111111
n14112,0.25
n18176,0.17647058823529413
n19815,0.05263157894736842
n15588,0.0
n6922,0.17647058823529413
n15375,0.1111111111111111
n21215,0.0
n52,0.17647058823529413
n4561,0.17647058823529413
n18759,0.25
n22243,0.25
n10453,0.0
n22811,0.0
n12217,0.3333333333333333
n1716,0.1111111111111111
n1961,0.1111111111111111
n2241,0.05263157894736842
n11128,0.17647058823529413
n1676,0.05263157894736842
n16092,0.42857142857142855
n1163,0.17647058823529413
n15439,0.0
n1474,0.17647058823529413
n4059,0.0
n17202,0.0
n9150,0.0
n12005,0.05263157894736842
n7818,0.05263157894736842
n14892,0.0
n4913,0.1111111111111111
n6657,0.05263157894736842
n13242,0.0
n18817,0.25
n19739,0.1111111111111111
n17938,0.1111111111111111
n13457,0.3333333333333333
n1604,0.0
n19062,0.05263157894736842
n13562,0.05263157894736842
n639,0.42857142857142855
n18514,0.0
n14842,0.1111111111111111
n558,0.0
n7044,0.0
n11410,0.1111111111111111
n11293,0.05263157894736842
n8712,0.0
n3409,0.05263157894736842
n19030,0.0
n18127,0.1111111111111111
n11238,0.3333333333333333
n2547,0.0
n22544,0.1111111111111111
n2111,0.17647058823529413
n4582,0.17647058823529413
n18935,0.17647058823529413
n5087,0.05263157894736842
n10081,0.17647058823529413
n22929,0.05263157894736842
n13978,0.3333333333333333
n3006,0.05263157894736842
n19100,0.05263157894736842
n8016,0.0
n15449,0.05263157894736842
n6349,0.0
n4419,0.0
n16727,0.05263157894736842
n20994,0.0
n15730,0.05263157894736842
n10810,0.0
n20623,0.05263157894736842
n12914,0.05263157894736842
n12361,0.05263157894736842
n1492,0.0
n6440,0.05263157894736842
n5569,0.0
n15485,0.0
n15747,0.1111111111111111
n2525,0.05263157894736842
n11718,0.25
n18696,0.05263157894736842
n7321,0.25
n7418,0.1111111111111111
n21276,0.0
n21228,0.1111111111111111
n1711,0.1111111111111111
n5860,0.1111111111111111
n9073,0.05263157894736842
n18250,0.0
n22349,0.05263157894736842
n9087,0.17647058823529413
n3844,0.1111111111111111
n10949,0.0
n5532,0.0
n18858,0.25
n15559,0.3333333333333333
n15876,0.25
n1733,0.05263157894736842
n15360,0.0
n15490,0.1111111111111111
n18685,0.1111111111111111
n15289,0.0
n20000,0.05263157894736842
n16013,0.1111111111111111
n6567,0.17647058823529413
n18345,0.1111111111111111
n7596,0.1111111111111111
n15597,0.0
n16050,0.0
n14213,0.1111111111111111
n356,0.25
n3083,0.17647058823529413
n20677,0.0
n21101,0.0
n15531,0.0
n9457,0.05263157894736842
n20216,0.42857142857142855
n19630,0.17647058823529413
n1397,0.05263157894736842
n15482,0.3333333333333333
n2777,0.0
n10929,0.1111111111111111
n18939,0.25
n8128,0.0
n13743,0.05263157894736842
n11239,0.05263157894736842
n20190,0.05263157894736842
n9672,0.42857142857142855
n15896,0.0
n18641,0.05263157894736842
n20453,0.0
n20791,0.1111111111111111
n17904,0.1111111111111111
n13381,0.0
n8841,0.0
n9085,0.1111111111111111
n9422,0.05263157894736842
n17001,0.1111111111111111
n1689,0.0
n9265,0.0
n13345,0.1111111111111111
n1686,0.1111111111111111
n10133,0.0
n20213,0.05263157894736842
n21134,0.17647058823529413
n1276,0.25
n4325,0.0
n10575,0.05263157894736842
n15623,0.0
n21265,0.1111111111111111
n16475,0.05263157894736842
n5287,0.05263157894736842
n1001,0.0
n2573,0.25
n9710,0.0
n19167,0.05263157894736842
n20276,0.0
n20341,0.05263157894736842
n5025,0.0
n19904,0.0
n18390,0.0
n2172,0.0
n9861,0.17647058823529413
n1709,0.0
n12294,0.1111111111111111
n18002,0.05263157894736842
n17634,0.25
n9882,0.1111111111111111
n16538,0.1111111111111111
n20126,0.1111111111111111
n4484,0.3333333333333333
n522,0.1111111111111111
n19073,0.17647058823529413
n11766,0.05263157894736842
n14934,0.0
n7770,0.0
n7602,0.42857142857142855
n9140,0.05263157894736842
n9933,0.05263157894736842
n3688,0.05263157894736842
n7333,0.1111111111111111
n8762,0.1111111111111111
n20650,0.42857142857142855
n20823,0.0
n15560,0.0
n21255,0.0
n19070,0.1111111111111111
n15541,0.05263157894736842
n14469,0.0
n11350,0.05263157894736842
n12101,0.05263157894736842
n15870,0.1111111111111111
n15958,0.17647058823529413
n20345,0.0
n6378,0.0
n21727,0.1111111111111111
n21668,0.1111111111111111
n17853,0.25
n15028,0.0
n20179,0.1111111111111111
n3596,0.05263157894736842
n21002,0.17647058823529413
n2104,0.25
n22736,0.05263157894736842
n19053,0.05263157894736842
n17688,0.0
n6615,0.05263157894736842
n2769,0.0
n6488,0.05263157894736842
n17977,0.17647058823529413
n8375,0.25
n14091,0.3333333333333333
n16186,0.3333333333333333
n6727,0.17647058823529413
n13298,0.05263157894736842
n22914,0.0
n579,0.17647058823529413
n6703,0.25
n20268,0.1111111111111111
n2881,0.0
n1490,0.05263157894736842
n9133,0.1111111111111111
n16715,0.05263157894736842
